epoch,lr-AdamW/pg1,lr-AdamW/pg2,step,train_acc,train_loss
,0.0025000000007499986,0.0025000000007499986,49,,
0,,,49,0.078125,4.23266077041626
,0.005051020408658167,0.005051020408658167,99,,
0,,,99,0.046875,4.422781944274902
,0.007602040816566338,0.007602040816566338,149,,
0,,,149,0.0703125,4.2322916984558105
