dataset_id,respondent_id,dimension,n_matched_items,agreement_rate,cohens_kappa
ariadna,R_25GvoK5Ozx4N2sZ,atrakcyjna,15,1.0,1.0
ariadna,R_2ISFnbbJplXDwvu,atrakcyjna,15,1.0,1.0
ariadna,R_2Iyrl6tKrfg18nB,atrakcyjna,15,1.0,1.0
ariadna,R_2dGHCTwsvni3y4T,atrakcyjna,15,1.0,1.0
ariadna,R_2kAkJwDZP3julzk,atrakcyjna,15,1.0,1.0
ariadna,R_2ssLy2x91RR6u3J,atrakcyjna,15,1.0,1.0
ariadna,R_81G9dtBwJid3Vq1,atrakcyjna,15,1.0,1.0
ariadna,R_87AmkPWYNyY4mHL,atrakcyjna,15,1.0,1.0
ariadna,R_8LkCVkiFqE0BzxZ,atrakcyjna,15,1.0,1.0
ariadna,R_8agKU4FYnHcsXBq,atrakcyjna,15,1.0,1.0
ariadna,R_8ikHC479ci2GYxk,atrakcyjna,15,1.0,1.0
ariadna,R_8jZslP9XDD1J3MZ,atrakcyjna,15,1.0,1.0
ariadna,R_8w1FrzycSBGRrX3,atrakcyjna,15,1.0,1.0
ariadna,R_231907Im7bSzsel,atrakcyjna,15,0.9333333333333333,0.8648648648648649
ariadna,R_2Clm8tlgNMOOI5H,atrakcyjna,15,0.9333333333333333,0.8648648648648649
ariadna,R_2CwAzchfujMnt4Z,atrakcyjna,15,0.9333333333333333,0.8648648648648649
ariadna,R_2Ib2phbVXvuD8oa,atrakcyjna,15,0.9333333333333333,0.8672566371681416
ariadna,R_2JLxtlaJlrQZMVU,atrakcyjna,15,0.9333333333333333,0.8571428571428572
ariadna,R_2L2CRjdUZpTtJpD,atrakcyjna,15,0.9333333333333333,0.8648648648648649
ariadna,R_2TBNk4xpBd8OXZU,atrakcyjna,15,0.9333333333333333,0.8648648648648649
ariadna,R_2fjCd78htTfEwhL,atrakcyjna,15,0.9333333333333333,0.8672566371681416
ariadna,R_2fpjSUJHaOEDG7L,atrakcyjna,15,0.9333333333333333,0.8648648648648649
ariadna,R_2ijX1noVpj9v9sC,atrakcyjna,15,0.9333333333333333,0.8148148148148148
ariadna,R_2mEnAH2vd7PWYoi,atrakcyjna,15,0.9333333333333333,0.8148148148148148
ariadna,R_2nq7O9yTEcmtxK3,atrakcyjna,15,0.9333333333333333,0.8648648648648649
ariadna,R_83sF7nJJz9KFo9v,atrakcyjna,15,0.9333333333333333,0.8571428571428572
ariadna,R_86gT3R31cSrufVS,atrakcyjna,15,0.9333333333333333,0.8672566371681416
ariadna,R_8Enz8e9UYRaZWNZ,atrakcyjna,15,0.9333333333333333,0.8648648648648649
ariadna,R_8FLm2MX2vXSY4Q6,atrakcyjna,15,0.9333333333333333,0.8421052631578948
ariadna,R_8MhWqPe0l7nh3vr,atrakcyjna,15,0.9333333333333333,0.8648648648648649
ariadna,R_8OZhdT9gR1AATha,atrakcyjna,15,0.9333333333333333,0.8571428571428572
ariadna,R_8PZdvwQaixVIvr0,atrakcyjna,15,0.9333333333333333,0.8648648648648649
ariadna,R_8S9g8wTY8Xu2gbT,atrakcyjna,15,0.9333333333333333,0.8672566371681416
ariadna,R_8TAHblm7aCJiKNt,atrakcyjna,15,0.9333333333333333,0.8571428571428572
ariadna,R_8VdXQ0yQ5BgYJm8,atrakcyjna,15,0.9333333333333333,0.8648648648648649
ariadna,R_8YyQpgHMP02xim1,atrakcyjna,15,0.9333333333333333,0.8571428571428572
ariadna,R_8ijJSjFOKq2cwAJ,atrakcyjna,15,0.9333333333333333,0.8571428571428572
ariadna,R_8mxQ3e67h20ncHj,atrakcyjna,15,0.9333333333333333,0.8571428571428572
ariadna,R_8pFs7VcVRRuij7g,atrakcyjna,15,0.9333333333333333,0.8648648648648649
ariadna,R_8r38t7o2xpGXkff,atrakcyjna,15,0.9333333333333333,0.8571428571428572
ariadna,R_8xA1OTHBT9zMr5v,atrakcyjna,15,0.9333333333333333,0.8421052631578948
ariadna,R_21YLZF1qqGDdgJo,atrakcyjna,15,0.8666666666666667,0.7058823529411765
ariadna,R_21upZwdFOCzQX5V,atrakcyjna,15,0.8666666666666667,0.7222222222222223
ariadna,R_25AxwwGd2m5hlaO,atrakcyjna,15,0.8666666666666667,0.7058823529411765
ariadna,R_29P7Blkn1kaIP5f,atrakcyjna,15,0.8666666666666667,0.7272727272727274
ariadna,R_2By4q6ScwtEtppD,atrakcyjna,15,0.8666666666666667,0.7272727272727274
ariadna,R_2CKp6092B4ZKBJK,atrakcyjna,15,0.8666666666666667,0.736842105263158
ariadna,R_2DOWhBdhPK2TIBh,atrakcyjna,15,0.8666666666666667,0.736842105263158
ariadna,R_2FxmpRnuFGwflho,atrakcyjna,15,0.8666666666666667,0.7272727272727274
ariadna,R_2LpXIoUWgOcR0bS,atrakcyjna,15,0.8666666666666667,0.7222222222222223
ariadna,R_2MtlqmTvJZLvUFI,atrakcyjna,15,0.8666666666666667,0.7058823529411765
ariadna,R_2NCI3NxHH0e5O1B,atrakcyjna,15,0.8666666666666667,0.7272727272727274
ariadna,R_2PbKr1p5AgkDL4F,atrakcyjna,15,0.8666666666666667,0.7321428571428572
ariadna,R_2V4QglgMTXrTKb6,atrakcyjna,15,0.8666666666666667,0.7321428571428572
ariadna,R_2VjlaZUsW6k8Ysp,atrakcyjna,15,0.8666666666666667,0.7058823529411765
ariadna,R_2jUEVsQzUmMR1hq,atrakcyjna,15,0.8666666666666667,0.7272727272727274
ariadna,R_2nI58rr8inLbpr5,atrakcyjna,15,0.8666666666666667,0.6590909090909093
ariadna,R_2rjHLQBVSPMCXFY,atrakcyjna,15,0.8666666666666667,0.736842105263158
ariadna,R_2tv9eyE5oPDjbmp,atrakcyjna,15,0.8666666666666667,0.7222222222222223
ariadna,R_87BGHnKyrw5Cwdb,atrakcyjna,15,0.8666666666666667,0.7321428571428572
ariadna,R_8Cm2KGgqfamDfnw,atrakcyjna,15,0.8666666666666667,0.7058823529411765
ariadna,R_8RUrxCahcA4bgGO,atrakcyjna,15,0.8666666666666667,0.736842105263158
ariadna,R_8c2shxJgVLo30fb,atrakcyjna,15,0.8666666666666667,0.7222222222222223
ariadna,R_8fCqxTFS4edFdfO,atrakcyjna,15,0.8666666666666667,0.7272727272727274
ariadna,R_8iyFsXVAxhb9J8w,atrakcyjna,15,0.8666666666666667,0.6590909090909091
ariadna,R_8odKkshXB3EHE7U,atrakcyjna,15,0.8666666666666667,0.7321428571428572
ariadna,R_8rBpkSnHpqJ943M,atrakcyjna,15,0.8666666666666667,0.7272727272727274
ariadna,R_8rSBrxWj9PfjBpY,atrakcyjna,15,0.8666666666666667,0.7222222222222223
ariadna,R_8rUSAMvxWJVadho,atrakcyjna,15,0.8666666666666667,0.5945945945945947
ariadna,R_8rZfLqMOeAS1YPT,atrakcyjna,15,0.8666666666666667,0.7000000000000001
ariadna,R_8sdde1wmKvJ88gA,atrakcyjna,15,0.8666666666666667,0.7272727272727274
ariadna,R_8w0n4io5KLpzxsu,atrakcyjna,15,0.8666666666666667,0.7321428571428572
ariadna,R_8xQKr2WKx0phJsS,atrakcyjna,15,0.8666666666666667,0.7272727272727274
ariadna,R_25FNci8Q7TkS7Dk,atrakcyjna,15,0.8,0.6153846153846155
ariadna,R_2Hh9GjKeOBBuRTf,atrakcyjna,15,0.8,0.5945945945945946
ariadna,R_2M0Asp2pVc0yblR,atrakcyjna,15,0.8,0.6017699115044248
ariadna,R_2QAI9b1jPkC6WhJ,atrakcyjna,15,0.8,0.5263157894736844
ariadna,R_2S6WvaH7SI84Nbf,atrakcyjna,15,0.8,0.6153846153846155
ariadna,R_2SvQl09LFwTeqLS,atrakcyjna,15,0.8,0.5714285714285715
ariadna,R_2WAK71y2sWza7sd,atrakcyjna,15,0.8,0.6086956521739131
ariadna,R_2k7h3RcjsdFHXI3,atrakcyjna,15,0.8,0.44444444444444453
ariadna,R_2nsZ5hEjqmMiXwR,atrakcyjna,15,0.8,0.6017699115044248
ariadna,R_2pEyYW8dqH38cMu,atrakcyjna,15,0.8,0.6017699115044248
ariadna,R_2sXCbHuP0HCiN7H,atrakcyjna,15,0.8,0.6017699115044248
ariadna,R_80BfyBZiacNaI8N,atrakcyjna,15,0.8,0.5945945945945946
ariadna,R_8CC5WVGfynbPwAm,atrakcyjna,15,0.8,0.6017699115044248
ariadna,R_8DO3lKQ7kMwjmaR,atrakcyjna,15,0.8,0.5714285714285715
ariadna,R_8EF82QyPKeoUeaZ,atrakcyjna,15,0.8,0.6017699115044248
ariadna,R_8EGdRQ82vym1ggH,atrakcyjna,15,0.8,0.6017699115044248
ariadna,R_8F3BSHWfeTili5S,atrakcyjna,15,0.8,0.6017699115044248
ariadna,R_8Jv7J4j76RhrIGt,atrakcyjna,15,0.8,0.6086956521739131
ariadna,R_8KwpBu6DdJ9vqAh,atrakcyjna,15,0.8,0.6017699115044248
ariadna,R_8LkDrR75iGNYKkh,atrakcyjna,15,0.8,0.5871559633027524
ariadna,R_8MuyCkIZ5SObgqZ,atrakcyjna,15,0.8,0.6017699115044248
ariadna,R_8Oo9Zqbzl8gDVDI,atrakcyjna,15,0.8,0.5945945945945946
ariadna,R_8PobAiBYSdrkLw9,atrakcyjna,15,0.8,0.5714285714285715
ariadna,R_8PqAj1tO8RBuLxn,atrakcyjna,15,0.8,0.5714285714285715
ariadna,R_8RkexwDDNrUEPbd,atrakcyjna,15,0.8,0.6086956521739131
ariadna,R_8SLfXvjF5Y2Kkud,atrakcyjna,15,0.8,0.5263157894736844
ariadna,R_8VpVgwjI7LkTg6E,atrakcyjna,15,0.8,0.6153846153846155
ariadna,R_8alPcVVlJZ6IePD,atrakcyjna,15,0.8,0.6153846153846155
ariadna,R_8dRZwcdFSQo8enB,atrakcyjna,15,0.8,0.5945945945945946
ariadna,R_8eLzCT5JC4uaI7R,atrakcyjna,15,0.8,0.5263157894736844
ariadna,R_8gkf2mcuqITru4H,atrakcyjna,15,0.8,0.5714285714285715
ariadna,R_8kdkzmk5Sq5iue9,atrakcyjna,15,0.8,0.6153846153846155
ariadna,R_8n1R6qO1ZYkwPXy,atrakcyjna,15,0.8,0.5945945945945946
ariadna,R_8r8RlUASyYrLlgB,atrakcyjna,15,0.8,0.5945945945945946
ariadna,R_8sb9TECn1tp8tQP,atrakcyjna,15,0.8,0.5945945945945946
ariadna,R_8xnPehpUOtpDRDj,atrakcyjna,15,0.8,0.6086956521739131
ariadna,R_8zCuaLKF21t8WFU,atrakcyjna,15,0.8,0.6086956521739131
ariadna,R_20iVlFCj9df7Atw,atrakcyjna,15,0.7333333333333333,0.4736842105263157
ariadna,R_2Eb8Z9UAcKGLjRc,atrakcyjna,15,0.7333333333333333,0.4642857142857142
ariadna,R_2Fn6U8vTkNkpm7V,atrakcyjna,15,0.7333333333333333,0.4444444444444443
ariadna,R_2Wevv9T0rlkrKlX,atrakcyjna,15,0.7333333333333333,0.39999999999999986
ariadna,R_2YyLVXyD1z1wcN8,atrakcyjna,15,0.7333333333333333,0.4736842105263157
ariadna,R_2pmWuDDl3KAbSur,atrakcyjna,15,0.7333333333333333,0.39999999999999986
ariadna,R_2qI1aUFh1aMuwLR,atrakcyjna,15,0.7333333333333333,0.4642857142857142
ariadna,R_2rPVx263hAfpqZW,atrakcyjna,15,0.7333333333333333,0.4642857142857142
ariadna,R_2vZiIFhb6IPh1hj,atrakcyjna,15,0.7333333333333333,0.4642857142857142
ariadna,R_8FDMccCtKSliyxO,atrakcyjna,15,0.7333333333333333,0.4736842105263157
ariadna,R_8KVgtTINi6aWZiN,atrakcyjna,15,0.7333333333333333,0.4444444444444443
ariadna,R_8ZE68YJAPlMLxla,atrakcyjna,15,0.7333333333333333,0.4642857142857142
ariadna,R_8fjTCXyXD3NT5XO,atrakcyjna,15,0.7333333333333333,0.4999999999999999
ariadna,R_8fveuXSsOxEktJC,atrakcyjna,15,0.7333333333333333,0.4642857142857142
ariadna,R_8w1CEfVl7WPiePa,atrakcyjna,15,0.7333333333333333,0.4736842105263157
ariadna,R_8wLlFl976grgOME,atrakcyjna,15,0.7333333333333333,0.4444444444444443
ariadna,R_8wLxJSBvo2oC8AT,atrakcyjna,15,0.7333333333333333,0.4999999999999999
ariadna,R_8xSwW3DCAgayLpT,atrakcyjna,15,0.7333333333333333,0.4736842105263157
ariadna,R_21tTtfR2FOP38g3,atrakcyjna,15,0.6666666666666666,0.3119266055045871
ariadna,R_2dvYpDNLCcPwiHL,atrakcyjna,15,0.6666666666666666,0.33628318584070793
ariadna,R_2lBFhZm7yPF7lSN,atrakcyjna,15,0.6666666666666666,0.33628318584070793
ariadna,R_2soVXZbllNqNHnk,atrakcyjna,15,0.6666666666666666,0.3243243243243242
ariadna,R_8KqbBavY8AWla13,atrakcyjna,15,0.6666666666666666,0.21052631578947348
ariadna,R_8Q6Cc6J0tLhizyo,atrakcyjna,15,0.6666666666666666,0.3243243243243242
ariadna,R_8hHkKOeNkLqCoJX,atrakcyjna,15,0.6666666666666666,0.3119266055045871
ariadna,R_2Wx7O9gEyANgOyj,atrakcyjna,15,0.6,0.1666666666666666
ariadna,R_82PhpuPmmvJpxNh,atrakcyjna,15,0.6,0.18181818181818185
ariadna,R_85iH6jkmSn04NlT,atrakcyjna,15,0.6,0.24999999999999994
ariadna,R_8CBZ5eZOCF2Geuk,atrakcyjna,15,0.6,0.2105263157894737
ariadna,R_8FIFhbShJ93dwWL,atrakcyjna,15,0.6,0.2105263157894737
ariadna,R_8RgPydMmCpnqouA,atrakcyjna,15,0.6,0.2105263157894737
ariadna,R_8fJ2dAzAzh2Fgi7,atrakcyjna,15,0.6,0.19642857142857137
ariadna,R_8iqY92O3nPpZIT4,atrakcyjna,15,0.6,0.2105263157894737
ariadna,R_8uW1UMLxvrgu5w4,atrakcyjna,15,0.6,0.2105263157894737
ariadna,R_2FPzl7KWKWfBnOD,atrakcyjna,15,0.5333333333333333,0.10256410256410257
ariadna,R_2kzv6by5DC6skjo,atrakcyjna,15,0.5333333333333333,0.0
ariadna,R_8MlJAvR3Y2lb66S,atrakcyjna,15,0.5333333333333333,0.08695652173913035
ariadna,R_8PctlEihl9W8O2F,atrakcyjna,15,0.5333333333333333,0.10256410256410257
ariadna,R_8fdOWU5K1xkGS9t,atrakcyjna,15,0.5333333333333333,0.05405405405405396
ariadna,R_8jB7asjQ2OyjGpj,atrakcyjna,15,0.5333333333333333,0.05405405405405396
ariadna,R_8riGEUf426Wemx6,atrakcyjna,15,0.5333333333333333,0.03669724770642203
ariadna,R_2R55zrOHn2DDJ2F,atrakcyjna,15,0.4666666666666667,0.0
ariadna,R_2V1qolmxiFqZ0Ad,atrakcyjna,15,0.4666666666666667,-0.11111111111111113
ariadna,R_2ePbpFpH0NZeKUH,atrakcyjna,15,0.4666666666666667,-0.052631578947368314
ariadna,R_2kOkLUv7RofClCz,atrakcyjna,15,0.4666666666666667,-0.11111111111111113
ariadna,R_2uCyawYLBzaXpoR,atrakcyjna,15,0.4666666666666667,-0.07142857142857144
ariadna,R_834tyFVgHXcMDjQ,atrakcyjna,15,0.4666666666666667,-0.11111111111111113
ariadna,R_8WZC8HzuMFszseR,atrakcyjna,15,0.4666666666666667,-0.052631578947368314
ariadna,R_2ruHIXSt8emF7Gb,atrakcyjna,15,0.4,-0.21621621621621628
ariadna,R_8IzsZxw75crKlFn,atrakcyjna,15,0.4,-0.21621621621621628
ariadna,R_8yEcl73X47TDK49,atrakcyjna,15,0.4,-0.15384615384615377
ariadna,R_2LaQWS8kfhthIFb,atrakcyjna,15,0.26666666666666666,-0.4347826086956523
ariadna,R_8DSHPbOSrpBtMxj,atrakcyjna,15,0.26666666666666666,-0.4601769911504424
ariadna,R_8PtGzYKIVIP2Pui,atrakcyjna,15,0.26666666666666666,-0.4347826086956523
ariadna,R_8oFgkHJQZrBqP1D,atrakcyjna,15,0.26666666666666666,-0.4864864864864866
ariadna,R_2gj9MGtWhvZzXmd,atrakcyjna,15,0.13333333333333333,-0.5599999999999999
ariadna,R_21H9KAxX71qdX4N,azjatycka,15,1.0,1.0
ariadna,R_22PnxIdsghkJxBX,azjatycka,15,1.0,1.0
ariadna,R_25D2DplmLP7bwLT,azjatycka,15,1.0,1.0
ariadna,R_2DOWhBdhPK2TIBh,azjatycka,15,1.0,1.0
ariadna,R_2E7ira11RPRoW8p,azjatycka,15,1.0,1.0
ariadna,R_2FFmDUCIm4hy2Cx,azjatycka,15,1.0,1.0
ariadna,R_2L2CRjdUZpTtJpD,azjatycka,15,1.0,1.0
ariadna,R_2Vax2pbhZSQvFVv,azjatycka,15,1.0,1.0
ariadna,R_2ewxdwv6fC9ivJj,azjatycka,15,1.0,1.0
ariadna,R_2flLwTb43iToB98,azjatycka,15,1.0,1.0
ariadna,R_2jNR3xtkKGpQQ1e,azjatycka,15,1.0,1.0
ariadna,R_2vPhXINftN6rlgR,azjatycka,15,1.0,1.0
ariadna,R_81dB8ZMEYP0HQvC,azjatycka,15,1.0,1.0
ariadna,R_82wUg41yTwfgFA5,azjatycka,15,1.0,1.0
ariadna,R_86hWFIUx8gOoPq2,azjatycka,15,1.0,1.0
ariadna,R_87I0wnxMcNYVgkH,azjatycka,15,1.0,1.0
ariadna,R_8GWwig4QwhuCbSx,azjatycka,15,1.0,1.0
ariadna,R_8MljqrCk3AkCgYI,azjatycka,15,1.0,1.0
ariadna,R_8RUrxCahcA4bgGO,azjatycka,15,1.0,1.0
ariadna,R_8eOtAIE9jnq2K1A,azjatycka,15,1.0,1.0
ariadna,R_8ikHC479ci2GYxk,azjatycka,15,1.0,1.0
ariadna,R_8myAFa7ntNpRECp,azjatycka,15,1.0,1.0
ariadna,R_8nYKlVyt343ZX8u,azjatycka,15,1.0,1.0
ariadna,R_8uhdrGInbJNz1sJ,azjatycka,15,1.0,1.0
ariadna,R_8w0n4io5KLpzxsu,azjatycka,15,1.0,1.0
ariadna,R_8xspd0tVDfHgh33,azjatycka,15,1.0,1.0
ariadna,R_8zjYvDnn7k5ra8B,azjatycka,15,1.0,1.0
ariadna,R_21GWJRj3tD5hYr9,azjatycka,15,0.9333333333333333,0.8571428571428572
ariadna,R_24oCjcGb34HV0ev,azjatycka,15,0.9333333333333333,0.8672566371681416
ariadna,R_2CKp6092B4ZKBJK,azjatycka,15,0.9333333333333333,0.8571428571428572
ariadna,R_2CfRgxI921moSgZ,azjatycka,15,0.9333333333333333,0.8571428571428572
ariadna,R_2Cg9HKD22wyL7T9,azjatycka,15,0.9333333333333333,0.8672566371681416
ariadna,R_2DQTyOhOkQMQIoN,azjatycka,15,0.9333333333333333,0.8648648648648649
ariadna,R_2DRdKEXYsxKPOUh,azjatycka,15,0.9333333333333333,0.8421052631578948
ariadna,R_2EEnEPrBj9i7fR1,azjatycka,15,0.9333333333333333,0.8571428571428572
ariadna,R_2EiWEwnmrayqHNT,azjatycka,15,0.9333333333333333,0.8648648648648649
ariadna,R_2Hdgb6pzO6Ik3cx,azjatycka,15,0.9333333333333333,0.8672566371681416
ariadna,R_2Hh9GjKeOBBuRTf,azjatycka,15,0.9333333333333333,0.8648648648648649
ariadna,R_2N3aXNKsXHsjpdW,azjatycka,15,0.9333333333333333,0.8421052631578948
ariadna,R_2PbKr1p5AgkDL4F,azjatycka,15,0.9333333333333333,0.8421052631578948
ariadna,R_2PsLaTtDD7l3HRW,azjatycka,15,0.9333333333333333,0.8672566371681416
ariadna,R_2kmMbMNO09tT2MV,azjatycka,15,0.9333333333333333,0.8571428571428572
ariadna,R_2qOsSATZ9GYVzax,azjatycka,15,0.9333333333333333,0.8648648648648649
ariadna,R_2qrJlYjr6jshh4v,azjatycka,15,0.9333333333333333,0.8672566371681416
ariadna,R_2sSjjK5lUeNzvin,azjatycka,15,0.9333333333333333,0.8648648648648649
ariadna,R_814QvpUVbQL92Kr,azjatycka,15,0.9333333333333333,0.8672566371681416
ariadna,R_83mz5PxONQbuCWV,azjatycka,15,0.9333333333333333,0.8571428571428572
ariadna,R_8771fLXevrRAHTW,azjatycka,15,0.9333333333333333,0.8571428571428572
ariadna,R_8EDqYt8Q30iPdFD,azjatycka,15,0.9333333333333333,0.8648648648648649
ariadna,R_8QorvfcN2D98eRN,azjatycka,15,0.9333333333333333,0.8148148148148149
ariadna,R_8TDK60OeA2Z9aFP,azjatycka,15,0.9333333333333333,0.8648648648648649
ariadna,R_8llDwiQ3tztdq3E,azjatycka,15,0.9333333333333333,0.8672566371681416
ariadna,R_8oh7dZeLr4iTht3,azjatycka,15,0.9333333333333333,0.8571428571428572
ariadna,R_22G3ZBu4W2ayxbc,azjatycka,15,0.8666666666666667,0.7222222222222223
ariadna,R_282K0iuLfskF2Zb,azjatycka,15,0.8666666666666667,0.7000000000000001
ariadna,R_2Cvc4mJjm8oWvKd,azjatycka,15,0.8666666666666667,0.6590909090909093
ariadna,R_2D27rty0mIAPfKQ,azjatycka,15,0.8666666666666667,0.423076923076923
ariadna,R_2HnohLM0F2w5Ov1,azjatycka,15,0.8666666666666667,0.736842105263158
ariadna,R_2Ib2phbVXvuD8oa,azjatycka,15,0.8666666666666667,0.7321428571428572
ariadna,R_2MT2TaqhK8Vxr8d,azjatycka,15,0.8666666666666667,0.7272727272727274
ariadna,R_2PceCk00yJmUAA0,azjatycka,15,0.8666666666666667,0.736842105263158
ariadna,R_2QAI9b1jPkC6WhJ,azjatycka,15,0.8666666666666667,0.7272727272727274
ariadna,R_2U91Z3wGky9s0p8,azjatycka,15,0.8666666666666667,0.7222222222222223
ariadna,R_2c1QYtOt96NSgrG,azjatycka,15,0.8666666666666667,0.7058823529411765
ariadna,R_2jUEVsQzUmMR1hq,azjatycka,15,0.8666666666666667,0.736842105263158
ariadna,R_2kvF05FTbgsDaaR,azjatycka,15,0.8666666666666667,0.7222222222222223
ariadna,R_2lBFhZm7yPF7lSN,azjatycka,15,0.8666666666666667,0.6590909090909091
ariadna,R_2lX5ApM7AurxNBG,azjatycka,15,0.8666666666666667,0.7321428571428572
ariadna,R_2nvj3FAb3B9DnL2,azjatycka,15,0.8666666666666667,0.7222222222222223
ariadna,R_2pKpmRhQ43fwxem,azjatycka,15,0.8666666666666667,0.7000000000000001
ariadna,R_2t9j4NJBVpdBAvT,azjatycka,15,0.8666666666666667,0.7222222222222223
ariadna,R_2zMYaocw6xIBBm1,azjatycka,15,0.8666666666666667,0.736842105263158
ariadna,R_80ofDbpCCwv6Ilt,azjatycka,15,0.8666666666666667,0.7321428571428572
ariadna,R_823FhCiNX8bISdx,azjatycka,15,0.8666666666666667,0.7321428571428572
ariadna,R_834tyFVgHXcMDjQ,azjatycka,15,0.8666666666666667,0.7222222222222223
ariadna,R_895j3yH6K4zwZRo,azjatycka,15,0.8666666666666667,0.7321428571428572
ariadna,R_8FWFOgbpobiAeaB,azjatycka,15,0.8666666666666667,0.7222222222222223
ariadna,R_8Jm9AsrOs9sHT3b,azjatycka,15,0.8666666666666667,0.736842105263158
ariadna,R_8MbR47CmsNFswkG,azjatycka,15,0.8666666666666667,0.7000000000000001
ariadna,R_8PdjHK0N2RWSIFZ,azjatycka,15,0.8666666666666667,0.7272727272727274
ariadna,R_8Q3oL4SqZ9hNHt3,azjatycka,15,0.8666666666666667,0.7058823529411765
ariadna,R_8gOr8gS1SyzgxTe,azjatycka,15,0.8666666666666667,0.7222222222222223
ariadna,R_8h5E38xkRFMOCCR,azjatycka,15,0.8666666666666667,0.7272727272727274
ariadna,R_8hHfTmY2x5Vki8h,azjatycka,15,0.8666666666666667,0.7321428571428572
ariadna,R_8pFs7VcVRRuij7g,azjatycka,15,0.8666666666666667,0.7272727272727274
ariadna,R_8v8EZpiU29XJm81,azjatycka,15,0.8666666666666667,0.7000000000000001
ariadna,R_8w1CEfVl7WPiePa,azjatycka,15,0.8666666666666667,0.736842105263158
ariadna,R_8wigV6Wu6IKKt8l,azjatycka,15,0.8666666666666667,0.7222222222222223
ariadna,R_8zCvD5RYN820gIt,azjatycka,15,0.8666666666666667,0.7321428571428572
ariadna,R_2CvpoMpS2eJbHOY,azjatycka,15,0.8,0.5454545454545455
ariadna,R_2Eb4DpTmONcaSzq,azjatycka,15,0.8,0.5945945945945946
ariadna,R_2Hn9HoTFI3YZ9Tz,azjatycka,15,0.8,0.44444444444444436
ariadna,R_2QPZs1jokmPq8bD,azjatycka,15,0.8,0.6017699115044248
ariadna,R_2TDtIroKKt9q3AJ,azjatycka,15,0.8,0.6086956521739131
ariadna,R_2phDbmH4Il1bmbG,azjatycka,15,0.8,0.5945945945945946
ariadna,R_2y1RITt66YhKnXv,azjatycka,15,0.8,0.6153846153846155
ariadna,R_88IeILmtO4k9Gga,azjatycka,15,0.8,0.5945945945945946
ariadna,R_89ncWP9zEhl069c,azjatycka,15,0.8,0.5714285714285715
ariadna,R_8CC5WVGfynbPwAm,azjatycka,15,0.8,0.5263157894736843
ariadna,R_8EuTor8BefeZAUs,azjatycka,15,0.8,0.6017699115044248
ariadna,R_8Iaxfx60x22BImL,azjatycka,15,0.8,0.6017699115044248
ariadna,R_8OZhdT9gR1AATha,azjatycka,15,0.8,0.6086956521739131
ariadna,R_8YUI8u1RxuQgHK1,azjatycka,15,0.8,0.5714285714285715
ariadna,R_8qUKJQBKxpy0TN8,azjatycka,15,0.8,0.6017699115044248
ariadna,R_8wvhr7EUYh61sr1,azjatycka,15,0.8,0.5714285714285715
ariadna,R_25MXqMsPYaezVdW,azjatycka,15,0.7333333333333333,0.4736842105263157
ariadna,R_2BhpMgi9i9VN3Ve,azjatycka,15,0.7333333333333333,0.4736842105263157
ariadna,R_2Hum0GmcTqPkKzH,azjatycka,15,0.7333333333333333,0.4736842105263157
ariadna,R_2TphhY5YNOWWXMy,azjatycka,15,0.7333333333333333,0.4736842105263157
ariadna,R_2VjlaZUsW6k8Ysp,azjatycka,15,0.7333333333333333,0.4736842105263157
ariadna,R_2ckhP1DzEer43W5,azjatycka,15,0.7333333333333333,0.4999999999999999
ariadna,R_2hACoS1eW7Lp0Dz,azjatycka,15,0.7333333333333333,0.4642857142857142
ariadna,R_2m3OA3ucYBvKZIY,azjatycka,15,0.7333333333333333,0.41176470588235287
ariadna,R_7EJ5snHwgr8q8cV,azjatycka,15,0.7333333333333333,0.4642857142857142
ariadna,R_845XGBZ4NnTcDLg,azjatycka,15,0.7333333333333333,0.4642857142857142
ariadna,R_87p3ysRHQE49hwY,azjatycka,15,0.7333333333333333,0.4736842105263157
ariadna,R_8MXPZwKuUWVULDz,azjatycka,15,0.7333333333333333,0.4444444444444443
ariadna,R_8Ph7PDa56eltpP7,azjatycka,15,0.7333333333333333,0.4642857142857142
ariadna,R_8Shme1geL6acWTn,azjatycka,15,0.7333333333333333,0.4444444444444443
ariadna,R_8e95hjn9NmWthyc,azjatycka,15,0.7333333333333333,0.4642857142857142
ariadna,R_8ez8mi49216S3HB,azjatycka,15,0.7333333333333333,0.4827586206896551
ariadna,R_8fB99V9IbpDoERz,azjatycka,15,0.7333333333333333,0.41176470588235287
ariadna,R_8rCYhoNDEYBu8CZ,azjatycka,15,0.7333333333333333,0.4545454545454545
ariadna,R_21tTtfR2FOP38g3,azjatycka,15,0.6666666666666666,0.28571428571428564
ariadna,R_2GczN9xvrjCjfZT,azjatycka,15,0.6666666666666666,0.3243243243243242
ariadna,R_2kM8o8H7PmigCta,azjatycka,15,0.6666666666666666,0.33628318584070793
ariadna,R_2ruHIXSt8emF7Gb,azjatycka,15,0.6666666666666666,0.3478260869565216
ariadna,R_86gT3R31cSrufVS,azjatycka,15,0.6666666666666666,0.3243243243243242
ariadna,R_8PtGzYKIVIP2Pui,azjatycka,15,0.6666666666666666,0.3478260869565216
ariadna,R_8ea6bKdHN7y51sR,azjatycka,15,0.6666666666666666,0.3119266055045871
ariadna,R_2ZEvrqyjmJtaV3g,azjatycka,15,0.6,0.19642857142857137
ariadna,R_2etBDmEgBjxj5eW,azjatycka,15,0.6,0.18181818181818185
ariadna,R_2fTCuXjy8cwIckk,azjatycka,15,0.6,0.19642857142857137
ariadna,R_2sTOqlPF7QygHY2,azjatycka,15,0.6,0.1666666666666666
ariadna,R_2zGV4atFCh2fyuZ,azjatycka,15,0.6,0.2105263157894737
ariadna,R_8IfIvXLkxIjwxSU,azjatycka,15,0.6,0.19642857142857137
ariadna,R_8Q6Cc6J0tLhizyo,azjatycka,15,0.6,0.1666666666666666
ariadna,R_8QFfbGCFxRVxivc,azjatycka,15,0.6,0.2105263157894737
ariadna,R_8mFiyMpg1oZOJ1v,azjatycka,15,0.6,0.19642857142857137
ariadna,R_8r2oko68tk17oVQ,azjatycka,15,0.6,0.18181818181818185
ariadna,R_2ePbpFpH0NZeKUH,azjatycka,15,0.5333333333333333,0.03669724770642203
ariadna,R_8LpWZYOvXqrJcOA,azjatycka,15,0.5333333333333333,0.07079646017699116
ariadna,R_8q6xoxTsUB5QJwd,azjatycka,15,0.5333333333333333,0.14634146341463408
ariadna,R_2erwV41EhxJCmdv,azjatycka,15,0.4666666666666667,-0.0909090909090908
ariadna,R_8DSHPbOSrpBtMxj,azjatycka,15,0.4666666666666667,-0.11111111111111113
ariadna,R_23sRVpHGK3XXo0V,azjatycka,15,0.4,-0.15384615384615377
ariadna,R_2fJociv6MPVVco5,azjatycka,15,0.4,-0.15384615384615377
ariadna,R_2ipikmXINNSovKN,azjatycka,15,0.4,-0.21621621621621628
ariadna,R_8ISGYKvrHyBYT17,azjatycka,15,0.4,-0.21621621621621628
ariadna,R_8Ke7ZlprfboeHiX,azjatycka,15,0.4,-0.17391304347826092
ariadna,R_8mOUdylVSTbyL02,azjatycka,15,0.4,-0.19469026548672558
ariadna,R_2phUyW8bfmqUby8,azjatycka,15,0.26666666666666666,-0.4864864864864866
ariadna,R_8HFDYREGZmVjGcY,azjatycka,15,0.26666666666666666,-0.41025641025641024
ariadna,R_2xKwgaJXKhZllqE,azjatycka,15,0.2,-0.5789473684210524
ariadna,R_24G7jZADw7sEWTT,biała (kolor skóry),15,1.0,1.0
ariadna,R_25Cf7mnMrsGBRgB,biała (kolor skóry),15,1.0,1.0
ariadna,R_2DQTyOhOkQMQIoN,biała (kolor skóry),15,1.0,1.0
ariadna,R_2DRdKEXYsxKPOUh,biała (kolor skóry),15,1.0,1.0
ariadna,R_2DTuFkhG8DHqKHX,biała (kolor skóry),15,1.0,1.0
ariadna,R_2MT2TaqhK8Vxr8d,biała (kolor skóry),15,1.0,1.0
ariadna,R_2NkrvfJOMLmKFvu,biała (kolor skóry),15,1.0,1.0
ariadna,R_2PceCk00yJmUAA0,biała (kolor skóry),15,1.0,1.0
ariadna,R_2Vax2pbhZSQvFVv,biała (kolor skóry),15,1.0,1.0
ariadna,R_2Yzas2zZtHlSkCi,biała (kolor skóry),15,1.0,1.0
ariadna,R_2flLwTb43iToB98,biała (kolor skóry),15,1.0,1.0
ariadna,R_2gT8W8YxN3fCyAK,biała (kolor skóry),15,1.0,1.0
ariadna,R_2jPP0nL8PH4RmX5,biała (kolor skóry),15,1.0,1.0
ariadna,R_2o6hmXc7QQyExVP,biała (kolor skóry),15,1.0,1.0
ariadna,R_82KYLB4TJOFvhi0,biała (kolor skóry),15,1.0,1.0
ariadna,R_87s4mdotpEkJ4iD,biała (kolor skóry),15,1.0,1.0
ariadna,R_8CkrqmUAqpzY6F2,biała (kolor skóry),15,1.0,1.0
ariadna,R_8LkDrR75iGNYKkh,biała (kolor skóry),15,1.0,1.0
ariadna,R_8eWJyqD7Eqgpu2y,biała (kolor skóry),15,1.0,1.0
ariadna,R_8pVUNqD6EIoozqY,biała (kolor skóry),15,1.0,1.0
ariadna,R_8qRCqKr3HBxe1yh,biała (kolor skóry),15,1.0,1.0
ariadna,R_8w6W4Gq3ST1QADl,biała (kolor skóry),15,1.0,1.0
ariadna,R_20iVlFCj9df7Atw,biała (kolor skóry),15,0.9333333333333333,0.8648648648648649
ariadna,R_2AMUxfWlH5828EG,biała (kolor skóry),15,0.9333333333333333,0.8648648648648649
ariadna,R_2Bx2KjbfakyOdMu,biała (kolor skóry),15,0.9333333333333333,0.8648648648648649
ariadna,R_2CHfcRkm2pQ2QFv,biała (kolor skóry),15,0.9333333333333333,0.8672566371681416
ariadna,R_2CfRgxI921moSgZ,biała (kolor skóry),15,0.9333333333333333,0.8148148148148149
ariadna,R_2Q5hH6ySOuNxAjF,biała (kolor skóry),15,0.9333333333333333,0.8571428571428572
ariadna,R_2S6WvaH7SI84Nbf,biała (kolor skóry),15,0.9333333333333333,0.8672566371681416
ariadna,R_2VOSOHlZftg4AbT,biała (kolor skóry),15,0.9333333333333333,0.8571428571428572
ariadna,R_2VjlaZUsW6k8Ysp,biała (kolor skóry),15,0.9333333333333333,0.8421052631578948
ariadna,R_2X4gOahRLKRolMU,biała (kolor skóry),15,0.9333333333333333,0.8571428571428572
ariadna,R_2YyLVXyD1z1wcN8,biała (kolor skóry),15,0.9333333333333333,0.8421052631578948
ariadna,R_2cZfD3hM3X1CZJO,biała (kolor skóry),15,0.9333333333333333,0.8672566371681416
ariadna,R_2pKpmRhQ43fwxem,biała (kolor skóry),15,0.9333333333333333,0.8571428571428572
ariadna,R_2vZiIFhb6IPh1hj,biała (kolor skóry),15,0.9333333333333333,0.8148148148148149
ariadna,R_2zMYaocw6xIBBm1,biała (kolor skóry),15,0.9333333333333333,0.8148148148148149
ariadna,R_2zvWWfgYdqDuiDH,biała (kolor skóry),15,0.9333333333333333,0.8672566371681416
ariadna,R_83sF7nJJz9KFo9v,biała (kolor skóry),15,0.9333333333333333,0.8648648648648649
ariadna,R_85KnTZqRKEkmBxX,biała (kolor skóry),15,0.9333333333333333,0.8672566371681416
ariadna,R_87wdw99jDKVgxXP,biała (kolor skóry),15,0.9333333333333333,0.8648648648648649
ariadna,R_8FLm2MX2vXSY4Q6,biała (kolor skóry),15,0.9333333333333333,0.8571428571428572
ariadna,R_8FWFOgbpobiAeaB,biała (kolor skóry),15,0.9333333333333333,0.8571428571428572
ariadna,R_8L4rga37MZmYn7z,biała (kolor skóry),15,0.9333333333333333,0.8648648648648649
ariadna,R_8OZhdT9gR1AATha,biała (kolor skóry),15,0.9333333333333333,0.8571428571428572
ariadna,R_8dH6Ii0uFwGDrUI,biała (kolor skóry),15,0.9333333333333333,0.8648648648648649
ariadna,R_8fDGvJQ0f1Moslf,biała (kolor skóry),15,0.9333333333333333,0.8672566371681416
ariadna,R_8fdQBbf0TGsb7l1,biała (kolor skóry),15,0.9333333333333333,0.8648648648648649
ariadna,R_8iVYOJmCdNTb6sb,biała (kolor skóry),15,0.9333333333333333,0.8672566371681416
ariadna,R_8jVxyUMbP1yS1Ep,biała (kolor skóry),15,0.9333333333333333,0.8672566371681416
ariadna,R_8jpwxPUikDRsWYi,biała (kolor skóry),15,0.9333333333333333,0.8421052631578948
ariadna,R_8r8RlUASyYrLlgB,biała (kolor skóry),15,0.9333333333333333,0.8421052631578948
ariadna,R_8rUSAMvxWJVadho,biała (kolor skóry),15,0.9333333333333333,0.8421052631578948
ariadna,R_8wjlDfOoemwws3o,biała (kolor skóry),15,0.9333333333333333,0.8648648648648649
ariadna,R_8zjYvDnn7k5ra8B,biała (kolor skóry),15,0.9333333333333333,0.8672566371681416
ariadna,R_2DGVzDbIHoAb87J,biała (kolor skóry),15,0.8666666666666667,0.7000000000000001
ariadna,R_2EiWEwnmrayqHNT,biała (kolor skóry),15,0.8666666666666667,0.736842105263158
ariadna,R_2GGreX92TQa6SgF,biała (kolor skóry),15,0.8666666666666667,0.7321428571428572
ariadna,R_2NhuyFRIOcrpwMz,biała (kolor skóry),15,0.8666666666666667,0.7000000000000001
ariadna,R_2dvYpDNLCcPwiHL,biała (kolor skóry),15,0.8666666666666667,0.7272727272727274
ariadna,R_2e2E57PFELnN8nq,biała (kolor skóry),15,0.8666666666666667,0.736842105263158
ariadna,R_2fjCd78htTfEwhL,biała (kolor skóry),15,0.8666666666666667,0.7222222222222223
ariadna,R_2lHnojP1QqkhsOd,biała (kolor skóry),15,0.8666666666666667,0.7058823529411765
ariadna,R_2tm3SkV6gFLZKJp,biała (kolor skóry),15,0.8666666666666667,0.736842105263158
ariadna,R_833r29rInHWjEh5,biała (kolor skóry),15,0.8666666666666667,0.736842105263158
ariadna,R_84vmsZnZawMIajQ,biała (kolor skóry),15,0.8666666666666667,0.7058823529411765
ariadna,R_87jz4mJUxvdx2i5,biała (kolor skóry),15,0.8666666666666667,0.736842105263158
ariadna,R_8CdPkn3DyC1kzPG,biała (kolor skóry),15,0.8666666666666667,0.7321428571428572
ariadna,R_8GJmVrXnmN5mpec,biała (kolor skóry),15,0.8666666666666667,0.7321428571428572
ariadna,R_8IYPStyRNYkHe8l,biała (kolor skóry),15,0.8666666666666667,0.7321428571428572
ariadna,R_8Ke7ZlprfboeHiX,biała (kolor skóry),15,0.8666666666666667,0.736842105263158
ariadna,R_8Kxt9oGe9PZcPqF,biała (kolor skóry),15,0.8666666666666667,0.7272727272727274
ariadna,R_8MfmYoCkiaW0BNI,biała (kolor skóry),15,0.8666666666666667,0.7000000000000001
ariadna,R_8NxnqIeKl7hG4CJ,biała (kolor skóry),15,0.8666666666666667,0.7058823529411765
ariadna,R_8dthz0jCpCa1mCI,biała (kolor skóry),15,0.8666666666666667,0.7058823529411765
ariadna,R_8fYLHfmd1Jwp0Y1,biała (kolor skóry),15,0.8666666666666667,0.7272727272727274
ariadna,R_8g1Pz5LEyjO9avu,biała (kolor skóry),15,0.8666666666666667,0.6590909090909091
ariadna,R_8gOr8gS1SyzgxTe,biała (kolor skóry),15,0.8666666666666667,0.7222222222222223
ariadna,R_8iyFsXVAxhb9J8w,biała (kolor skóry),15,0.8666666666666667,0.7000000000000001
ariadna,R_8jZslP9XDD1J3MZ,biała (kolor skóry),15,0.8666666666666667,0.6666666666666667
ariadna,R_8kps8OY6o5IEoXl,biała (kolor skóry),15,0.8666666666666667,0.6590909090909093
ariadna,R_8qUKJQBKxpy0TN8,biała (kolor skóry),15,0.8666666666666667,0.7272727272727274
ariadna,R_8sdde1wmKvJ88gA,biała (kolor skóry),15,0.8666666666666667,0.6666666666666666
ariadna,R_8uxgO0V5l9TugPL,biała (kolor skóry),15,0.8666666666666667,0.7321428571428572
ariadna,R_21xfCJa28kBdVdv,biała (kolor skóry),15,0.8,0.6017699115044248
ariadna,R_2D8fUKQncCb5PPw,biała (kolor skóry),15,0.8,0.5871559633027524
ariadna,R_2HtMGWZugWsBtob,biała (kolor skóry),15,0.8,0.5263157894736843
ariadna,R_2LBUYOmUI8QDCwl,biała (kolor skóry),15,0.8,0.5945945945945946
ariadna,R_2Mne9CihMHmgysK,biała (kolor skóry),15,0.8,0.6086956521739131
ariadna,R_2QFx9z6Oi2Db2WP,biała (kolor skóry),15,0.8,0.5945945945945946
ariadna,R_2QPZs1jokmPq8bD,biała (kolor skóry),15,0.8,0.5263157894736844
ariadna,R_2ZEvrqyjmJtaV3g,biała (kolor skóry),15,0.8,0.5714285714285715
ariadna,R_2cAUjbihI6J6C21,biała (kolor skóry),15,0.8,0.6153846153846155
ariadna,R_2nI58rr8inLbpr5,biała (kolor skóry),15,0.8,0.6086956521739131
ariadna,R_2t9j4NJBVpdBAvT,biała (kolor skóry),15,0.8,0.6017699115044248
ariadna,R_2uvzoqA6wBhXw22,biała (kolor skóry),15,0.8,0.5871559633027524
ariadna,R_2vw3OAymRZrI7PH,biała (kolor skóry),15,0.8,0.5945945945945946
ariadna,R_82fGGCbLWXwntWF,biała (kolor skóry),15,0.8,0.6017699115044248
ariadna,R_83mz5PxONQbuCWV,biała (kolor skóry),15,0.8,0.6153846153846155
ariadna,R_87AmkPWYNyY4mHL,biała (kolor skóry),15,0.8,0.5945945945945946
ariadna,R_89JnDnlLqBHlnZ7,biała (kolor skóry),15,0.8,0.5871559633027524
ariadna,R_8EpdhQIeaDdesGI,biała (kolor skóry),15,0.8,0.5945945945945946
ariadna,R_8FLOqny1rfo6047,biała (kolor skóry),15,0.8,0.5945945945945946
ariadna,R_8PphYrCsc225G90,biała (kolor skóry),15,0.8,0.6153846153846155
ariadna,R_8SHUk4BYdyEOrmV,biała (kolor skóry),15,0.8,0.5945945945945946
ariadna,R_8VYVIYXfWSAOllT,biała (kolor skóry),15,0.8,0.6017699115044248
ariadna,R_8X8WJbF7vcwLxfz,biała (kolor skóry),15,0.8,0.6017699115044248
ariadna,R_8c7TugTGeIWRIPW,biała (kolor skóry),15,0.8,0.5945945945945946
ariadna,R_8e95hjn9NmWthyc,biała (kolor skóry),15,0.8,0.6086956521739131
ariadna,R_8mLD85mHGrfw3FB,biała (kolor skóry),15,0.8,0.5263157894736843
ariadna,R_8qeyNCm56Ax1Umc,biała (kolor skóry),15,0.8,0.6017699115044248
ariadna,R_8uW1UMLxvrgu5w4,biała (kolor skóry),15,0.8,0.5945945945945946
ariadna,R_8xQKr2WKx0phJsS,biała (kolor skóry),15,0.8,0.5263157894736843
ariadna,R_8yDFQA7GhjuI0pz,biała (kolor skóry),15,0.8,0.5945945945945946
ariadna,R_8zPubelR6b9fuP7,biała (kolor skóry),15,0.8,0.6086956521739131
ariadna,R_2JLxtlaJlrQZMVU,biała (kolor skóry),15,0.7333333333333333,0.4827586206896551
ariadna,R_2PC5raYVg883awG,biała (kolor skóry),15,0.7333333333333333,0.4444444444444443
ariadna,R_2TGhmqN6HunKQgo,biała (kolor skóry),15,0.7333333333333333,0.39999999999999986
ariadna,R_2ezpItm4xzF3l5o,biała (kolor skóry),15,0.7333333333333333,0.4642857142857142
ariadna,R_2vq0oPAbABHzfod,biała (kolor skóry),15,0.7333333333333333,0.4444444444444443
ariadna,R_82tOX0CeKJVccNK,biała (kolor skóry),15,0.7333333333333333,0.41176470588235287
ariadna,R_85iH6jkmSn04NlT,biała (kolor skóry),15,0.7333333333333333,0.4545454545454545
ariadna,R_862X653kl28Ov7K,biała (kolor skóry),15,0.7333333333333333,0.4444444444444443
ariadna,R_8RUrxCahcA4bgGO,biała (kolor skóry),15,0.7333333333333333,0.4642857142857142
ariadna,R_8Shme1geL6acWTn,biała (kolor skóry),15,0.7333333333333333,0.4999999999999999
ariadna,R_8im1SoTLO9KYzBL,biała (kolor skóry),15,0.7333333333333333,0.4444444444444443
ariadna,R_2DcHS2dDysQHojL,biała (kolor skóry),15,0.6666666666666666,0.3119266055045871
ariadna,R_2HGQ9MBORLc71ZL,biała (kolor skóry),15,0.6666666666666666,0.33628318584070793
ariadna,R_2Sjn4FKTH05fOff,biała (kolor skóry),15,0.6666666666666666,0.28571428571428564
ariadna,R_2jP6CrTY7a1DYx6,biała (kolor skóry),15,0.6666666666666666,0.3589743589743589
ariadna,R_2pCqA1NBSv3X5oR,biała (kolor skóry),15,0.6666666666666666,0.33628318584070793
ariadna,R_2qI1aUFh1aMuwLR,biała (kolor skóry),15,0.6666666666666666,0.3902439024390243
ariadna,R_2ssLy2x91RR6u3J,biała (kolor skóry),15,0.6666666666666666,0.21052631578947348
ariadna,R_81v2FRdkcM2Nt8T,biała (kolor skóry),15,0.6666666666666666,0.3589743589743589
ariadna,R_89ncWP9zEhl069c,biała (kolor skóry),15,0.6666666666666666,0.33628318584070793
ariadna,R_8GE5C350gpDVW51,biała (kolor skóry),15,0.6666666666666666,0.3902439024390243
ariadna,R_8WG7Qv8D4vvbgmt,biała (kolor skóry),15,0.6666666666666666,0.28571428571428564
ariadna,R_8kSsFyvMokEcSVL,biała (kolor skóry),15,0.6666666666666666,0.24242424242424224
ariadna,R_8xk2UIf7wrNTZh7,biała (kolor skóry),15,0.6666666666666666,0.3589743589743589
ariadna,R_8yjb76PJhAwcRwy,biała (kolor skóry),15,0.6666666666666666,0.3589743589743589
ariadna,R_2D0kRu03DxRb6wH,biała (kolor skóry),15,0.6,0.1666666666666666
ariadna,R_2LjaJpTrc3Jttq8,biała (kolor skóry),15,0.6,0.2105263157894737
ariadna,R_2Pq7jlsiWHjcOp2,biała (kolor skóry),15,0.6,0.3076923076923076
ariadna,R_80rczTJTjafQVJp,biała (kolor skóry),15,0.6,0.1666666666666666
ariadna,R_8irdO1eEpfzrvqh,biała (kolor skóry),15,0.6,0.24999999999999994
ariadna,R_2hZjDO9iwMh64eW,biała (kolor skóry),15,0.5333333333333333,0.10256410256410257
ariadna,R_8HFDYREGZmVjGcY,biała (kolor skóry),15,0.5333333333333333,0.03669724770642203
ariadna,R_2wc2eUj0wYAOAjI,biała (kolor skóry),15,0.4666666666666667,0.04761904761904753
ariadna,R_89BfoEdwSJA9ndT,biała (kolor skóry),15,0.4666666666666667,-0.0909090909090908
ariadna,R_8DeAgVVZ6jkzFW6,biała (kolor skóry),15,0.4666666666666667,-0.07142857142857144
ariadna,R_8ISGYKvrHyBYT17,biała (kolor skóry),15,0.4666666666666667,-0.052631578947368314
ariadna,R_8r2oko68tk17oVQ,biała (kolor skóry),15,0.4666666666666667,-0.03448275862068966
ariadna,R_2l0VTJKAWtjFGO5,biała (kolor skóry),15,0.4,-0.09756097560975613
ariadna,R_22G3ZBu4W2ayxbc,czarnoskóra,15,1.0,1.0
ariadna,R_2EEnEPrBj9i7fR1,czarnoskóra,15,1.0,1.0
ariadna,R_2F3TDdj93HANidc,czarnoskóra,15,1.0,1.0
ariadna,R_2TBNk4xpBd8OXZU,czarnoskóra,15,1.0,1.0
ariadna,R_2gT8W8YxN3fCyAK,czarnoskóra,15,1.0,1.0
ariadna,R_2saXs6ZkrLSlcOT,czarnoskóra,15,1.0,1.0
ariadna,R_2ssLy2x91RR6u3J,czarnoskóra,15,1.0,1.0
ariadna,R_2zvWWfgYdqDuiDH,czarnoskóra,15,1.0,1.0
ariadna,R_8DOW7NIfbpoeJYX,czarnoskóra,15,1.0,1.0
ariadna,R_8Enz8e9UYRaZWNZ,czarnoskóra,15,1.0,1.0
ariadna,R_8LZ8WR32Lr3QIcn,czarnoskóra,15,1.0,1.0
ariadna,R_8P2a7NCt9Fi8p5O,czarnoskóra,15,1.0,1.0
ariadna,R_8VI8HVRe9Dgh9Yd,czarnoskóra,15,1.0,1.0
ariadna,R_8ZbdU1KlqiQFCSJ,czarnoskóra,15,1.0,1.0
ariadna,R_8esHzwYlfIg4fX5,czarnoskóra,15,1.0,1.0
ariadna,R_8mJieiCaFAwp11z,czarnoskóra,15,1.0,1.0
ariadna,R_8w6W4Gq3ST1QADl,czarnoskóra,15,1.0,1.0
ariadna,R_8yEcl73X47TDK49,czarnoskóra,15,1.0,1.0
ariadna,R_21GWJRj3tD5hYr9,czarnoskóra,15,0.9333333333333333,0.8648648648648649
ariadna,R_2Eb8Z9UAcKGLjRc,czarnoskóra,15,0.9333333333333333,0.8571428571428572
ariadna,R_2Fn5egUosJ2i7RM,czarnoskóra,15,0.9333333333333333,0.8571428571428572
ariadna,R_2N3aXNKsXHsjpdW,czarnoskóra,15,0.9333333333333333,0.8672566371681416
ariadna,R_2Q5hH6ySOuNxAjF,czarnoskóra,15,0.9333333333333333,0.8648648648648649
ariadna,R_2VOSOHlZftg4AbT,czarnoskóra,15,0.9333333333333333,0.8571428571428572
ariadna,R_2dbQCFUBqqzWaBe,czarnoskóra,15,0.9333333333333333,0.8672566371681416
ariadna,R_2hXwszcOMftm2aJ,czarnoskóra,15,0.9333333333333333,0.8648648648648649
ariadna,R_2lX591Dp8ENrmky,czarnoskóra,15,0.9333333333333333,0.8648648648648649
ariadna,R_2phDbmH4Il1bmbG,czarnoskóra,15,0.9333333333333333,0.8648648648648649
ariadna,R_2s5qfpYGM5IMQhO,czarnoskóra,15,0.9333333333333333,0.8648648648648649
ariadna,R_2uTCQCsxmaubebq,czarnoskóra,15,0.9333333333333333,0.8421052631578948
ariadna,R_2vPhXINftN6rlgR,czarnoskóra,15,0.9333333333333333,0.8648648648648649
ariadna,R_81G9dtBwJid3Vq1,czarnoskóra,15,0.9333333333333333,0.8421052631578948
ariadna,R_81zsYozhNEDtruH,czarnoskóra,15,0.9333333333333333,0.8571428571428572
ariadna,R_82PhpuPmmvJpxNh,czarnoskóra,15,0.9333333333333333,0.8672566371681416
ariadna,R_85iH6jkmSn04NlT,czarnoskóra,15,0.9333333333333333,0.8648648648648649
ariadna,R_8EF82QyPKeoUeaZ,czarnoskóra,15,0.9333333333333333,0.8571428571428572
ariadna,R_8EMFmcqGFOQqtGj,czarnoskóra,15,0.9333333333333333,0.8648648648648649
ariadna,R_8PdjHK0N2RWSIFZ,czarnoskóra,15,0.9333333333333333,0.8648648648648649
ariadna,R_8R3bcRxfOhyMNb3,czarnoskóra,15,0.9333333333333333,0.8421052631578948
ariadna,R_8RrzP7zKrZNARAb,czarnoskóra,15,0.9333333333333333,0.8421052631578948
ariadna,R_8WZC8HzuMFszseR,czarnoskóra,15,0.9333333333333333,0.8648648648648649
ariadna,R_8ZIBNuHXgliKSd3,czarnoskóra,15,0.9333333333333333,0.8571428571428572
ariadna,R_8ebyEeOS1CXpjEy,czarnoskóra,15,0.9333333333333333,0.8648648648648649
ariadna,R_8hHkKOeNkLqCoJX,czarnoskóra,15,0.9333333333333333,0.8672566371681416
ariadna,R_8llDwiQ3tztdq3E,czarnoskóra,15,0.9333333333333333,0.8571428571428572
ariadna,R_8myAFa7ntNpRECp,czarnoskóra,15,0.9333333333333333,0.8672566371681416
ariadna,R_8r8RlUASyYrLlgB,czarnoskóra,15,0.9333333333333333,0.8648648648648649
ariadna,R_8sdQdXDjpVMtJLj,czarnoskóra,15,0.9333333333333333,0.8672566371681416
ariadna,R_8w1FrzycSBGRrX3,czarnoskóra,15,0.9333333333333333,0.8571428571428572
ariadna,R_8w4wVy8jEewu6ST,czarnoskóra,15,0.9333333333333333,0.8648648648648649
ariadna,R_20GtnZKM4g0Cdvb,czarnoskóra,15,0.8666666666666667,0.6590909090909091
ariadna,R_23UF2O6MHqq8fdz,czarnoskóra,15,0.8666666666666667,0.6666666666666666
ariadna,R_2Clm8tlgNMOOI5H,czarnoskóra,15,0.8666666666666667,0.7058823529411765
ariadna,R_2EckFrJKdcd1r2T,czarnoskóra,15,0.8666666666666667,0.736842105263158
ariadna,R_2F3HpPY60bo9CFP,czarnoskóra,15,0.8666666666666667,0.736842105263158
ariadna,R_2LaQWS8kfhthIFb,czarnoskóra,15,0.8666666666666667,0.7272727272727274
ariadna,R_2X4gOahRLKRolMU,czarnoskóra,15,0.8666666666666667,0.7222222222222223
ariadna,R_2cpeHlSTWFcASMi,czarnoskóra,15,0.8666666666666667,0.7321428571428572
ariadna,R_2cvaPbevpm1CHd6,czarnoskóra,15,0.8666666666666667,0.7058823529411765
ariadna,R_2efUop61K1fhGkO,czarnoskóra,15,0.8666666666666667,0.7321428571428572
ariadna,R_2ezpItm4xzF3l5o,czarnoskóra,15,0.8666666666666667,0.7321428571428572
ariadna,R_2hnCF8m3SqPbGSZ,czarnoskóra,15,0.8666666666666667,0.736842105263158
ariadna,R_2qvWZgN5vaW1DCF,czarnoskóra,15,0.8666666666666667,0.7222222222222223
ariadna,R_2wtuy3BlTvHnlVn,czarnoskóra,15,0.8666666666666667,0.6666666666666667
ariadna,R_2y1RITt66YhKnXv,czarnoskóra,15,0.8666666666666667,0.736842105263158
ariadna,R_80ofDbpCCwv6Ilt,czarnoskóra,15,0.8666666666666667,0.7272727272727274
ariadna,R_82tOX0CeKJVccNK,czarnoskóra,15,0.8666666666666667,0.7222222222222223
ariadna,R_86wrRidcVwF6ffj,czarnoskóra,15,0.8666666666666667,0.736842105263158
ariadna,R_87k7EF8rGz4tx8B,czarnoskóra,15,0.8666666666666667,0.7321428571428572
ariadna,R_8I5L0SYJdMQ0kMa,czarnoskóra,15,0.8666666666666667,0.7058823529411765
ariadna,R_8ISrYcfBApPJhC7,czarnoskóra,15,0.8666666666666667,0.736842105263158
ariadna,R_8KpwwqfJlSz0Idc,czarnoskóra,15,0.8666666666666667,0.736842105263158
ariadna,R_8KqbBavY8AWla13,czarnoskóra,15,0.8666666666666667,0.7321428571428572
ariadna,R_8SHUk4BYdyEOrmV,czarnoskóra,15,0.8666666666666667,0.7222222222222223
ariadna,R_8XiCFPziWqPdHwt,czarnoskóra,15,0.8666666666666667,0.7000000000000001
ariadna,R_8YPRiuMgb4cON8M,czarnoskóra,15,0.8666666666666667,0.7222222222222223
ariadna,R_8f8hrycYIAUrXPz,czarnoskóra,15,0.8666666666666667,0.736842105263158
ariadna,R_8kCgov55mQ47F6o,czarnoskóra,15,0.8666666666666667,0.736842105263158
ariadna,R_8lEysZdfxLUkaLQ,czarnoskóra,15,0.8666666666666667,0.7272727272727274
ariadna,R_8ptmOvsPG4iuVgq,czarnoskóra,15,0.8666666666666667,0.7272727272727274
ariadna,R_8v5CZYWPhsNM0fv,czarnoskóra,15,0.8666666666666667,0.7272727272727274
ariadna,R_2aXmtIgbUN3e5C5,czarnoskóra,15,0.8,0.5945945945945946
ariadna,R_2hZjDO9iwMh64eW,czarnoskóra,15,0.8,0.5945945945945946
ariadna,R_2ipikmXINNSovKN,czarnoskóra,15,0.8,0.5945945945945946
ariadna,R_2jNR3xtkKGpQQ1e,czarnoskóra,15,0.8,0.5871559633027524
ariadna,R_85KnTZqRKEkmBxX,czarnoskóra,15,0.8,0.6017699115044248
ariadna,R_8JF2syYe5s2r6iq,czarnoskóra,15,0.8,0.5945945945945946
ariadna,R_8Jv7J4j76RhrIGt,czarnoskóra,15,0.8,0.5945945945945946
ariadna,R_8M6d2Fz5lo6lI0A,czarnoskóra,15,0.8,0.5871559633027524
ariadna,R_8Q3oL4SqZ9hNHt3,czarnoskóra,15,0.8,0.6017699115044248
ariadna,R_8QFfbGCFxRVxivc,czarnoskóra,15,0.8,0.5945945945945946
ariadna,R_8iVYOJmCdNTb6sb,czarnoskóra,15,0.8,0.5945945945945946
ariadna,R_8w0n4io5KLpzxsu,czarnoskóra,15,0.8,0.5945945945945946
ariadna,R_8w1CEfVl7WPiePa,czarnoskóra,15,0.8,0.5945945945945946
ariadna,R_8xCXGsujKCqig7a,czarnoskóra,15,0.8,0.5714285714285715
ariadna,R_8zPubelR6b9fuP7,czarnoskóra,15,0.8,0.6017699115044248
ariadna,R_21cC7G3yleurDwd,czarnoskóra,15,0.7333333333333333,0.4999999999999999
ariadna,R_21upZwdFOCzQX5V,czarnoskóra,15,0.7333333333333333,0.4736842105263157
ariadna,R_2Bx2KjbfakyOdMu,czarnoskóra,15,0.7333333333333333,0.3181818181818178
ariadna,R_2gj82wyeU8tKiji,czarnoskóra,15,0.7333333333333333,0.4736842105263157
ariadna,R_2jJl9dvzQXrbsI1,czarnoskóra,15,0.7333333333333333,0.4444444444444443
ariadna,R_2qvLBECjUENCcAS,czarnoskóra,15,0.7333333333333333,0.4545454545454545
ariadna,R_81G7PjzN5YwoGoP,czarnoskóra,15,0.7333333333333333,0.4642857142857142
ariadna,R_81dB8ZMEYP0HQvC,czarnoskóra,15,0.7333333333333333,0.4736842105263157
ariadna,R_89ncWP9zEhl069c,czarnoskóra,15,0.7333333333333333,0.4999999999999999
ariadna,R_8e5jFvhVAFiHnDB,czarnoskóra,15,0.7333333333333333,0.4545454545454545
ariadna,R_8im1SoTLO9KYzBL,czarnoskóra,15,0.7333333333333333,0.4545454545454545
ariadna,R_8irdO1eEpfzrvqh,czarnoskóra,15,0.7333333333333333,0.4827586206896551
ariadna,R_21tTtfR2FOP38g3,czarnoskóra,15,0.6666666666666666,0.29906542056074753
ariadna,R_24X0M64rFhDRyUh,czarnoskóra,15,0.6666666666666666,0.28571428571428564
ariadna,R_26TzBcLPvyTr5Zv,czarnoskóra,15,0.6666666666666666,0.33628318584070793
ariadna,R_2CldILNmxIPE9Q1,czarnoskóra,15,0.6666666666666666,0.3243243243243242
ariadna,R_2PhYtI6fedSSZ0D,czarnoskóra,15,0.6666666666666666,0.33628318584070793
ariadna,R_2QKVZBZk5Elqz9J,czarnoskóra,15,0.6666666666666666,0.3589743589743589
ariadna,R_2QoerUXtqAt92Pb,czarnoskóra,15,0.6666666666666666,0.33628318584070793
ariadna,R_2TphhY5YNOWWXMy,czarnoskóra,15,0.6666666666666666,0.3243243243243242
ariadna,R_2dGHCTwsvni3y4T,czarnoskóra,15,0.6666666666666666,0.28571428571428564
ariadna,R_2dvYpDNLCcPwiHL,czarnoskóra,15,0.6666666666666666,0.3243243243243242
ariadna,R_2hACoS1eW7Lp0Dz,czarnoskóra,15,0.6666666666666666,0.3478260869565216
ariadna,R_8Kw2qpFAfGjipEg,czarnoskóra,15,0.6666666666666666,0.3589743589743589
ariadna,R_8igsQWMjOVLKGMg,czarnoskóra,15,0.6666666666666666,0.29906542056074753
ariadna,R_8odKkshXB3EHE7U,czarnoskóra,15,0.6666666666666666,0.3243243243243242
ariadna,R_8suDbh28Bm0BOMx,czarnoskóra,15,0.6666666666666666,0.3478260869565216
ariadna,R_2CwAzchfujMnt4Z,czarnoskóra,15,0.6,0.11764705882352942
ariadna,R_2D8fUKQncCb5PPw,czarnoskóra,15,0.6,0.19642857142857137
ariadna,R_2PsLaTtDD7l3HRW,czarnoskóra,15,0.6,-0.022727272727273165
ariadna,R_2uHsLGAKB9Uc37B,czarnoskóra,15,0.6,0.1666666666666666
ariadna,R_8Ph7PDa56eltpP7,czarnoskóra,15,0.6,0.19642857142857137
ariadna,R_8VBG8PRj09cQNu9,czarnoskóra,15,0.6,0.11764705882352942
ariadna,R_8YLNPXAya7YfUwv,czarnoskóra,15,0.6,0.2105263157894737
ariadna,R_8fB99V9IbpDoERz,czarnoskóra,15,0.6,0.18181818181818185
ariadna,R_8wLxJSBvo2oC8AT,czarnoskóra,15,0.6,0.0999999999999999
ariadna,R_8wbt3SO9u3yolSF,czarnoskóra,15,0.6,0.2105263157894737
ariadna,R_21Es8HcZMvd0Mwy,czarnoskóra,15,0.5333333333333333,0.08695652173913035
ariadna,R_8fJ2dAzAzh2Fgi7,czarnoskóra,15,0.5333333333333333,0.08695652173913035
ariadna,R_8jB7asjQ2OyjGpj,czarnoskóra,15,0.5333333333333333,0.018691588785046617
ariadna,R_8k4xHbetOXTViBb,czarnoskóra,15,0.5333333333333333,0.07079646017699116
ariadna,R_8mxQ3e67h20ncHj,czarnoskóra,15,0.5333333333333333,0.07079646017699116
ariadna,R_8qvEAOFlXTyK99s,czarnoskóra,15,0.5333333333333333,0.08695652173913035
ariadna,R_8wLlFl976grgOME,czarnoskóra,15,0.5333333333333333,0.14634146341463408
ariadna,R_22bS1hdVCT3tZtL,czarnoskóra,15,0.4666666666666667,-0.0909090909090908
ariadna,R_25MXqMsPYaezVdW,czarnoskóra,15,0.4666666666666667,0.0
ariadna,R_297Q1mlfATLxXgZ,czarnoskóra,15,0.4666666666666667,-0.07142857142857144
ariadna,R_2JftHXX9h8xiDUP,czarnoskóra,15,0.4666666666666667,-0.0909090909090908
ariadna,R_2i24Tt1tYHZLp73,czarnoskóra,15,0.4666666666666667,-0.07142857142857144
ariadna,R_84vmsZnZawMIajQ,czarnoskóra,15,0.4666666666666667,-0.07142857142857144
ariadna,R_85Umy7HfHTapCw1,czarnoskóra,15,0.4666666666666667,-0.07142857142857144
ariadna,R_89JnDnlLqBHlnZ7,czarnoskóra,15,0.4666666666666667,-0.11111111111111113
ariadna,R_8F3BSHWfeTili5S,czarnoskóra,15,0.4666666666666667,-0.052631578947368314
ariadna,R_8ISGYKvrHyBYT17,czarnoskóra,15,0.4666666666666667,-0.0909090909090908
ariadna,R_8KtwVFRCwCDaRup,czarnoskóra,15,0.4666666666666667,0.04761904761904753
ariadna,R_8XaL3ZIPvO00Mun,czarnoskóra,15,0.4666666666666667,-0.11111111111111113
ariadna,R_8eMf52UIskYSbbH,czarnoskóra,15,0.4666666666666667,-0.052631578947368314
ariadna,R_8nOT4riczo94xk2,czarnoskóra,15,0.4666666666666667,-0.07142857142857144
ariadna,R_2FPzl7KWKWfBnOD,czarnoskóra,15,0.4,-0.19469026548672558
ariadna,R_2QEoSl66JtYDDqY,czarnoskóra,15,0.4,-0.17391304347826092
ariadna,R_2YyLVXyD1z1wcN8,czarnoskóra,15,0.4,-0.28571428571428564
ariadna,R_2hyZAb6QRHTcB2i,czarnoskóra,15,0.4,-0.09756097560975613
ariadna,R_87p3ysRHQE49hwY,czarnoskóra,15,0.4,-0.23853211009174305
ariadna,R_8jeE1EaV9w03VFn,czarnoskóra,15,0.4,-0.15384615384615377
ariadna,R_8kuM6JNKQQccOym,czarnoskóra,15,0.4,-0.08000000000000002
ariadna,R_8mLD85mHGrfw3FB,czarnoskóra,15,0.4,-0.19469026548672558
ariadna,R_8rZRp24uG3GI8iS,czarnoskóra,15,0.4,-0.17391304347826092
ariadna,R_23euSBBb7XRLXIW,czarnoskóra,15,0.3333333333333333,-0.31578947368421045
ariadna,R_2E7ira11RPRoW8p,czarnoskóra,15,0.3333333333333333,-0.29310344827586216
ariadna,R_2fTCuXjy8cwIckk,czarnoskóra,15,0.3333333333333333,-0.153846153846154
ariadna,R_2BhpMgi9i9VN3Ve,dominująca,15,1.0,1.0
ariadna,R_2HN7WiQ7BNAZQYd,dominująca,15,1.0,1.0
ariadna,R_2ODiFnDncGSHAjk,dominująca,15,1.0,1.0
ariadna,R_2pKpmRhQ43fwxem,dominująca,15,1.0,1.0
ariadna,R_8F3BSHWfeTili5S,dominująca,15,1.0,1.0
ariadna,R_8w6W4Gq3ST1QADl,dominująca,15,1.0,1.0
ariadna,R_8xspd0tVDfHgh33,dominująca,15,1.0,1.0
ariadna,R_2BpTyYQaavgo8zn,dominująca,15,0.9333333333333333,0.8648648648648649
ariadna,R_2EEnEPrBj9i7fR1,dominująca,15,0.9333333333333333,0.8571428571428572
ariadna,R_2ILOtbO6CMpiHmh,dominująca,15,0.9333333333333333,0.8571428571428572
ariadna,R_2K2hoj5Qy58bN3b,dominująca,15,0.9333333333333333,0.8571428571428572
ariadna,R_2ijX1noVpj9v9sC,dominująca,15,0.9333333333333333,0.8421052631578948
ariadna,R_2lHnojP1QqkhsOd,dominująca,15,0.9333333333333333,0.8648648648648649
ariadna,R_2pyvBJTOKKIvHyx,dominująca,15,0.9333333333333333,0.8648648648648649
ariadna,R_2vRI607HEp5WYQF,dominująca,15,0.9333333333333333,0.8672566371681416
ariadna,R_2zGV4atFCh2fyuZ,dominująca,15,0.9333333333333333,0.8672566371681416
ariadna,R_2zvWWfgYdqDuiDH,dominująca,15,0.9333333333333333,0.8571428571428572
ariadna,R_833r29rInHWjEh5,dominująca,15,0.9333333333333333,0.8672566371681416
ariadna,R_8VfuoOs3YqFeS5z,dominująca,15,0.9333333333333333,0.8148148148148149
ariadna,R_8eOtAIE9jnq2K1A,dominująca,15,0.9333333333333333,0.8571428571428572
ariadna,R_8kCgov55mQ47F6o,dominująca,15,0.9333333333333333,0.8571428571428572
ariadna,R_8pMWcg5z1UY3foX,dominująca,15,0.9333333333333333,0.8648648648648649
ariadna,R_8yL3Tkc8EP97xFD,dominująca,15,0.9333333333333333,0.8672566371681416
ariadna,R_231907Im7bSzsel,dominująca,15,0.8666666666666667,0.7272727272727274
ariadna,R_2EckFrJKdcd1r2T,dominująca,15,0.8666666666666667,0.736842105263158
ariadna,R_2PjsJNa531R55OL,dominująca,15,0.8666666666666667,0.7058823529411765
ariadna,R_2RBA2Rg979vKdrP,dominująca,15,0.8666666666666667,0.7000000000000001
ariadna,R_2RgcjZ4S08SinXr,dominująca,15,0.8666666666666667,0.7000000000000001
ariadna,R_2Xckd1Yw0xKeTgv,dominująca,15,0.8666666666666667,0.736842105263158
ariadna,R_2bWrbgTJPOSw94q,dominująca,15,0.8666666666666667,0.736842105263158
ariadna,R_2lBFhZm7yPF7lSN,dominująca,15,0.8666666666666667,0.7222222222222223
ariadna,R_2uTCQCsxmaubebq,dominująca,15,0.8666666666666667,0.736842105263158
ariadna,R_2xShV9iChqTErG0,dominująca,15,0.8666666666666667,0.7222222222222223
ariadna,R_80rczTJTjafQVJp,dominująca,15,0.8666666666666667,0.7321428571428572
ariadna,R_823FhCiNX8bISdx,dominująca,15,0.8666666666666667,0.7321428571428572
ariadna,R_86DVS5A2myfyHjH,dominująca,15,0.8666666666666667,0.7272727272727274
ariadna,R_8CC5WVGfynbPwAm,dominująca,15,0.8666666666666667,0.7272727272727274
ariadna,R_8DYKZRpflEXoCLC,dominująca,15,0.8666666666666667,0.7272727272727274
ariadna,R_8DeAgVVZ6jkzFW6,dominująca,15,0.8666666666666667,0.7000000000000001
ariadna,R_8M9E9uyEozMnWMC,dominująca,15,0.8666666666666667,0.7272727272727274
ariadna,R_8O1WDRUTrcKv8z2,dominująca,15,0.8666666666666667,0.736842105263158
ariadna,R_8TAHblm7aCJiKNt,dominująca,15,0.8666666666666667,0.7321428571428572
ariadna,R_8X8WJbF7vcwLxfz,dominująca,15,0.8666666666666667,0.736842105263158
ariadna,R_8c2h5u0VglTUM30,dominująca,15,0.8666666666666667,0.7321428571428572
ariadna,R_8rBpkSnHpqJ943M,dominująca,15,0.8666666666666667,0.7272727272727274
ariadna,R_8zHm0PhwcufQ2od,dominująca,15,0.8666666666666667,0.736842105263158
ariadna,R_24G7jZADw7sEWTT,dominująca,15,0.8,0.5945945945945946
ariadna,R_28jqOUm0oN7usbn,dominująca,15,0.8,0.6017699115044248
ariadna,R_2E7ira11RPRoW8p,dominująca,15,0.8,0.5263157894736843
ariadna,R_2SAe82zv0YePNnX,dominująca,15,0.8,0.5714285714285715
ariadna,R_2U91Z3wGky9s0p8,dominująca,15,0.8,0.5454545454545456
ariadna,R_2X4gOahRLKRolMU,dominująca,15,0.8,0.5714285714285715
ariadna,R_2e3fSly7KIm6OpW,dominująca,15,0.8,0.5714285714285715
ariadna,R_2mEnAH2vd7PWYoi,dominująca,15,0.8,0.5871559633027524
ariadna,R_2qX18jH7SICzKq4,dominująca,15,0.8,0.5945945945945946
ariadna,R_2qflo5p3ivXIlSp,dominująca,15,0.8,0.5945945945945946
ariadna,R_7EJ5snHwgr8q8cV,dominująca,15,0.8,0.5714285714285715
ariadna,R_81dvQu40yiK770v,dominująca,15,0.8,0.5945945945945946
ariadna,R_81v2FRdkcM2Nt8T,dominująca,15,0.8,0.2857142857142859
ariadna,R_874icJLJcBqLk5W,dominująca,15,0.8,0.6017699115044248
ariadna,R_87wdw99jDKVgxXP,dominująca,15,0.8,0.6017699115044248
ariadna,R_88UNDrQyDVWM2yD,dominująca,15,0.8,0.5945945945945946
ariadna,R_8EGdRQ82vym1ggH,dominująca,15,0.8,0.5714285714285715
ariadna,R_8GJmVrXnmN5mpec,dominująca,15,0.8,0.6086956521739131
ariadna,R_8Jv7J4j76RhrIGt,dominująca,15,0.8,0.5945945945945946
ariadna,R_8VYVIYXfWSAOllT,dominująca,15,0.8,0.5263157894736843
ariadna,R_8agKU4FYnHcsXBq,dominująca,15,0.8,0.5714285714285715
ariadna,R_8dH6Ii0uFwGDrUI,dominująca,15,0.8,0.5714285714285715
ariadna,R_8f8hrycYIAUrXPz,dominująca,15,0.8,0.6153846153846155
ariadna,R_8hHfTmY2x5Vki8h,dominująca,15,0.8,0.5945945945945946
ariadna,R_8jZdlhaeCPT0USi,dominująca,15,0.8,0.5945945945945946
ariadna,R_8je8IlNeMntSomu,dominująca,15,0.8,0.5714285714285715
ariadna,R_26TzBcLPvyTr5Zv,dominująca,15,0.7333333333333333,0.37499999999999983
ariadna,R_29la0tpiDXrGvXb,dominująca,15,0.7333333333333333,0.4827586206896551
ariadna,R_2CfRgxI921moSgZ,dominująca,15,0.7333333333333333,0.33333333333333304
ariadna,R_2DNEAVsGGfUWSqt,dominująca,15,0.7333333333333333,0.4545454545454545
ariadna,R_2GGreX92TQa6SgF,dominująca,15,0.7333333333333333,0.4444444444444443
ariadna,R_2QEoSl66JtYDDqY,dominująca,15,0.7333333333333333,0.4736842105263157
ariadna,R_2R4rFl6tFq91fFP,dominująca,15,0.7333333333333333,0.4545454545454545
ariadna,R_2dRc5tpSPd6UcIU,dominująca,15,0.7333333333333333,0.39999999999999986
ariadna,R_2ewxdwv6fC9ivJj,dominująca,15,0.7333333333333333,0.4642857142857142
ariadna,R_2gwvcJg8uhJFe1P,dominująca,15,0.7333333333333333,0.4827586206896551
ariadna,R_2m3OA3ucYBvKZIY,dominująca,15,0.7333333333333333,0.4736842105263157
ariadna,R_2t9j4NJBVpdBAvT,dominująca,15,0.7333333333333333,0.4736842105263157
ariadna,R_845XGBZ4NnTcDLg,dominująca,15,0.7333333333333333,0.4736842105263157
ariadna,R_84vmsZnZawMIajQ,dominująca,15,0.7333333333333333,0.4642857142857142
ariadna,R_8DwCiamRz9CIeet,dominująca,15,0.7333333333333333,0.4642857142857142
ariadna,R_8H1RutBdwphgMPW,dominująca,15,0.7333333333333333,0.4545454545454545
ariadna,R_8LOjrv9sQ4B0U27,dominująca,15,0.7333333333333333,0.39999999999999986
ariadna,R_8Oo9Zqbzl8gDVDI,dominująca,15,0.7333333333333333,0.41176470588235287
ariadna,R_8Qyajpmg88XZXEh,dominująca,15,0.7333333333333333,0.4642857142857142
ariadna,R_8SLfXvjF5Y2Kkud,dominująca,15,0.7333333333333333,0.4444444444444443
ariadna,R_8Uc7DZJoRFzEYNj,dominująca,15,0.7333333333333333,0.4444444444444443
ariadna,R_8e3xi7b3YvcNMWA,dominująca,15,0.7333333333333333,0.39999999999999986
ariadna,R_8lyRdre68xb5NK4,dominująca,15,0.7333333333333333,0.4444444444444443
ariadna,R_8pKctA6LTsMYlm9,dominująca,15,0.7333333333333333,0.4444444444444443
ariadna,R_8pVUNqD6EIoozqY,dominująca,15,0.7333333333333333,0.4736842105263157
ariadna,R_8uEsCqTRgphT82G,dominująca,15,0.7333333333333333,0.4444444444444443
ariadna,R_8zC6nlOxCJ1E5TG,dominująca,15,0.7333333333333333,0.4642857142857142
ariadna,R_24X0M64rFhDRyUh,dominująca,15,0.6666666666666666,0.3478260869565216
ariadna,R_2CCw67D4KX5YFnr,dominująca,15,0.6666666666666666,0.3119266055045871
ariadna,R_2DTuFkhG8DHqKHX,dominująca,15,0.6666666666666666,0.3589743589743589
ariadna,R_2HnohLM0F2w5Ov1,dominująca,15,0.6666666666666666,0.3119266055045871
ariadna,R_2V7ASFrGrfpR3Ed,dominująca,15,0.6666666666666666,0.28571428571428564
ariadna,R_2Y1jGKkCBEwqhbP,dominująca,15,0.6666666666666666,0.33628318584070793
ariadna,R_2fjCd78htTfEwhL,dominująca,15,0.6666666666666666,0.11764705882352929
ariadna,R_81G7PjzN5YwoGoP,dominująca,15,0.6666666666666666,0.3243243243243242
ariadna,R_83sF7nJJz9KFo9v,dominująca,15,0.6666666666666666,0.33628318584070793
ariadna,R_86gT3R31cSrufVS,dominująca,15,0.6666666666666666,0.3478260869565216
ariadna,R_8DZaOXvYfwd0HMS,dominująca,15,0.6666666666666666,0.33628318584070793
ariadna,R_8Enz8e9UYRaZWNZ,dominująca,15,0.6666666666666666,0.28571428571428564
ariadna,R_8JjmaOkHQXRWz5L,dominująca,15,0.6666666666666666,0.3589743589743589
ariadna,R_8MhWqPe0l7nh3vr,dominująca,15,0.6666666666666666,0.33628318584070793
ariadna,R_8N9wCCDcOnFw7Od,dominująca,15,0.6666666666666666,0.28571428571428564
ariadna,R_8PjjQeyw6p1p3IR,dominująca,15,0.6666666666666666,0.2105263157894737
ariadna,R_8PphYrCsc225G90,dominująca,15,0.6666666666666666,0.33628318584070793
ariadna,R_8ZbdU1KlqiQFCSJ,dominująca,15,0.6666666666666666,0.33628318584070793
ariadna,R_8h5E38xkRFMOCCR,dominująca,15,0.6666666666666666,0.3243243243243242
ariadna,R_8iPvQtcGoXgbHhO,dominująca,15,0.6666666666666666,0.28571428571428564
ariadna,R_8kdkzmk5Sq5iue9,dominująca,15,0.6666666666666666,0.3243243243243242
ariadna,R_8kuobey26n3rLk5,dominująca,15,0.6666666666666666,0.33628318584070793
ariadna,R_8pOPazTA4b17hfP,dominująca,15,0.6666666666666666,0.3119266055045871
ariadna,R_8qUKJQBKxpy0TN8,dominująca,15,0.6666666666666666,0.3243243243243242
ariadna,R_21Ac0oOLwaIB6mN,dominująca,15,0.6,0.2105263157894737
ariadna,R_265azWuEu2KDFlK,dominująca,15,0.6,0.19642857142857137
ariadna,R_2CU6OarmmoqHd06,dominująca,15,0.6,0.2105263157894737
ariadna,R_2DqmBlPMuNPs0YJ,dominująca,15,0.6,0.2105263157894737
ariadna,R_2F3HpPY60bo9CFP,dominująca,15,0.6,0.19642857142857137
ariadna,R_2KCNIApS3msjNWi,dominująca,15,0.6,0.2105263157894737
ariadna,R_2MtlqmTvJZLvUFI,dominująca,15,0.6,0.19642857142857137
ariadna,R_2PhYtI6fedSSZ0D,dominująca,15,0.6,0.1666666666666666
ariadna,R_2kMnZ86VkebZHqh,dominująca,15,0.6,0.18181818181818185
ariadna,R_2lrUN5u8HzZepq5,dominująca,15,0.6,0.1666666666666666
ariadna,R_2vXVQq6wVANBvPj,dominująca,15,0.6,0.1666666666666666
ariadna,R_8ISrYcfBApPJhC7,dominująca,15,0.6,0.19642857142857137
ariadna,R_8PtGzYKIVIP2Pui,dominująca,15,0.6,-0.022727272727273165
ariadna,R_8XX08pxtxyN7Xyh,dominująca,15,0.6,0.11764705882352942
ariadna,R_8h4GlFMPnAJ2zxx,dominująca,15,0.6,0.24999999999999994
ariadna,R_8kps8OY6o5IEoXl,dominująca,15,0.6,0.19642857142857137
ariadna,R_8nOT4riczo94xk2,dominująca,15,0.6,0.1666666666666666
ariadna,R_2Fn5egUosJ2i7RM,dominująca,15,0.5333333333333333,0.05405405405405396
ariadna,R_2cAUjbihI6J6C21,dominująca,15,0.5333333333333333,0.05405405405405396
ariadna,R_2eL1p44IRJ3His9,dominująca,15,0.5333333333333333,0.10256410256410257
ariadna,R_2eUup0U4t9YhdrS,dominująca,15,0.5333333333333333,0.0
ariadna,R_87p2b8DhQIqjBrT,dominująca,15,0.5333333333333333,0.03669724770642203
ariadna,R_89JnDnlLqBHlnZ7,dominująca,15,0.5333333333333333,0.05405405405405396
ariadna,R_8CdPkn3DyC1kzPG,dominująca,15,0.5333333333333333,0.07079646017699116
ariadna,R_2cpeHlSTWFcASMi,dominująca,15,0.4666666666666667,-0.11111111111111113
ariadna,R_2qvLBECjUENCcAS,dominująca,15,0.4666666666666667,0.0
ariadna,R_2s5qfpYGM5IMQhO,dominująca,15,0.4666666666666667,-0.20000000000000004
ariadna,R_2xKwgaJXKhZllqE,dominująca,15,0.4666666666666667,-0.17647058823529402
ariadna,R_88WPLM9UlgFiQDf,dominująca,15,0.4666666666666667,-0.07142857142857144
ariadna,R_8EM7YIuqubghD8o,dominująca,15,0.4666666666666667,-0.03448275862068966
ariadna,R_8FLOqny1rfo6047,dominująca,15,0.4666666666666667,-0.07142857142857144
ariadna,R_8KqbBavY8AWla13,dominująca,15,0.4666666666666667,-0.17647058823529402
ariadna,R_8LkDrR75iGNYKkh,dominująca,15,0.4666666666666667,-0.052631578947368314
ariadna,R_8MRSb05YJnVO96P,dominująca,15,0.4666666666666667,0.07692307692307684
ariadna,R_8PIgKyy5YTy4KNm,dominująca,15,0.4666666666666667,-0.03448275862068966
ariadna,R_8jeE1EaV9w03VFn,dominująca,15,0.4666666666666667,-0.052631578947368314
ariadna,R_2R2fncMWbgpysxi,dominująca,15,0.4,0.0
ariadna,R_2Wx7O9gEyANgOyj,dominująca,15,0.4,-0.15384615384615377
ariadna,R_2fAT0UuP5vrYV45,dominująca,15,0.4,-0.17391304347826092
ariadna,R_8FDMccCtKSliyxO,dominująca,15,0.4,-0.19469026548672558
ariadna,R_8MfmYoCkiaW0BNI,dominująca,15,0.4,-0.28571428571428564
ariadna,R_8g1Pz5LEyjO9avu,dominująca,15,0.4,-0.17391304347826092
ariadna,R_8kLJd7hMHfpA5TX,dominująca,15,0.4,-0.28571428571428564
ariadna,R_8mOUdylVSTbyL02,dominująca,15,0.4,-0.17391304347826092
ariadna,R_25GH9IyffaOWqOK,dominująca,15,0.3333333333333333,-0.29310344827586216
ariadna,R_2MSvW8xdHIr7M2P,dominująca,15,0.3333333333333333,-0.31578947368421045
ariadna,R_8Uc6gwvbLk3Qhz4,dominująca,15,0.3333333333333333,-0.31578947368421045
ariadna,R_8gnhUN6r6cQydLe,dominująca,15,0.3333333333333333,-0.25000000000000006
ariadna,R_269ybJHzYODjVeN,dominująca,15,0.26666666666666666,-0.4347826086956523
ariadna,R_8ANnMa5W9VQzPA4,dominująca,15,0.26666666666666666,-0.32000000000000006
ariadna,R_8r38t7o2xpGXkff,dominująca,15,0.26666666666666666,-0.5137614678899083
ariadna,R_8lEysZdfxLUkaLQ,dominująca,15,0.13333333333333333,-0.6956521739130437
ariadna,R_2EckFrJKdcd1r2T,godna zaufania,15,1.0,1.0
ariadna,R_2GGreX92TQa6SgF,godna zaufania,15,1.0,1.0
ariadna,R_2OHQCjEESMvxjU8,godna zaufania,15,1.0,1.0
ariadna,R_2TBNk4xpBd8OXZU,godna zaufania,15,1.0,1.0
ariadna,R_2eUup0U4t9YhdrS,godna zaufania,15,1.0,1.0
ariadna,R_80NBCy1QPWIZ8Tf,godna zaufania,15,1.0,1.0
ariadna,R_8D76oOperypgreN,godna zaufania,15,1.0,1.0
ariadna,R_21YYT1vHylDvm3V,godna zaufania,15,0.9333333333333333,0.8148148148148148
ariadna,R_21upZwdFOCzQX5V,godna zaufania,15,0.9333333333333333,0.8571428571428572
ariadna,R_2JftHXX9h8xiDUP,godna zaufania,15,0.9333333333333333,0.8648648648648649
ariadna,R_81v2FRdkcM2Nt8T,godna zaufania,15,0.9333333333333333,0.8148148148148149
ariadna,R_833r29rInHWjEh5,godna zaufania,15,0.9333333333333333,0.8571428571428572
ariadna,R_8EMFmcqGFOQqtGj,godna zaufania,15,0.9333333333333333,0.8648648648648649
ariadna,R_8MXPZwKuUWVULDz,godna zaufania,15,0.9333333333333333,0.8672566371681416
ariadna,R_8Qhd6yFHU9QTlrH,godna zaufania,15,0.9333333333333333,0.8571428571428572
ariadna,R_8SHUk4BYdyEOrmV,godna zaufania,15,0.9333333333333333,0.8672566371681416
ariadna,R_8lyRdre68xb5NK4,godna zaufania,15,0.9333333333333333,0.8571428571428572
ariadna,R_8sdde1wmKvJ88gA,godna zaufania,15,0.9333333333333333,0.8648648648648649
ariadna,R_8zCvD5RYN820gIt,godna zaufania,15,0.9333333333333333,0.8648648648648649
ariadna,R_2BpTyYQaavgo8zn,godna zaufania,15,0.8666666666666667,0.7000000000000001
ariadna,R_2GczN9xvrjCjfZT,godna zaufania,15,0.8666666666666667,0.736842105263158
ariadna,R_2Xckd1Yw0xKeTgv,godna zaufania,15,0.8666666666666667,0.7321428571428572
ariadna,R_2c1QYtOt96NSgrG,godna zaufania,15,0.8666666666666667,0.7321428571428572
ariadna,R_2ewxdwv6fC9ivJj,godna zaufania,15,0.8666666666666667,0.736842105263158
ariadna,R_2p5YYuB1ywtiMU1,godna zaufania,15,0.8666666666666667,0.7222222222222223
ariadna,R_2ymXQptk1ZezyUh,godna zaufania,15,0.8666666666666667,0.7222222222222223
ariadna,R_81Sg3amwKcAw9e0,godna zaufania,15,0.8666666666666667,0.7058823529411765
ariadna,R_88IeILmtO4k9Gga,godna zaufania,15,0.8666666666666667,0.736842105263158
ariadna,R_8GE5C350gpDVW51,godna zaufania,15,0.8666666666666667,0.7321428571428572
ariadna,R_8JlmwhGiDYXz7Q5,godna zaufania,15,0.8666666666666667,0.7272727272727274
ariadna,R_8OZhdT9gR1AATha,godna zaufania,15,0.8666666666666667,0.7058823529411765
ariadna,R_8WZC8HzuMFszseR,godna zaufania,15,0.8666666666666667,0.7272727272727274
ariadna,R_8YQR3hbVlC9BgJ3,godna zaufania,15,0.8666666666666667,0.7272727272727274
ariadna,R_8Ypimg6qBAFDBIZ,godna zaufania,15,0.8666666666666667,0.7272727272727274
ariadna,R_8h5E38xkRFMOCCR,godna zaufania,15,0.8666666666666667,0.7222222222222223
ariadna,R_8kdkzmk5Sq5iue9,godna zaufania,15,0.8666666666666667,0.7321428571428572
ariadna,R_29P7Blkn1kaIP5f,godna zaufania,15,0.8,0.5945945945945946
ariadna,R_2EXNXWFXkp74VGF,godna zaufania,15,0.8,0.6017699115044248
ariadna,R_2EfJ62StpPt9wxE,godna zaufania,15,0.8,0.6153846153846155
ariadna,R_2MRw1iA03TDeelC,godna zaufania,15,0.8,0.5945945945945946
ariadna,R_2Qcg7aVUClouZOh,godna zaufania,15,0.8,0.6017699115044248
ariadna,R_2RBA2Rg979vKdrP,godna zaufania,15,0.8,0.6086956521739131
ariadna,R_2V7ASFrGrfpR3Ed,godna zaufania,15,0.8,0.5714285714285715
ariadna,R_2Y1jGKkCBEwqhbP,godna zaufania,15,0.8,0.6153846153846155
ariadna,R_2qrJlYjr6jshh4v,godna zaufania,15,0.8,0.6017699115044248
ariadna,R_2qyXF7T1Kg2L8tz,godna zaufania,15,0.8,0.6017699115044248
ariadna,R_2sSjjK5lUeNzvin,godna zaufania,15,0.8,0.5945945945945946
ariadna,R_2vRI607HEp5WYQF,godna zaufania,15,0.8,0.5871559633027524
ariadna,R_80cbA9a89F1IMgu,godna zaufania,15,0.8,0.5945945945945946
ariadna,R_87AmkPWYNyY4mHL,godna zaufania,15,0.8,0.6153846153846155
ariadna,R_8BY5cTdiwFkn9zS,godna zaufania,15,0.8,0.5945945945945946
ariadna,R_8IYPStyRNYkHe8l,godna zaufania,15,0.8,0.5714285714285715
ariadna,R_8Qyajpmg88XZXEh,godna zaufania,15,0.8,0.6017699115044248
ariadna,R_8iqY92O3nPpZIT4,godna zaufania,15,0.8,0.6017699115044248
ariadna,R_8lEysZdfxLUkaLQ,godna zaufania,15,0.8,0.5714285714285715
ariadna,R_8pLuCaKUofbMXpH,godna zaufania,15,0.8,0.5945945945945946
ariadna,R_8qRCqKr3HBxe1yh,godna zaufania,15,0.8,0.5871559633027524
ariadna,R_8rIJh0iBA2tFUbQ,godna zaufania,15,0.8,0.5714285714285715
ariadna,R_8sEgrl4bwOxOieB,godna zaufania,15,0.8,0.6086956521739131
ariadna,R_22bS1hdVCT3tZtL,godna zaufania,15,0.7333333333333333,0.4642857142857142
ariadna,R_28jqOUm0oN7usbn,godna zaufania,15,0.7333333333333333,0.4444444444444443
ariadna,R_2ISFnbbJplXDwvu,godna zaufania,15,0.7333333333333333,0.4736842105263157
ariadna,R_2ODiFnDncGSHAjk,godna zaufania,15,0.7333333333333333,0.4642857142857142
ariadna,R_2fAT0UuP5vrYV45,godna zaufania,15,0.7333333333333333,0.39999999999999986
ariadna,R_2lHnojP1QqkhsOd,godna zaufania,15,0.7333333333333333,0.4736842105263157
ariadna,R_2uCyawYLBzaXpoR,godna zaufania,15,0.7333333333333333,0.39999999999999986
ariadna,R_80BfyBZiacNaI8N,godna zaufania,15,0.7333333333333333,0.4999999999999999
ariadna,R_8DwCiamRz9CIeet,godna zaufania,15,0.7333333333333333,0.4444444444444443
ariadna,R_8MosbX1UThWwFxM,godna zaufania,15,0.7333333333333333,0.3181818181818178
ariadna,R_8Shme1geL6acWTn,godna zaufania,15,0.7333333333333333,0.41176470588235287
ariadna,R_8VaVPJQd93Vtmys,godna zaufania,15,0.7333333333333333,0.4999999999999999
ariadna,R_8agKU4FYnHcsXBq,godna zaufania,15,0.7333333333333333,0.4444444444444443
ariadna,R_8dRZwcdFSQo8enB,godna zaufania,15,0.7333333333333333,0.4736842105263157
ariadna,R_8ePnXarK2MCSfxD,godna zaufania,15,0.7333333333333333,0.4999999999999999
ariadna,R_8n1R6qO1ZYkwPXy,godna zaufania,15,0.7333333333333333,0.4545454545454545
ariadna,R_8rBpkSnHpqJ943M,godna zaufania,15,0.7333333333333333,0.4736842105263157
ariadna,R_8spM0fm9D9nu1Nk,godna zaufania,15,0.7333333333333333,0.4736842105263157
ariadna,R_215scEbPlOU1WZG,godna zaufania,15,0.6666666666666666,0.2105263157894737
ariadna,R_2AMUxfWlH5828EG,godna zaufania,15,0.6666666666666666,0.3243243243243242
ariadna,R_2EiWEwnmrayqHNT,godna zaufania,15,0.6666666666666666,0.33628318584070793
ariadna,R_2HtMGWZugWsBtob,godna zaufania,15,0.6666666666666666,0.3243243243243242
ariadna,R_2cvaPbevpm1CHd6,godna zaufania,15,0.6666666666666666,0.28571428571428564
ariadna,R_2pKx5El5V9r4fVi,godna zaufania,15,0.6666666666666666,0.3243243243243242
ariadna,R_2zvWWfgYdqDuiDH,godna zaufania,15,0.6666666666666666,0.3243243243243242
ariadna,R_8Fm0sPp8ZVVDZ2X,godna zaufania,15,0.6666666666666666,0.2105263157894737
ariadna,R_8LirCuC2AoRvuYd,godna zaufania,15,0.6666666666666666,0.28571428571428564
ariadna,R_8RkexwDDNrUEPbd,godna zaufania,15,0.6666666666666666,0.28571428571428564
ariadna,R_8Uc6gwvbLk3Qhz4,godna zaufania,15,0.6666666666666666,0.3589743589743589
ariadna,R_8fveuXSsOxEktJC,godna zaufania,15,0.6666666666666666,0.21052631578947348
ariadna,R_8ly21hIZLykqtYX,godna zaufania,15,0.6666666666666666,0.3589743589743589
ariadna,R_8pMxGZ5q2ITHoGZ,godna zaufania,15,0.6666666666666666,0.28571428571428564
ariadna,R_8zCuaLKF21t8WFU,godna zaufania,15,0.6666666666666666,0.3589743589743589
ariadna,R_21tTtfR2FOP38g3,godna zaufania,15,0.6,0.11764705882352942
ariadna,R_25MXqMsPYaezVdW,godna zaufania,15,0.6,0.1666666666666666
ariadna,R_2Cg9HKD22wyL7T9,godna zaufania,15,0.6,0.1666666666666666
ariadna,R_2E6WAmw7Lqozlhw,godna zaufania,15,0.6,0.1666666666666666
ariadna,R_2GZHJGLu5m5qlMe,godna zaufania,15,0.6,0.2105263157894737
ariadna,R_2OCadZxJRyr6Kkv,godna zaufania,15,0.6,0.2105263157894737
ariadna,R_2jPP0nL8PH4RmX5,godna zaufania,15,0.6,0.18181818181818185
ariadna,R_2s5qfpYGM5IMQhO,godna zaufania,15,0.6,0.2105263157894737
ariadna,R_81dvQu40yiK770v,godna zaufania,15,0.6,0.2105263157894737
ariadna,R_834tyFVgHXcMDjQ,godna zaufania,15,0.6,0.1666666666666666
ariadna,R_87p2b8DhQIqjBrT,godna zaufania,15,0.6,0.3076923076923076
ariadna,R_87p3ysRHQE49hwY,godna zaufania,15,0.6,0.0999999999999999
ariadna,R_89mMAw2S4Oc18Sk,godna zaufania,15,0.6,0.19642857142857137
ariadna,R_8M9E9uyEozMnWMC,godna zaufania,15,0.6,0.24999999999999994
ariadna,R_8YPRiuMgb4cON8M,godna zaufania,15,0.6,0.18181818181818185
ariadna,R_8oFgkHJQZrBqP1D,godna zaufania,15,0.6,0.18181818181818185
ariadna,R_8tfJpBz5wdmgffy,godna zaufania,15,0.6,0.11764705882352942
ariadna,R_27PEO0DDESmYLrW,godna zaufania,15,0.5333333333333333,0.03669724770642203
ariadna,R_2Wx7O9gEyANgOyj,godna zaufania,15,0.5333333333333333,0.10256410256410257
ariadna,R_2npyMEXos3wZv1v,godna zaufania,15,0.5333333333333333,0.07079646017699116
ariadna,R_8Cm2KGgqfamDfnw,godna zaufania,15,0.5333333333333333,0.03669724770642203
ariadna,R_8IfIvXLkxIjwxSU,godna zaufania,15,0.5333333333333333,0.0
ariadna,R_8MRSb05YJnVO96P,godna zaufania,15,0.5333333333333333,0.05405405405405396
ariadna,R_8N9wCCDcOnFw7Od,godna zaufania,15,0.5333333333333333,0.14634146341463408
ariadna,R_8WG7Qv8D4vvbgmt,godna zaufania,15,0.5333333333333333,0.08695652173913035
ariadna,R_8YLNPXAya7YfUwv,godna zaufania,15,0.5333333333333333,0.2335766423357663
ariadna,R_8nGEcyjVF930NqX,godna zaufania,15,0.5333333333333333,0.08695652173913035
ariadna,R_2Cvc4mJjm8oWvKd,godna zaufania,15,0.4666666666666667,-0.07142857142857144
ariadna,R_2LwFU6D3KgF5jnv,godna zaufania,15,0.4666666666666667,-0.11111111111111113
ariadna,R_2QoerUXtqAt92Pb,godna zaufania,15,0.4666666666666667,-0.07142857142857144
ariadna,R_2ruHIXSt8emF7Gb,godna zaufania,15,0.4666666666666667,-0.07142857142857144
ariadna,R_2vZiIFhb6IPh1hj,godna zaufania,15,0.4666666666666667,0.07692307692307684
ariadna,R_2nsZ5hEjqmMiXwR,godna zaufania,15,0.4,-0.21621621621621628
ariadna,R_8GM8VJLbYhmJQ9X,godna zaufania,15,0.4,-0.15384615384615377
ariadna,R_8tyi6YVrXDIO56Y,godna zaufania,15,0.4,-0.28571428571428564
ariadna,R_21Es8HcZMvd0Mwy,godna zaufania,15,0.3333333333333333,-0.31578947368421045
ariadna,R_2HGQ9MBORLc71ZL,godna zaufania,15,0.3333333333333333,-0.388888888888889
ariadna,R_8D78pYUz6Npm1ze,godna zaufania,15,0.3333333333333333,-0.33928571428571436
ariadna,R_8hisNvPOlAR8C7h,godna zaufania,15,0.26666666666666666,-0.4601769911504424
ariadna,R_2NCI3NxHH0e5O1B,godna zaufania,15,0.2,-0.6071428571428572
ariadna,R_872lgtV1UKdDlZA,godna zaufania,15,0.13333333333333333,-0.756756756756757
ariadna,R_8KwpBu6DdJ9vqAh,godna zaufania,15,0.13333333333333333,-0.7256637168141593
ariadna,R_2fNso9AAtTaaBAD,gruba,15,1.0,1.0
ariadna,R_2nI58rr8inLbpr5,gruba,15,1.0,1.0
ariadna,R_2p5YYuB1ywtiMU1,gruba,15,1.0,1.0
ariadna,R_80cbA9a89F1IMgu,gruba,15,1.0,1.0
ariadna,R_833r29rInHWjEh5,gruba,15,1.0,1.0
ariadna,R_8DZaOXvYfwd0HMS,gruba,15,1.0,1.0
ariadna,R_8DeAgVVZ6jkzFW6,gruba,15,1.0,1.0
ariadna,R_8VfuoOs3YqFeS5z,gruba,15,1.0,1.0
ariadna,R_8dH6Ii0uFwGDrUI,gruba,15,1.0,1.0
ariadna,R_8ebyEeOS1CXpjEy,gruba,15,1.0,1.0
ariadna,R_8j2N2C4aDpCLLfb,gruba,15,1.0,1.0
ariadna,R_8wigV6Wu6IKKt8l,gruba,15,1.0,1.0
ariadna,R_8xA1OTHBT9zMr5v,gruba,15,1.0,1.0
ariadna,R_8zjYvDnn7k5ra8B,gruba,15,1.0,1.0
ariadna,R_21H9KAxX71qdX4N,gruba,15,0.9333333333333333,0.8421052631578948
ariadna,R_21upZwdFOCzQX5V,gruba,15,0.9333333333333333,0.8672566371681416
ariadna,R_22Lm8dLN4OW0m3F,gruba,15,0.9333333333333333,0.8648648648648649
ariadna,R_26TzBcLPvyTr5Zv,gruba,15,0.9333333333333333,0.8672566371681416
ariadna,R_2GZHJGLu5m5qlMe,gruba,15,0.9333333333333333,0.8648648648648649
ariadna,R_2HN7WiQ7BNAZQYd,gruba,15,0.9333333333333333,0.8648648648648649
ariadna,R_2Hum0GmcTqPkKzH,gruba,15,0.9333333333333333,0.8672566371681416
ariadna,R_2ewU8duZojKuPJU,gruba,15,0.9333333333333333,0.761904761904762
ariadna,R_2hXwszcOMftm2aJ,gruba,15,0.9333333333333333,0.8571428571428572
ariadna,R_2kvF05FTbgsDaaR,gruba,15,0.9333333333333333,0.8571428571428572
ariadna,R_2lX591Dp8ENrmky,gruba,15,0.9333333333333333,0.8571428571428572
ariadna,R_8PdjHK0N2RWSIFZ,gruba,15,0.9333333333333333,0.8421052631578948
ariadna,R_8YQR3hbVlC9BgJ3,gruba,15,0.9333333333333333,0.8571428571428572
ariadna,R_8f8hrycYIAUrXPz,gruba,15,0.9333333333333333,0.8672566371681416
ariadna,R_8ptmOvsPG4iuVgq,gruba,15,0.9333333333333333,0.8571428571428572
ariadna,R_8qOlSkDUKkh2ZwJ,gruba,15,0.9333333333333333,0.8672566371681416
ariadna,R_8tLQ0nAS0YOdUDt,gruba,15,0.9333333333333333,0.8648648648648649
ariadna,R_8w6W4Gq3ST1QADl,gruba,15,0.9333333333333333,0.8421052631578948
ariadna,R_21Ac0oOLwaIB6mN,gruba,15,0.8666666666666667,0.7000000000000001
ariadna,R_22G3ZBu4W2ayxbc,gruba,15,0.8666666666666667,0.7321428571428572
ariadna,R_28TWQkfZ6NcTW40,gruba,15,0.8666666666666667,0.7272727272727274
ariadna,R_2CU6OarmmoqHd06,gruba,15,0.8666666666666667,0.6590909090909091
ariadna,R_2DOWhBdhPK2TIBh,gruba,15,0.8666666666666667,0.736842105263158
ariadna,R_2Fn6U8vTkNkpm7V,gruba,15,0.8666666666666667,0.736842105263158
ariadna,R_2Ib2phbVXvuD8oa,gruba,15,0.8666666666666667,0.736842105263158
ariadna,R_2MtlqmTvJZLvUFI,gruba,15,0.8666666666666667,0.7000000000000001
ariadna,R_2POjNYGYe1XGI7X,gruba,15,0.8666666666666667,0.7000000000000001
ariadna,R_2Sjn4FKTH05fOff,gruba,15,0.8666666666666667,0.7058823529411765
ariadna,R_2VOSOHlZftg4AbT,gruba,15,0.8666666666666667,0.736842105263158
ariadna,R_2WAK71y2sWza7sd,gruba,15,0.8666666666666667,0.7321428571428572
ariadna,R_2YwoxMFswcmeBY5,gruba,15,0.8666666666666667,0.736842105263158
ariadna,R_2jPP0nL8PH4RmX5,gruba,15,0.8666666666666667,0.7321428571428572
ariadna,R_2m8K6Byt6kGXDGb,gruba,15,0.8666666666666667,0.44444444444444453
ariadna,R_2wNMZdzSBylcA8x,gruba,15,0.8666666666666667,0.7222222222222223
ariadna,R_2xShV9iChqTErG0,gruba,15,0.8666666666666667,0.7222222222222223
ariadna,R_2ymXQptk1ZezyUh,gruba,15,0.8666666666666667,0.7321428571428572
ariadna,R_82KYLB4TJOFvhi0,gruba,15,0.8666666666666667,0.736842105263158
ariadna,R_87s4mdotpEkJ4iD,gruba,15,0.8666666666666667,0.736842105263158
ariadna,R_87wdw99jDKVgxXP,gruba,15,0.8666666666666667,0.7222222222222223
ariadna,R_88WPLM9UlgFiQDf,gruba,15,0.8666666666666667,0.736842105263158
ariadna,R_8Jm9AsrOs9sHT3b,gruba,15,0.8666666666666667,0.7222222222222223
ariadna,R_8MyvszWtmpPCH9L,gruba,15,0.8666666666666667,0.7222222222222223
ariadna,R_8cfUSSeagGLfY9X,gruba,15,0.8666666666666667,0.7058823529411765
ariadna,R_8eQLuiHW46olKkg,gruba,15,0.8666666666666667,0.7222222222222223
ariadna,R_8pMWcg5z1UY3foX,gruba,15,0.8666666666666667,0.7272727272727274
ariadna,R_8qEA05Njop5EXwn,gruba,15,0.8666666666666667,0.7000000000000001
ariadna,R_8qeyNCm56Ax1Umc,gruba,15,0.8666666666666667,0.7272727272727274
ariadna,R_8sEgrl4bwOxOieB,gruba,15,0.8666666666666667,0.7321428571428572
ariadna,R_8xSwW3DCAgayLpT,gruba,15,0.8666666666666667,0.6666666666666667
ariadna,R_8yDFQA7GhjuI0pz,gruba,15,0.8666666666666667,0.7321428571428572
ariadna,R_21GWJRj3tD5hYr9,gruba,15,0.8,0.5945945945945946
ariadna,R_27UAVXoS8YWztp7,gruba,15,0.8,0.6017699115044248
ariadna,R_2DQTyOhOkQMQIoN,gruba,15,0.8,0.5263157894736843
ariadna,R_2Hn9HoTFI3YZ9Tz,gruba,15,0.8,0.6086956521739131
ariadna,R_2PjsJNa531R55OL,gruba,15,0.8,0.6017699115044248
ariadna,R_2RgcjZ4S08SinXr,gruba,15,0.8,0.5945945945945946
ariadna,R_2S6WvaH7SI84Nbf,gruba,15,0.8,0.6017699115044248
ariadna,R_2SIi0vGLStBKNOj,gruba,15,0.8,0.6017699115044248
ariadna,R_2TGhmqN6HunKQgo,gruba,15,0.8,0.6153846153846155
ariadna,R_2TphhY5YNOWWXMy,gruba,15,0.8,0.5945945945945946
ariadna,R_2cZfD3hM3X1CZJO,gruba,15,0.8,0.6017699115044248
ariadna,R_2fD4JlQq1ReJTLX,gruba,15,0.8,0.6017699115044248
ariadna,R_2gwvcJg8uhJFe1P,gruba,15,0.8,0.5871559633027524
ariadna,R_2ijX1noVpj9v9sC,gruba,15,0.8,0.5714285714285715
ariadna,R_2m3OA3ucYBvKZIY,gruba,15,0.8,0.5945945945945946
ariadna,R_2npyMEXos3wZv1v,gruba,15,0.8,0.5945945945945946
ariadna,R_2qOsSATZ9GYVzax,gruba,15,0.8,0.6086956521739131
ariadna,R_2slPuhoj7l7l5Bv,gruba,15,0.8,0.5945945945945946
ariadna,R_2uRdPunVYugdyYF,gruba,15,0.8,0.5263157894736843
ariadna,R_805TIgMgJvjPgqd,gruba,15,0.8,0.6086956521739131
ariadna,R_81dB8ZMEYP0HQvC,gruba,15,0.8,0.5714285714285715
ariadna,R_87jz4mJUxvdx2i5,gruba,15,0.8,0.5945945945945946
ariadna,R_88UNDrQyDVWM2yD,gruba,15,0.8,0.5945945945945946
ariadna,R_8ANnMa5W9VQzPA4,gruba,15,0.8,0.5945945945945946
ariadna,R_8CkrqmUAqpzY6F2,gruba,15,0.8,0.5714285714285715
ariadna,R_8GCADwpzkbUR76n,gruba,15,0.8,0.5714285714285715
ariadna,R_8JF2syYe5s2r6iq,gruba,15,0.8,0.6153846153846155
ariadna,R_8M043VdLybdc9sm,gruba,15,0.8,0.6086956521739131
ariadna,R_8PZdvwQaixVIvr0,gruba,15,0.8,0.6086956521739131
ariadna,R_8PuVP9iGJcK0tAt,gruba,15,0.8,0.5945945945945946
ariadna,R_8RUrxCahcA4bgGO,gruba,15,0.8,0.44444444444444436
ariadna,R_8Uc6gwvbLk3Qhz4,gruba,15,0.8,0.6086956521739131
ariadna,R_8X8WJbF7vcwLxfz,gruba,15,0.8,0.5263157894736843
ariadna,R_8dthz0jCpCa1mCI,gruba,15,0.8,0.5714285714285715
ariadna,R_8igsQWMjOVLKGMg,gruba,15,0.8,0.5945945945945946
ariadna,R_8qUJB0Z6jQlWsP7,gruba,15,0.8,0.5945945945945946
ariadna,R_21YYT1vHylDvm3V,gruba,15,0.7333333333333333,0.4642857142857142
ariadna,R_22bS1hdVCT3tZtL,gruba,15,0.7333333333333333,0.4545454545454545
ariadna,R_24oCjcGb34HV0ev,gruba,15,0.7333333333333333,0.4999999999999999
ariadna,R_2D27rty0mIAPfKQ,gruba,15,0.7333333333333333,0.4736842105263157
ariadna,R_2JftHXX9h8xiDUP,gruba,15,0.7333333333333333,0.4642857142857142
ariadna,R_2LaQWS8kfhthIFb,gruba,15,0.7333333333333333,0.4736842105263157
ariadna,R_2hZjDO9iwMh64eW,gruba,15,0.7333333333333333,0.41176470588235287
ariadna,R_81iUKhpwRlKw3Pb,gruba,15,0.7333333333333333,0.4736842105263157
ariadna,R_8I5L0SYJdMQ0kMa,gruba,15,0.7333333333333333,0.4642857142857142
ariadna,R_8Kw2qpFAfGjipEg,gruba,15,0.7333333333333333,0.4444444444444443
ariadna,R_8LOjrv9sQ4B0U27,gruba,15,0.7333333333333333,0.39999999999999986
ariadna,R_8Pvcpy9SRrt1O59,gruba,15,0.7333333333333333,0.33333333333333304
ariadna,R_8SjiJahrKz1HMjm,gruba,15,0.7333333333333333,0.33333333333333304
ariadna,R_8pOPazTA4b17hfP,gruba,15,0.7333333333333333,0.33333333333333326
ariadna,R_8rIJh0iBA2tFUbQ,gruba,15,0.7333333333333333,0.4642857142857142
ariadna,R_8yEcl73X47TDK49,gruba,15,0.7333333333333333,0.37499999999999983
ariadna,R_8CBZ5eZOCF2Geuk,gruba,15,0.6666666666666666,0.33628318584070793
ariadna,R_8nYKlVyt343ZX8u,gruba,15,0.6666666666666666,0.3902439024390243
ariadna,R_8odKkshXB3EHE7U,gruba,15,0.6666666666666666,0.28571428571428564
ariadna,R_8suDbh28Bm0BOMx,gruba,15,0.6666666666666666,0.3243243243243242
ariadna,R_269ybJHzYODjVeN,gruba,15,0.6,0.18181818181818185
ariadna,R_2RBA2Rg979vKdrP,gruba,15,0.6,0.2105263157894737
ariadna,R_2jJl9dvzQXrbsI1,gruba,15,0.6,0.19642857142857137
ariadna,R_2o6hmXc7QQyExVP,gruba,15,0.6,0.19642857142857137
ariadna,R_82fGGCbLWXwntWF,gruba,15,0.6,0.24999999999999994
ariadna,R_86yWMtFUJYB3cPf,gruba,15,0.6,0.11764705882352942
ariadna,R_8BY5cTdiwFkn9zS,gruba,15,0.6,0.24999999999999994
ariadna,R_8E4NrWBGIYCX20Q,gruba,15,0.6,0.18181818181818185
ariadna,R_8JVOyN1Aq2QHaWR,gruba,15,0.6,0.3076923076923076
ariadna,R_8Qhd6yFHU9QTlrH,gruba,15,0.6,0.2105263157894737
ariadna,R_8VpVgwjI7LkTg6E,gruba,15,0.6,0.11764705882352942
ariadna,R_8kThrUREG6esjq5,gruba,15,0.6,0.06249999999999989
ariadna,R_8pKctA6LTsMYlm9,gruba,15,0.6,0.2105263157894737
ariadna,R_8wbt3SO9u3yolSF,gruba,15,0.6,0.0999999999999999
ariadna,R_8zyzO7rw8aW68tX,gruba,15,0.6,0.11764705882352942
ariadna,R_2Cvc4mJjm8oWvKd,gruba,15,0.5333333333333333,0.10256410256410257
ariadna,R_2FPzl7KWKWfBnOD,gruba,15,0.5333333333333333,0.10256410256410257
ariadna,R_2LHSHJgx99JmFfl,gruba,15,0.5333333333333333,0.07079646017699116
ariadna,R_2erwV41EhxJCmdv,gruba,15,0.5333333333333333,0.15999999999999992
ariadna,R_2kOkLUv7RofClCz,gruba,15,0.5333333333333333,0.05405405405405396
ariadna,R_8FDMccCtKSliyxO,gruba,15,0.5333333333333333,0.0
ariadna,R_8PphYrCsc225G90,gruba,15,0.5333333333333333,0.03669724770642203
ariadna,R_8pMxGZ5q2ITHoGZ,gruba,15,0.5333333333333333,0.10256410256410257
ariadna,R_8wLlFl976grgOME,gruba,15,0.5333333333333333,0.05405405405405396
ariadna,R_265azWuEu2KDFlK,gruba,15,0.4666666666666667,-0.17647058823529402
ariadna,R_27D6a6ggIL2i8Iu,gruba,15,0.4666666666666667,-0.07142857142857144
ariadna,R_2kzv6by5DC6skjo,gruba,15,0.4666666666666667,-0.11111111111111113
ariadna,R_8MosbX1UThWwFxM,gruba,15,0.4666666666666667,-0.052631578947368314
ariadna,R_8nGEcyjVF930NqX,gruba,15,0.4666666666666667,-0.052631578947368314
ariadna,R_2QKVZBZk5Elqz9J,gruba,15,0.4,-0.17391304347826092
ariadna,R_2UntbLfwudsVXIB,gruba,15,0.4,-0.15384615384615377
ariadna,R_2Wx7O9gEyANgOyj,gruba,15,0.4,-0.28571428571428564
ariadna,R_87p3ysRHQE49hwY,gruba,15,0.4,-0.17391304347826092
ariadna,R_8GM8VJLbYhmJQ9X,gruba,15,0.4,-0.23853211009174305
ariadna,R_8MhWqPe0l7nh3vr,gruba,15,0.4,-0.09756097560975613
ariadna,R_8PIgKyy5YTy4KNm,gruba,15,0.4,-0.21621621621621628
ariadna,R_8PctlEihl9W8O2F,gruba,15,0.4,-0.17391304347826092
ariadna,R_8e5jFvhVAFiHnDB,gruba,15,0.4,-0.17391304347826092
ariadna,R_8gnhUN6r6cQydLe,gruba,15,0.4,-0.19469026548672558
ariadna,R_21Fy8NcMiqUuPO0,gruba,15,0.3333333333333333,-0.3636363636363636
ariadna,R_8IzsZxw75crKlFn,gruba,15,0.26666666666666666,-0.4864864864864866
ariadna,R_8kuM6JNKQQccOym,gruba,15,0.26666666666666666,-0.5137614678899083
ariadna,R_2i24Tt1tYHZLp73,gruba,15,0.2,-0.38461538461538475
ariadna,R_81nQVBE4mTGAiSa,gruba,15,0.2,-0.6071428571428572
ariadna,R_2CHfcRkm2pQ2QFv,inteligentna (smart),15,1.0,1.0
ariadna,R_2DOWhBdhPK2TIBh,inteligentna (smart),15,1.0,1.0
ariadna,R_2ZXG0AO6LEFVhEl,inteligentna (smart),15,1.0,1.0
ariadna,R_2kcgECvQsvRyZUm,inteligentna (smart),15,1.0,1.0
ariadna,R_82wUg41yTwfgFA5,inteligentna (smart),15,1.0,1.0
ariadna,R_8ds4xfRIDf6BH9N,inteligentna (smart),15,1.0,1.0
ariadna,R_8mLD85mHGrfw3FB,inteligentna (smart),15,1.0,1.0
ariadna,R_8r8RlUASyYrLlgB,inteligentna (smart),15,1.0,1.0
ariadna,R_20iVlFCj9df7Atw,inteligentna (smart),15,0.9333333333333333,0.8421052631578948
ariadna,R_2H14IfLum0BlngO,inteligentna (smart),15,0.9333333333333333,0.8672566371681416
ariadna,R_2LpXIoUWgOcR0bS,inteligentna (smart),15,0.9333333333333333,0.8648648648648649
ariadna,R_2oTz3aDU1XHddpD,inteligentna (smart),15,0.9333333333333333,0.8648648648648649
ariadna,R_2s5qfpYGM5IMQhO,inteligentna (smart),15,0.9333333333333333,0.8648648648648649
ariadna,R_2tv9eyE5oPDjbmp,inteligentna (smart),15,0.9333333333333333,0.8571428571428572
ariadna,R_2uTCQCsxmaubebq,inteligentna (smart),15,0.9333333333333333,0.8648648648648649
ariadna,R_86yWMtFUJYB3cPf,inteligentna (smart),15,0.9333333333333333,0.8571428571428572
ariadna,R_88WPLM9UlgFiQDf,inteligentna (smart),15,0.9333333333333333,0.8421052631578948
ariadna,R_8JQemhT2CuiPmVz,inteligentna (smart),15,0.9333333333333333,0.8648648648648649
ariadna,R_8Kxt9oGe9PZcPqF,inteligentna (smart),15,0.9333333333333333,0.761904761904762
ariadna,R_8Ph7PDa56eltpP7,inteligentna (smart),15,0.9333333333333333,0.8421052631578948
ariadna,R_8QorvfcN2D98eRN,inteligentna (smart),15,0.9333333333333333,0.8672566371681416
ariadna,R_8WHkjxC8i4IiPKj,inteligentna (smart),15,0.9333333333333333,0.8672566371681416
ariadna,R_8YyQpgHMP02xim1,inteligentna (smart),15,0.9333333333333333,0.8648648648648649
ariadna,R_8esHzwYlfIg4fX5,inteligentna (smart),15,0.9333333333333333,0.8672566371681416
ariadna,R_8iVYOJmCdNTb6sb,inteligentna (smart),15,0.9333333333333333,0.8648648648648649
ariadna,R_8im1SoTLO9KYzBL,inteligentna (smart),15,0.9333333333333333,0.8571428571428572
ariadna,R_2F3TDdj93HANidc,inteligentna (smart),15,0.8666666666666667,0.7058823529411765
ariadna,R_2FFmDUCIm4hy2Cx,inteligentna (smart),15,0.8666666666666667,0.736842105263158
ariadna,R_2SAe82zv0YePNnX,inteligentna (smart),15,0.8666666666666667,0.7272727272727274
ariadna,R_2fNso9AAtTaaBAD,inteligentna (smart),15,0.8666666666666667,0.7321428571428572
ariadna,R_2oFJWm84aDiFblT,inteligentna (smart),15,0.8666666666666667,0.7321428571428572
ariadna,R_2oRZzAAbsXjXJL8,inteligentna (smart),15,0.8666666666666667,0.7222222222222223
ariadna,R_2ozIYzvFvoQ5b0H,inteligentna (smart),15,0.8666666666666667,0.7272727272727274
ariadna,R_2tm3SkV6gFLZKJp,inteligentna (smart),15,0.8666666666666667,0.7222222222222223
ariadna,R_2vRI607HEp5WYQF,inteligentna (smart),15,0.8666666666666667,0.7272727272727274
ariadna,R_8EF82QyPKeoUeaZ,inteligentna (smart),15,0.8666666666666667,0.7272727272727274
ariadna,R_8IfIvXLkxIjwxSU,inteligentna (smart),15,0.8666666666666667,0.7272727272727274
ariadna,R_8JlmwhGiDYXz7Q5,inteligentna (smart),15,0.8666666666666667,0.736842105263158
ariadna,R_8LkCVkiFqE0BzxZ,inteligentna (smart),15,0.8666666666666667,0.7058823529411765
ariadna,R_8RgPydMmCpnqouA,inteligentna (smart),15,0.8666666666666667,0.7222222222222223
ariadna,R_8e3xi7b3YvcNMWA,inteligentna (smart),15,0.8666666666666667,0.736842105263158
ariadna,R_8eQLuiHW46olKkg,inteligentna (smart),15,0.8666666666666667,0.6666666666666666
ariadna,R_8pLuCaKUofbMXpH,inteligentna (smart),15,0.8666666666666667,0.7222222222222223
ariadna,R_8qUJB0Z6jQlWsP7,inteligentna (smart),15,0.8666666666666667,0.7222222222222223
ariadna,R_8xnPehpUOtpDRDj,inteligentna (smart),15,0.8666666666666667,0.7222222222222223
ariadna,R_2D27rty0mIAPfKQ,inteligentna (smart),15,0.8,0.6086956521739131
ariadna,R_2JJHZsJTOkexRMK,inteligentna (smart),15,0.8,0.6017699115044248
ariadna,R_2M0Asp2pVc0yblR,inteligentna (smart),15,0.8,0.5714285714285715
ariadna,R_2PbKr1p5AgkDL4F,inteligentna (smart),15,0.8,0.5945945945945946
ariadna,R_2Q5hH6ySOuNxAjF,inteligentna (smart),15,0.8,0.6017699115044248
ariadna,R_2QRF34XrxMTiv13,inteligentna (smart),15,0.8,0.5714285714285715
ariadna,R_2phDbmH4Il1bmbG,inteligentna (smart),15,0.8,0.5714285714285715
ariadna,R_2vw3OAymRZrI7PH,inteligentna (smart),15,0.8,0.5945945945945946
ariadna,R_834tyFVgHXcMDjQ,inteligentna (smart),15,0.8,0.5945945945945946
ariadna,R_8CQ2M7Rk6ReKhoJ,inteligentna (smart),15,0.8,0.6153846153846155
ariadna,R_8DYKZRpflEXoCLC,inteligentna (smart),15,0.8,0.5945945945945946
ariadna,R_8DwCiamRz9CIeet,inteligentna (smart),15,0.8,0.5454545454545456
ariadna,R_8KrPGyx7hP18yTp,inteligentna (smart),15,0.8,0.5714285714285715
ariadna,R_8MfmYoCkiaW0BNI,inteligentna (smart),15,0.8,0.6017699115044248
ariadna,R_8MuyCkIZ5SObgqZ,inteligentna (smart),15,0.8,0.6017699115044248
ariadna,R_8SXQbhZJkkgchfb,inteligentna (smart),15,0.8,0.44444444444444436
ariadna,R_8WNEq4Hm0eja2SN,inteligentna (smart),15,0.8,0.5945945945945946
ariadna,R_8X8WJbF7vcwLxfz,inteligentna (smart),15,0.8,0.5945945945945946
ariadna,R_8YQR3hbVlC9BgJ3,inteligentna (smart),15,0.8,0.5945945945945946
ariadna,R_8Ypimg6qBAFDBIZ,inteligentna (smart),15,0.8,0.5871559633027524
ariadna,R_8ez8mi49216S3HB,inteligentna (smart),15,0.8,0.5714285714285715
ariadna,R_8g1Pz5LEyjO9avu,inteligentna (smart),15,0.8,0.5871559633027524
ariadna,R_8i3R1eNCX8f2jQa,inteligentna (smart),15,0.8,0.6017699115044248
ariadna,R_8kdkzmk5Sq5iue9,inteligentna (smart),15,0.8,0.5945945945945946
ariadna,R_8myAFa7ntNpRECp,inteligentna (smart),15,0.8,0.6086956521739131
ariadna,R_8rZRp24uG3GI8iS,inteligentna (smart),15,0.8,0.6086956521739131
ariadna,R_8w0n4io5KLpzxsu,inteligentna (smart),15,0.8,0.6086956521739131
ariadna,R_27D6a6ggIL2i8Iu,inteligentna (smart),15,0.7333333333333333,0.4444444444444443
ariadna,R_2Bx2KjbfakyOdMu,inteligentna (smart),15,0.7333333333333333,0.4736842105263157
ariadna,R_2DNEAVsGGfUWSqt,inteligentna (smart),15,0.7333333333333333,0.4827586206896551
ariadna,R_2DRdKEXYsxKPOUh,inteligentna (smart),15,0.7333333333333333,0.4642857142857142
ariadna,R_2ILOtbO6CMpiHmh,inteligentna (smart),15,0.7333333333333333,0.4642857142857142
ariadna,R_2djpmlR5vN7JNQH,inteligentna (smart),15,0.7333333333333333,0.4736842105263157
ariadna,R_2efUop61K1fhGkO,inteligentna (smart),15,0.7333333333333333,0.39999999999999986
ariadna,R_2kAkJwDZP3julzk,inteligentna (smart),15,0.7333333333333333,0.4444444444444443
ariadna,R_2qrJlYjr6jshh4v,inteligentna (smart),15,0.7333333333333333,0.4545454545454545
ariadna,R_8EpdhQIeaDdesGI,inteligentna (smart),15,0.7333333333333333,0.4642857142857142
ariadna,R_8EuTor8BefeZAUs,inteligentna (smart),15,0.7333333333333333,0.4736842105263157
ariadna,R_8MyvszWtmpPCH9L,inteligentna (smart),15,0.7333333333333333,0.4545454545454545
ariadna,R_8PZdvwQaixVIvr0,inteligentna (smart),15,0.7333333333333333,0.4444444444444443
ariadna,R_8TDK60OeA2Z9aFP,inteligentna (smart),15,0.7333333333333333,0.4642857142857142
ariadna,R_8fB99V9IbpDoERz,inteligentna (smart),15,0.7333333333333333,0.4736842105263157
ariadna,R_8h4GlFMPnAJ2zxx,inteligentna (smart),15,0.7333333333333333,0.4999999999999999
ariadna,R_8qeyNCm56Ax1Umc,inteligentna (smart),15,0.7333333333333333,0.4736842105263157
ariadna,R_8rBle3LDguEn0dX,inteligentna (smart),15,0.7333333333333333,0.4444444444444443
ariadna,R_8vV34t37KR9fsI1,inteligentna (smart),15,0.7333333333333333,0.41176470588235287
ariadna,R_8xQKr2WKx0phJsS,inteligentna (smart),15,0.7333333333333333,0.4545454545454545
ariadna,R_214ZwtgAOzJMNkf,inteligentna (smart),15,0.6666666666666666,0.28571428571428564
ariadna,R_2D0kRu03DxRb6wH,inteligentna (smart),15,0.6666666666666666,0.28571428571428564
ariadna,R_2Puivgesmm5ySqM,inteligentna (smart),15,0.6666666666666666,0.3478260869565216
ariadna,R_2Qose7hewFhktAa,inteligentna (smart),15,0.6666666666666666,0.28571428571428564
ariadna,R_2SrcDdKBoGjO4HT,inteligentna (smart),15,0.6666666666666666,0.33628318584070793
ariadna,R_2V1qolmxiFqZ0Ad,inteligentna (smart),15,0.6666666666666666,0.3478260869565216
ariadna,R_2aXmtIgbUN3e5C5,inteligentna (smart),15,0.6666666666666666,0.28571428571428564
ariadna,R_81dvQu40yiK770v,inteligentna (smart),15,0.6666666666666666,0.3119266055045871
ariadna,R_83Vu03bAK5l91us,inteligentna (smart),15,0.6666666666666666,0.3119266055045871
ariadna,R_84vmsZnZawMIajQ,inteligentna (smart),15,0.6666666666666666,0.3243243243243242
ariadna,R_8BxHDfmg8Erv6gw,inteligentna (smart),15,0.6666666666666666,0.3243243243243242
ariadna,R_8D76oOperypgreN,inteligentna (smart),15,0.6666666666666666,0.33628318584070793
ariadna,R_8EIBLREMkkb369P,inteligentna (smart),15,0.6666666666666666,0.33628318584070793
ariadna,R_8PjjQeyw6p1p3IR,inteligentna (smart),15,0.6666666666666666,0.3119266055045871
ariadna,R_8cdrsS2zzvgWA3f,inteligentna (smart),15,0.6666666666666666,0.3243243243243242
ariadna,R_8dH6Ii0uFwGDrUI,inteligentna (smart),15,0.6666666666666666,0.3243243243243242
ariadna,R_8fCqxTFS4edFdfO,inteligentna (smart),15,0.6666666666666666,0.3243243243243242
ariadna,R_8k4xHbetOXTViBb,inteligentna (smart),15,0.6666666666666666,0.28571428571428564
ariadna,R_8yEcl73X47TDK49,inteligentna (smart),15,0.6666666666666666,0.33628318584070793
ariadna,R_23UF2O6MHqq8fdz,inteligentna (smart),15,0.6,0.24999999999999994
ariadna,R_265azWuEu2KDFlK,inteligentna (smart),15,0.6,0.19642857142857137
ariadna,R_2DQTyOhOkQMQIoN,inteligentna (smart),15,0.6,0.1666666666666666
ariadna,R_2PhYtI6fedSSZ0D,inteligentna (smart),15,0.6,0.18181818181818185
ariadna,R_2S6WvaH7SI84Nbf,inteligentna (smart),15,0.6,0.2105263157894737
ariadna,R_2UntbLfwudsVXIB,inteligentna (smart),15,0.6,0.19642857142857137
ariadna,R_2cpeHlSTWFcASMi,inteligentna (smart),15,0.6,0.3076923076923076
ariadna,R_2pCqA1NBSv3X5oR,inteligentna (smart),15,0.6,0.2105263157894737
ariadna,R_2y1RITt66YhKnXv,inteligentna (smart),15,0.6,0.18181818181818185
ariadna,R_88UNDrQyDVWM2yD,inteligentna (smart),15,0.6,0.11764705882352942
ariadna,R_2LHSHJgx99JmFfl,inteligentna (smart),15,0.5333333333333333,0.0
ariadna,R_2V4QglgMTXrTKb6,inteligentna (smart),15,0.5333333333333333,0.05405405405405396
ariadna,R_2ZEvrqyjmJtaV3g,inteligentna (smart),15,0.5333333333333333,0.08695652173913035
ariadna,R_2eL1p44IRJ3His9,inteligentna (smart),15,0.5333333333333333,0.05405405405405396
ariadna,R_2eUup0U4t9YhdrS,inteligentna (smart),15,0.5333333333333333,0.07079646017699116
ariadna,R_2lX5ApM7AurxNBG,inteligentna (smart),15,0.5333333333333333,0.05405405405405396
ariadna,R_2wTCb5fnyqf5z0n,inteligentna (smart),15,0.5333333333333333,0.0
ariadna,R_81Fh0m6hPrh76Pq,inteligentna (smart),15,0.5333333333333333,0.03669724770642203
ariadna,R_8Jv7J4j76RhrIGt,inteligentna (smart),15,0.5333333333333333,0.10256410256410257
ariadna,R_8KpwwqfJlSz0Idc,inteligentna (smart),15,0.5333333333333333,0.08695652173913035
ariadna,R_8n18BzveI0sgsWk,inteligentna (smart),15,0.5333333333333333,0.05405405405405396
ariadna,R_8uEsCqTRgphT82G,inteligentna (smart),15,0.5333333333333333,0.08695652173913035
ariadna,R_8wigV6Wu6IKKt8l,inteligentna (smart),15,0.5333333333333333,0.03669724770642203
ariadna,R_21Es8HcZMvd0Mwy,inteligentna (smart),15,0.4666666666666667,-0.1320754716981131
ariadna,R_2N5wFosVv3Y9Lep,inteligentna (smart),15,0.4666666666666667,-0.0909090909090908
ariadna,R_2pmP3OuQVTqTvBD,inteligentna (smart),15,0.4666666666666667,-0.07142857142857144
ariadna,R_8PobAiBYSdrkLw9,inteligentna (smart),15,0.4666666666666667,-0.11111111111111113
ariadna,R_8kFIfGCWJXfUt8y,inteligentna (smart),15,0.4666666666666667,-0.11111111111111113
ariadna,R_8r38t7o2xpGXkff,inteligentna (smart),15,0.4666666666666667,0.0
ariadna,R_2R55zrOHn2DDJ2F,inteligentna (smart),15,0.4,-0.19469026548672558
ariadna,R_2kOkLUv7RofClCz,inteligentna (smart),15,0.4,-0.21621621621621628
ariadna,R_89JnDnlLqBHlnZ7,inteligentna (smart),15,0.4,-0.19469026548672558
ariadna,R_8PtGzYKIVIP2Pui,inteligentna (smart),15,0.4,-0.21621621621621628
ariadna,R_8w4wVy8jEewu6ST,inteligentna (smart),15,0.4,-0.19469026548672558
ariadna,R_27UAVXoS8YWztp7,inteligentna (smart),15,0.3333333333333333,-0.388888888888889
ariadna,R_2kMnZ86VkebZHqh,inteligentna (smart),15,0.3333333333333333,-0.29310344827586216
ariadna,R_2ymXQptk1ZezyUh,inteligentna (smart),15,0.3333333333333333,-0.33928571428571436
ariadna,R_8F4JgQzwtHQ6K07,inteligentna (smart),15,0.3333333333333333,-0.25000000000000006
ariadna,R_8LpWZYOvXqrJcOA,inteligentna (smart),15,0.3333333333333333,-0.31578947368421045
ariadna,R_8PIgKyy5YTy4KNm,inteligentna (smart),15,0.3333333333333333,-0.388888888888889
ariadna,R_2Hum0GmcTqPkKzH,inteligentna (smart),15,0.26666666666666666,-0.3414634146341464
ariadna,R_2dvYpDNLCcPwiHL,inteligentna (smart),15,0.26666666666666666,-0.5137614678899083
ariadna,R_2wc2eUj0wYAOAjI,inteligentna (smart),15,0.26666666666666666,-0.4347826086956523
ariadna,R_8VBG8PRj09cQNu9,inteligentna (smart),15,0.26666666666666666,-0.5137614678899083
ariadna,R_8kLJd7hMHfpA5TX,inteligentna (smart),15,0.26666666666666666,-0.22222222222222227
ariadna,R_2MtlqmTvJZLvUFI,inteligentna (smart),15,0.2,-0.38461538461538475
ariadna,R_8igsQWMjOVLKGMg,inteligentna (smart),15,0.2,-0.5789473684210524
ariadna,R_2g5G4W5aVEhKZQX,inteligentna (smart),15,0.13333333333333333,-0.6666666666666666
ariadna,R_8Fm0sPp8ZVVDZ2X,inteligentna (smart),15,0.06666666666666667,-0.6153846153846155
ariadna,R_8HFDYREGZmVjGcY,inteligentna (smart),15,0.0,-0.9911504424778761
ariadna,R_2CHfcRkm2pQ2QFv,konserwatywna,15,1.0,1.0
ariadna,R_8FLE4UYd7EeXed1,konserwatywna,15,1.0,1.0
ariadna,R_22G3ZBu4W2ayxbc,konserwatywna,15,0.9333333333333333,0.8571428571428572
ariadna,R_2CldILNmxIPE9Q1,konserwatywna,15,0.9333333333333333,0.8648648648648649
ariadna,R_2PC5raYVg883awG,konserwatywna,15,0.9333333333333333,0.8672566371681416
ariadna,R_8EM7YIuqubghD8o,konserwatywna,15,0.9333333333333333,0.8421052631578948
ariadna,R_8MljqrCk3AkCgYI,konserwatywna,15,0.9333333333333333,0.8648648648648649
ariadna,R_8agKU4FYnHcsXBq,konserwatywna,15,0.9333333333333333,0.8571428571428572
ariadna,R_8ds4xfRIDf6BH9N,konserwatywna,15,0.9333333333333333,0.8672566371681416
ariadna,R_25FNci8Q7TkS7Dk,konserwatywna,15,0.8666666666666667,0.7272727272727274
ariadna,R_2ISFnbbJplXDwvu,konserwatywna,15,0.8666666666666667,0.7058823529411765
ariadna,R_2vq0oPAbABHzfod,konserwatywna,15,0.8666666666666667,0.7321428571428572
ariadna,R_80NBCy1QPWIZ8Tf,konserwatywna,15,0.8666666666666667,0.7272727272727274
ariadna,R_87BGHnKyrw5Cwdb,konserwatywna,15,0.8666666666666667,0.7321428571428572
ariadna,R_87s4mdotpEkJ4iD,konserwatywna,15,0.8666666666666667,0.7321428571428572
ariadna,R_8EuTor8BefeZAUs,konserwatywna,15,0.8666666666666667,0.736842105263158
ariadna,R_8WHkjxC8i4IiPKj,konserwatywna,15,0.8666666666666667,0.736842105263158
ariadna,R_8Ypimg6qBAFDBIZ,konserwatywna,15,0.8666666666666667,0.7000000000000001
ariadna,R_8ez8mi49216S3HB,konserwatywna,15,0.8666666666666667,0.7272727272727274
ariadna,R_8hHkKOeNkLqCoJX,konserwatywna,15,0.8666666666666667,0.7272727272727274
ariadna,R_8nYKlVyt343ZX8u,konserwatywna,15,0.8666666666666667,0.7272727272727274
ariadna,R_20MDP7ruDpHbyzF,konserwatywna,15,0.8,0.6086956521739131
ariadna,R_2Dv5eiyuRBzNSyR,konserwatywna,15,0.8,0.5945945945945946
ariadna,R_2EXNXWFXkp74VGF,konserwatywna,15,0.8,0.5263157894736844
ariadna,R_2ODiFnDncGSHAjk,konserwatywna,15,0.8,0.5714285714285715
ariadna,R_2kcgECvQsvRyZUm,konserwatywna,15,0.8,0.6017699115044248
ariadna,R_2qP8nAbh45fb9iP,konserwatywna,15,0.8,0.5945945945945946
ariadna,R_872lgtV1UKdDlZA,konserwatywna,15,0.8,0.6017699115044248
ariadna,R_8IIXkMUWS9w354Z,konserwatywna,15,0.8,0.5945945945945946
ariadna,R_8JQemhT2CuiPmVz,konserwatywna,15,0.8,0.5714285714285715
ariadna,R_8PtGzYKIVIP2Pui,konserwatywna,15,0.8,0.5714285714285715
ariadna,R_8fDGvJQ0f1Moslf,konserwatywna,15,0.8,0.5945945945945946
ariadna,R_8ikHC479ci2GYxk,konserwatywna,15,0.8,0.6017699115044248
ariadna,R_21xfCJa28kBdVdv,konserwatywna,15,0.7333333333333333,0.4545454545454545
ariadna,R_25Cf7mnMrsGBRgB,konserwatywna,15,0.7333333333333333,0.4736842105263157
ariadna,R_2CKp6092B4ZKBJK,konserwatywna,15,0.7333333333333333,0.4444444444444443
ariadna,R_2EiWEwnmrayqHNT,konserwatywna,15,0.7333333333333333,0.4642857142857142
ariadna,R_2FFmDUCIm4hy2Cx,konserwatywna,15,0.7333333333333333,0.4827586206896551
ariadna,R_2G31tS5DMIE2Xns,konserwatywna,15,0.7333333333333333,0.39999999999999986
ariadna,R_2JJHZsJTOkexRMK,konserwatywna,15,0.7333333333333333,0.4736842105263157
ariadna,R_2N3aXNKsXHsjpdW,konserwatywna,15,0.7333333333333333,0.39999999999999986
ariadna,R_2OkuXrNjO4FFF3T,konserwatywna,15,0.7333333333333333,0.4642857142857142
ariadna,R_2POjNYGYe1XGI7X,konserwatywna,15,0.7333333333333333,0.4642857142857142
ariadna,R_2gT8W8YxN3fCyAK,konserwatywna,15,0.7333333333333333,0.4642857142857142
ariadna,R_2kM8o8H7PmigCta,konserwatywna,15,0.7333333333333333,0.4736842105263157
ariadna,R_2qyXF7T1Kg2L8tz,konserwatywna,15,0.7333333333333333,0.4545454545454545
ariadna,R_83w3x69pbaJXvBD,konserwatywna,15,0.7333333333333333,0.41176470588235287
ariadna,R_8CkrqmUAqpzY6F2,konserwatywna,15,0.7333333333333333,0.39999999999999986
ariadna,R_8JF2syYe5s2r6iq,konserwatywna,15,0.7333333333333333,0.4642857142857142
ariadna,R_8MosbX1UThWwFxM,konserwatywna,15,0.7333333333333333,0.4736842105263157
ariadna,R_8c2h5u0VglTUM30,konserwatywna,15,0.7333333333333333,0.3181818181818178
ariadna,R_8dRZwcdFSQo8enB,konserwatywna,15,0.7333333333333333,0.39999999999999986
ariadna,R_8e8BSSg8wd4xVSE,konserwatywna,15,0.7333333333333333,0.4545454545454545
ariadna,R_8odKkshXB3EHE7U,konserwatywna,15,0.7333333333333333,0.4545454545454545
ariadna,R_8uxgO0V5l9TugPL,konserwatywna,15,0.7333333333333333,0.3181818181818178
ariadna,R_8xSwW3DCAgayLpT,konserwatywna,15,0.7333333333333333,0.4545454545454545
ariadna,R_8xk2UIf7wrNTZh7,konserwatywna,15,0.7333333333333333,0.4444444444444443
ariadna,R_21YLZF1qqGDdgJo,konserwatywna,15,0.6666666666666666,0.3119266055045871
ariadna,R_24DfxPEnc3QxvAz,konserwatywna,15,0.6666666666666666,0.3243243243243242
ariadna,R_27PEO0DDESmYLrW,konserwatywna,15,0.6666666666666666,0.28571428571428564
ariadna,R_2BhpMgi9i9VN3Ve,konserwatywna,15,0.6666666666666666,0.3243243243243242
ariadna,R_2CwAzchfujMnt4Z,konserwatywna,15,0.6666666666666666,0.33628318584070793
ariadna,R_2MM6TmdkSW7hTd9,konserwatywna,15,0.6666666666666666,0.21052631578947348
ariadna,R_2R55zrOHn2DDJ2F,konserwatywna,15,0.6666666666666666,0.3243243243243242
ariadna,R_2RgcjZ4S08SinXr,konserwatywna,15,0.6666666666666666,0.3243243243243242
ariadna,R_2TDtIroKKt9q3AJ,konserwatywna,15,0.6666666666666666,0.33628318584070793
ariadna,R_2V4QglgMTXrTKb6,konserwatywna,15,0.6666666666666666,0.3589743589743589
ariadna,R_2qfIkpHB5gYyM2Z,konserwatywna,15,0.6666666666666666,0.33628318584070793
ariadna,R_82PhpuPmmvJpxNh,konserwatywna,15,0.6666666666666666,0.3243243243243242
ariadna,R_895j3yH6K4zwZRo,konserwatywna,15,0.6666666666666666,0.3243243243243242
ariadna,R_8KtwVFRCwCDaRup,konserwatywna,15,0.6666666666666666,0.3478260869565216
ariadna,R_8QorvfcN2D98eRN,konserwatywna,15,0.6666666666666666,0.3589743589743589
ariadna,R_8SprXchn4QZGT9B,konserwatywna,15,0.6666666666666666,0.2105263157894737
ariadna,R_8YLNPXAya7YfUwv,konserwatywna,15,0.6666666666666666,0.28571428571428564
ariadna,R_8mJieiCaFAwp11z,konserwatywna,15,0.6666666666666666,0.2105263157894737
ariadna,R_8oXhHj6iubLvbuD,konserwatywna,15,0.6666666666666666,0.33628318584070793
ariadna,R_8rSBrxWj9PfjBpY,konserwatywna,15,0.6666666666666666,0.3478260869565216
ariadna,R_20GtnZKM4g0Cdvb,konserwatywna,15,0.6,0.2105263157894737
ariadna,R_23UF2O6MHqq8fdz,konserwatywna,15,0.6,0.2105263157894737
ariadna,R_25GH9IyffaOWqOK,konserwatywna,15,0.6,0.18181818181818185
ariadna,R_2Clm8tlgNMOOI5H,konserwatywna,15,0.6,0.1666666666666666
ariadna,R_2OHQCjEESMvxjU8,konserwatywna,15,0.6,0.1666666666666666
ariadna,R_2SrcDdKBoGjO4HT,konserwatywna,15,0.6,0.24999999999999994
ariadna,R_2XPeeRq6pDkkQYV,konserwatywna,15,0.6,0.18181818181818185
ariadna,R_2cAUjbihI6J6C21,konserwatywna,15,0.6,0.1666666666666666
ariadna,R_2nq7O9yTEcmtxK3,konserwatywna,15,0.6,0.2105263157894737
ariadna,R_86gT3R31cSrufVS,konserwatywna,15,0.6,0.1666666666666666
ariadna,R_8E4NrWBGIYCX20Q,konserwatywna,15,0.6,0.18181818181818185
ariadna,R_8MuyCkIZ5SObgqZ,konserwatywna,15,0.6,0.24999999999999994
ariadna,R_8PIgKyy5YTy4KNm,konserwatywna,15,0.6,0.18181818181818185
ariadna,R_8PqAj1tO8RBuLxn,konserwatywna,15,0.6,0.0999999999999999
ariadna,R_8VpVgwjI7LkTg6E,konserwatywna,15,0.6,0.2105263157894737
ariadna,R_8dSYflGftXcsfkZ,konserwatywna,15,0.6,0.11764705882352942
ariadna,R_8g1Pz5LEyjO9avu,konserwatywna,15,0.6,0.24999999999999994
ariadna,R_8hHfTmY2x5Vki8h,konserwatywna,15,0.6,0.2105263157894737
ariadna,R_8iqvAGHHlMrWYSb,konserwatywna,15,0.6,0.1666666666666666
ariadna,R_8irdO1eEpfzrvqh,konserwatywna,15,0.6,0.19642857142857137
ariadna,R_8n18BzveI0sgsWk,konserwatywna,15,0.6,0.2241379310344827
ariadna,R_8nGEcyjVF930NqX,konserwatywna,15,0.6,0.18181818181818185
ariadna,R_8oFgkHJQZrBqP1D,konserwatywna,15,0.6,0.24999999999999994
ariadna,R_8pMxGZ5q2ITHoGZ,konserwatywna,15,0.6,0.19642857142857137
ariadna,R_8w4wVy8jEewu6ST,konserwatywna,15,0.6,0.18181818181818185
ariadna,R_8xCXGsujKCqig7a,konserwatywna,15,0.6,0.2105263157894737
ariadna,R_8zBhmHkvGuMJypz,konserwatywna,15,0.6,0.0
ariadna,R_2MRw1iA03TDeelC,konserwatywna,15,0.5333333333333333,0.03669724770642203
ariadna,R_2YyLVXyD1z1wcN8,konserwatywna,15,0.5333333333333333,0.03669724770642203
ariadna,R_2erwV41EhxJCmdv,konserwatywna,15,0.5333333333333333,0.0
ariadna,R_2pmP3OuQVTqTvBD,konserwatywna,15,0.5333333333333333,0.05405405405405396
ariadna,R_2qvWZgN5vaW1DCF,konserwatywna,15,0.5333333333333333,0.07079646017699116
ariadna,R_2uCyawYLBzaXpoR,konserwatywna,15,0.5333333333333333,0.05405405405405396
ariadna,R_2vRI607HEp5WYQF,konserwatywna,15,0.5333333333333333,0.07079646017699116
ariadna,R_2vXVQq6wVANBvPj,konserwatywna,15,0.5333333333333333,0.10256410256410248
ariadna,R_2y1RITt66YhKnXv,konserwatywna,15,0.5333333333333333,0.07079646017699116
ariadna,R_85Umy7HfHTapCw1,konserwatywna,15,0.5333333333333333,0.08695652173913035
ariadna,R_8AvCuS17edSngdz,konserwatywna,15,0.5333333333333333,0.03669724770642203
ariadna,R_8DwCiamRz9CIeet,konserwatywna,15,0.5333333333333333,0.05405405405405396
ariadna,R_8JVOyN1Aq2QHaWR,konserwatywna,15,0.5333333333333333,0.05405405405405396
ariadna,R_8LOjrv9sQ4B0U27,konserwatywna,15,0.5333333333333333,0.018691588785046617
ariadna,R_8dE8yOVcIxTLAro,konserwatywna,15,0.5333333333333333,0.10256410256410257
ariadna,R_8ea6bKdHN7y51sR,konserwatywna,15,0.5333333333333333,0.07079646017699116
ariadna,R_8jZdlhaeCPT0USi,konserwatywna,15,0.5333333333333333,0.05405405405405396
ariadna,R_8k4xHbetOXTViBb,konserwatywna,15,0.5333333333333333,0.08695652173913035
ariadna,R_2TphhY5YNOWWXMy,konserwatywna,15,0.4666666666666667,-0.0909090909090908
ariadna,R_2fTCuXjy8cwIckk,konserwatywna,15,0.4666666666666667,-0.052631578947368314
ariadna,R_2rjHLQBVSPMCXFY,konserwatywna,15,0.4666666666666667,0.0
ariadna,R_83mz5PxONQbuCWV,konserwatywna,15,0.4666666666666667,-0.11111111111111113
ariadna,R_8SjiJahrKz1HMjm,konserwatywna,15,0.4666666666666667,-0.052631578947368314
ariadna,R_8oh7dZeLr4iTht3,konserwatywna,15,0.4666666666666667,-0.03448275862068966
ariadna,R_8uEsCqTRgphT82G,konserwatywna,15,0.4666666666666667,-0.17647058823529402
ariadna,R_27UAVXoS8YWztp7,konserwatywna,15,0.4,-0.23853211009174305
ariadna,R_2QEoSl66JtYDDqY,konserwatywna,15,0.4,-0.17391304347826092
ariadna,R_2aYaQiLWVLHpTaU,konserwatywna,15,0.4,-0.17391304347826092
ariadna,R_2c1QYtOt96NSgrG,konserwatywna,15,0.4,-0.21621621621621628
ariadna,R_2hZjDO9iwMh64eW,konserwatywna,15,0.4,-0.17391304347826092
ariadna,R_2xWrJgMckUn7J8d,konserwatywna,15,0.4,-0.19469026548672558
ariadna,R_8GfEQn9EsrAKojR,konserwatywna,15,0.4,-0.17391304347826092
ariadna,R_8ojnPqTBKUGfM6y,konserwatywna,15,0.4,-0.09756097560975613
ariadna,R_8uS4BgarsJuJOXD,konserwatywna,15,0.4,-0.21621621621621628
ariadna,R_2OCadZxJRyr6Kkv,konserwatywna,15,0.3333333333333333,-0.31578947368421045
ariadna,R_2flLwTb43iToB98,konserwatywna,15,0.3333333333333333,-0.25000000000000006
ariadna,R_2qDx1D8vdQLYQGp,konserwatywna,15,0.3333333333333333,-0.31578947368421045
ariadna,R_8FDMccCtKSliyxO,konserwatywna,15,0.3333333333333333,-0.29310344827586216
ariadna,R_8fCqxTFS4edFdfO,konserwatywna,15,0.3333333333333333,-0.33928571428571436
ariadna,R_8rZRp24uG3GI8iS,konserwatywna,15,0.3333333333333333,-0.29310344827586216
ariadna,R_8wvhr7EUYh61sr1,konserwatywna,15,0.3333333333333333,-0.31578947368421045
ariadna,R_2MSvW8xdHIr7M2P,konserwatywna,15,0.26666666666666666,-0.4864864864864866
ariadna,R_8CdPkn3DyC1kzPG,konserwatywna,15,0.26666666666666666,-0.4347826086956523
ariadna,R_8It0hMspcGlC0Mz,konserwatywna,15,0.26666666666666666,-0.4864864864864866
ariadna,R_8iqY92O3nPpZIT4,konserwatywna,15,0.26666666666666666,-0.4601769911504424
ariadna,R_8v8EZpiU29XJm81,konserwatywna,15,0.26666666666666666,-0.4864864864864866
ariadna,R_8wigV6Wu6IKKt8l,konserwatywna,15,0.26666666666666666,-0.4864864864864866
ariadna,R_2F3HpPY60bo9CFP,konserwatywna,15,0.2,-0.5789473684210524
ariadna,R_2Puivgesmm5ySqM,konserwatywna,15,0.2,-0.6071428571428572
ariadna,R_2QAI9b1jPkC6WhJ,konserwatywna,15,0.2,-0.38461538461538475
ariadna,R_22Lm8dLN4OW0m3F,konserwatywna,15,0.13333333333333333,-0.6666666666666666
ariadna,R_85iH6jkmSn04NlT,konserwatywna,15,0.13333333333333333,-0.5599999999999999
ariadna,R_86wrRidcVwF6ffj,konserwatywna,15,0.13333333333333333,-0.5853658536585368
ariadna,R_8YUI8u1RxuQgHK1,konserwatywna,15,0.13333333333333333,-0.6666666666666666
ariadna,R_2ozIYzvFvoQ5b0H,konserwatywna,15,0.06666666666666667,-0.8421052631578946
ariadna,R_2tv9eyE5oPDjbmp,konserwatywna,15,0.06666666666666667,-0.8421052631578946
ariadna,R_8N9wCCDcOnFw7Od,konserwatywna,15,0.06666666666666667,-0.8421052631578946
ariadna,R_2TBNk4xpBd8OXZU,konserwatywna,15,0.0,-0.923076923076923
ariadna,R_21YYT1vHylDvm3V,latynoamerykańska,15,1.0,1.0
ariadna,R_2DqmBlPMuNPs0YJ,latynoamerykańska,15,1.0,1.0
ariadna,R_2Hdgb6pzO6Ik3cx,latynoamerykańska,15,1.0,1.0
ariadna,R_2Wevv9T0rlkrKlX,latynoamerykańska,15,1.0,1.0
ariadna,R_2XPeeRq6pDkkQYV,latynoamerykańska,15,1.0,1.0
ariadna,R_2c1QYtOt96NSgrG,latynoamerykańska,15,1.0,1.0
ariadna,R_81Sg3amwKcAw9e0,latynoamerykańska,15,1.0,1.0
ariadna,R_8CQ2M7Rk6ReKhoJ,latynoamerykańska,15,1.0,1.0
ariadna,R_8JQemhT2CuiPmVz,latynoamerykańska,15,1.0,1.0
ariadna,R_8KwpBu6DdJ9vqAh,latynoamerykańska,15,1.0,1.0
ariadna,R_8LZ8WR32Lr3QIcn,latynoamerykańska,15,1.0,1.0
ariadna,R_8PuVP9iGJcK0tAt,latynoamerykańska,15,1.0,1.0
ariadna,R_8YPRiuMgb4cON8M,latynoamerykańska,15,1.0,1.0
ariadna,R_8Ypimg6qBAFDBIZ,latynoamerykańska,15,1.0,1.0
ariadna,R_8i3R1eNCX8f2jQa,latynoamerykańska,15,1.0,1.0
ariadna,R_8vV34t37KR9fsI1,latynoamerykańska,15,1.0,1.0
ariadna,R_21cC7G3yleurDwd,latynoamerykańska,15,0.9333333333333333,0.8648648648648649
ariadna,R_297Q1mlfATLxXgZ,latynoamerykańska,15,0.9333333333333333,0.8672566371681416
ariadna,R_2CHfcRkm2pQ2QFv,latynoamerykańska,15,0.9333333333333333,0.8571428571428572
ariadna,R_2EXNXWFXkp74VGF,latynoamerykańska,15,0.9333333333333333,0.8648648648648649
ariadna,R_2EckFrJKdcd1r2T,latynoamerykańska,15,0.9333333333333333,0.8648648648648649
ariadna,R_2Hn9HoTFI3YZ9Tz,latynoamerykańska,15,0.9333333333333333,0.8571428571428572
ariadna,R_2K2hoj5Qy58bN3b,latynoamerykańska,15,0.9333333333333333,0.8648648648648649
ariadna,R_2Puivgesmm5ySqM,latynoamerykańska,15,0.9333333333333333,0.8648648648648649
ariadna,R_2Qose7hewFhktAa,latynoamerykańska,15,0.9333333333333333,0.8672566371681416
ariadna,R_2pCqA1NBSv3X5oR,latynoamerykańska,15,0.9333333333333333,0.8672566371681416
ariadna,R_2pKpmRhQ43fwxem,latynoamerykańska,15,0.9333333333333333,0.8648648648648649
ariadna,R_2sSjjK5lUeNzvin,latynoamerykańska,15,0.9333333333333333,0.8672566371681416
ariadna,R_2uvzoqA6wBhXw22,latynoamerykańska,15,0.9333333333333333,0.8672566371681416
ariadna,R_805TIgMgJvjPgqd,latynoamerykańska,15,0.9333333333333333,0.8148148148148148
ariadna,R_8BY5cTdiwFkn9zS,latynoamerykańska,15,0.9333333333333333,0.8571428571428572
ariadna,R_8KrPGyx7hP18yTp,latynoamerykańska,15,0.9333333333333333,0.8421052631578948
ariadna,R_8MyvszWtmpPCH9L,latynoamerykańska,15,0.9333333333333333,0.8648648648648649
ariadna,R_8S9g8wTY8Xu2gbT,latynoamerykańska,15,0.9333333333333333,0.8148148148148148
ariadna,R_8SLfXvjF5Y2Kkud,latynoamerykańska,15,0.9333333333333333,0.8672566371681416
ariadna,R_8fdQBbf0TGsb7l1,latynoamerykańska,15,0.9333333333333333,0.8672566371681416
ariadna,R_8pFs7VcVRRuij7g,latynoamerykańska,15,0.9333333333333333,0.8648648648648649
ariadna,R_8pMWcg5z1UY3foX,latynoamerykańska,15,0.9333333333333333,0.8672566371681416
ariadna,R_8pQ36IUtNUZhEGl,latynoamerykańska,15,0.9333333333333333,0.8648648648648649
ariadna,R_8w1FrzycSBGRrX3,latynoamerykańska,15,0.9333333333333333,0.8672566371681416
ariadna,R_8w4wVy8jEewu6ST,latynoamerykańska,15,0.9333333333333333,0.761904761904762
ariadna,R_8zjYvDnn7k5ra8B,latynoamerykańska,15,0.9333333333333333,0.8148148148148148
ariadna,R_21GWJRj3tD5hYr9,latynoamerykańska,15,0.8666666666666667,0.7222222222222223
ariadna,R_24JifL77G8D0ZWT,latynoamerykańska,15,0.8666666666666667,0.7272727272727274
ariadna,R_25Cf7mnMrsGBRgB,latynoamerykańska,15,0.8666666666666667,0.736842105263158
ariadna,R_2By4q6ScwtEtppD,latynoamerykańska,15,0.8666666666666667,0.7222222222222223
ariadna,R_2DNEAVsGGfUWSqt,latynoamerykańska,15,0.8666666666666667,0.736842105263158
ariadna,R_2Dv5eiyuRBzNSyR,latynoamerykańska,15,0.8666666666666667,0.7272727272727274
ariadna,R_2E1xatTiZz8Kde9,latynoamerykańska,15,0.8666666666666667,0.7321428571428572
ariadna,R_2G31tS5DMIE2Xns,latynoamerykańska,15,0.8666666666666667,0.6666666666666666
ariadna,R_2KCNIApS3msjNWi,latynoamerykańska,15,0.8666666666666667,0.7222222222222223
ariadna,R_2Kj5dakjDYVHYGf,latynoamerykańska,15,0.8666666666666667,0.736842105263158
ariadna,R_2LaQWS8kfhthIFb,latynoamerykańska,15,0.8666666666666667,0.736842105263158
ariadna,R_2POjNYGYe1XGI7X,latynoamerykańska,15,0.8666666666666667,0.736842105263158
ariadna,R_2VDvYWvRILFO6wp,latynoamerykańska,15,0.8666666666666667,0.6590909090909093
ariadna,R_2aXmtIgbUN3e5C5,latynoamerykańska,15,0.8666666666666667,0.7000000000000001
ariadna,R_2djpmlR5vN7JNQH,latynoamerykańska,15,0.8666666666666667,0.6666666666666666
ariadna,R_2gwvcJg8uhJFe1P,latynoamerykańska,15,0.8666666666666667,0.7058823529411765
ariadna,R_2jUEVsQzUmMR1hq,latynoamerykańska,15,0.8666666666666667,0.7000000000000001
ariadna,R_2saXs6ZkrLSlcOT,latynoamerykańska,15,0.8666666666666667,0.7321428571428572
ariadna,R_2zGV4atFCh2fyuZ,latynoamerykańska,15,0.8666666666666667,0.7000000000000001
ariadna,R_814QvpUVbQL92Kr,latynoamerykańska,15,0.8666666666666667,0.736842105263158
ariadna,R_84OxMBM9TQBvUdC,latynoamerykańska,15,0.8666666666666667,0.736842105263158
ariadna,R_8DO3lKQ7kMwjmaR,latynoamerykańska,15,0.8666666666666667,0.7222222222222223
ariadna,R_8NxnqIeKl7hG4CJ,latynoamerykańska,15,0.8666666666666667,0.7222222222222223
ariadna,R_8OZhdT9gR1AATha,latynoamerykańska,15,0.8666666666666667,0.7321428571428572
ariadna,R_8Qhd6yFHU9QTlrH,latynoamerykańska,15,0.8666666666666667,0.7222222222222223
ariadna,R_8SjiJahrKz1HMjm,latynoamerykańska,15,0.8666666666666667,0.7272727272727274
ariadna,R_8ZbdU1KlqiQFCSJ,latynoamerykańska,15,0.8666666666666667,0.6590909090909093
ariadna,R_8h4GlFMPnAJ2zxx,latynoamerykańska,15,0.8666666666666667,0.7321428571428572
ariadna,R_8jB7asjQ2OyjGpj,latynoamerykańska,15,0.8666666666666667,0.7000000000000001
ariadna,R_8jeE1EaV9w03VFn,latynoamerykańska,15,0.8666666666666667,0.7222222222222223
ariadna,R_8qUJB0Z6jQlWsP7,latynoamerykańska,15,0.8666666666666667,0.7321428571428572
ariadna,R_21tTtfR2FOP38g3,latynoamerykańska,15,0.8,0.5871559633027524
ariadna,R_21xfCJa28kBdVdv,latynoamerykańska,15,0.8,0.5263157894736843
ariadna,R_25AxwwGd2m5hlaO,latynoamerykańska,15,0.8,0.5714285714285715
ariadna,R_27UAVXoS8YWztp7,latynoamerykańska,15,0.8,0.6153846153846155
ariadna,R_2AMUxfWlH5828EG,latynoamerykańska,15,0.8,0.5945945945945946
ariadna,R_2CldILNmxIPE9Q1,latynoamerykańska,15,0.8,0.6017699115044248
ariadna,R_2CwAzchfujMnt4Z,latynoamerykańska,15,0.8,0.5945945945945946
ariadna,R_2EiWEwnmrayqHNT,latynoamerykańska,15,0.8,0.5714285714285715
ariadna,R_2PC5raYVg883awG,latynoamerykańska,15,0.8,0.5454545454545455
ariadna,R_2PjsJNa531R55OL,latynoamerykańska,15,0.8,0.6017699115044248
ariadna,R_2WAK71y2sWza7sd,latynoamerykańska,15,0.8,0.6086956521739131
ariadna,R_2X4gOahRLKRolMU,latynoamerykańska,15,0.8,0.6086956521739131
ariadna,R_2hnCF8m3SqPbGSZ,latynoamerykańska,15,0.8,0.5714285714285715
ariadna,R_2oFJWm84aDiFblT,latynoamerykańska,15,0.8,0.5454545454545455
ariadna,R_2pmP3OuQVTqTvBD,latynoamerykańska,15,0.8,0.5263157894736844
ariadna,R_82tOX0CeKJVccNK,latynoamerykańska,15,0.8,0.5871559633027524
ariadna,R_8CdPkn3DyC1kzPG,latynoamerykańska,15,0.8,0.5714285714285715
ariadna,R_8D78pYUz6Npm1ze,latynoamerykańska,15,0.8,0.5454545454545456
ariadna,R_8EuTor8BefeZAUs,latynoamerykańska,15,0.8,0.6017699115044248
ariadna,R_8ISrYcfBApPJhC7,latynoamerykańska,15,0.8,0.6153846153846155
ariadna,R_8MfmYoCkiaW0BNI,latynoamerykańska,15,0.8,0.5945945945945946
ariadna,R_8MljqrCk3AkCgYI,latynoamerykańska,15,0.8,0.5714285714285715
ariadna,R_8X6XSeQQJIoxw9k,latynoamerykańska,15,0.8,0.6153846153846155
ariadna,R_8alPcVVlJZ6IePD,latynoamerykańska,15,0.8,0.6017699115044248
ariadna,R_8dSYflGftXcsfkZ,latynoamerykańska,15,0.8,0.5714285714285715
ariadna,R_8eWJyqD7Eqgpu2y,latynoamerykańska,15,0.8,0.6017699115044248
ariadna,R_8qUKJQBKxpy0TN8,latynoamerykańska,15,0.8,0.6086956521739131
ariadna,R_8rCYhoNDEYBu8CZ,latynoamerykańska,15,0.8,0.5945945945945946
ariadna,R_8ylsNyIS4xdfS3U,latynoamerykańska,15,0.8,0.5945945945945946
ariadna,R_23BXQ24onXAZeYD,latynoamerykańska,15,0.7333333333333333,0.4545454545454545
ariadna,R_2LjaJpTrc3Jttq8,latynoamerykańska,15,0.7333333333333333,0.4444444444444443
ariadna,R_2N5wFosVv3Y9Lep,latynoamerykańska,15,0.7333333333333333,0.4736842105263157
ariadna,R_2e2E57PFELnN8nq,latynoamerykańska,15,0.7333333333333333,0.39999999999999986
ariadna,R_2nvj3FAb3B9DnL2,latynoamerykańska,15,0.7333333333333333,0.4642857142857142
ariadna,R_2qOsSATZ9GYVzax,latynoamerykańska,15,0.7333333333333333,0.4999999999999999
ariadna,R_2yb0EUpZqnE3d7z,latynoamerykańska,15,0.7333333333333333,0.41176470588235287
ariadna,R_87I0wnxMcNYVgkH,latynoamerykańska,15,0.7333333333333333,0.4642857142857142
ariadna,R_89h1siRrM4IVJC9,latynoamerykańska,15,0.7333333333333333,0.4642857142857142
ariadna,R_8Q6Cc6J0tLhizyo,latynoamerykańska,15,0.7333333333333333,0.4444444444444443
ariadna,R_8SXQbhZJkkgchfb,latynoamerykańska,15,0.7333333333333333,0.4545454545454545
ariadna,R_8VdXQ0yQ5BgYJm8,latynoamerykańska,15,0.7333333333333333,0.4642857142857142
ariadna,R_8lEysZdfxLUkaLQ,latynoamerykańska,15,0.7333333333333333,0.4444444444444443
ariadna,R_8nYKlVyt343ZX8u,latynoamerykańska,15,0.7333333333333333,0.4827586206896551
ariadna,R_8tyi6YVrXDIO56Y,latynoamerykańska,15,0.7333333333333333,0.4444444444444443
ariadna,R_24oCjcGb34HV0ev,latynoamerykańska,15,0.6666666666666666,0.3243243243243242
ariadna,R_265azWuEu2KDFlK,latynoamerykańska,15,0.6666666666666666,0.39999999999999986
ariadna,R_26TzBcLPvyTr5Zv,latynoamerykańska,15,0.6666666666666666,0.3478260869565216
ariadna,R_2EfJ62StpPt9wxE,latynoamerykańska,15,0.6666666666666666,0.28571428571428564
ariadna,R_2SAe82zv0YePNnX,latynoamerykańska,15,0.6666666666666666,0.3243243243243242
ariadna,R_2pKx5El5V9r4fVi,latynoamerykańska,15,0.6666666666666666,0.3119266055045871
ariadna,R_2vZiIFhb6IPh1hj,latynoamerykańska,15,0.6666666666666666,0.3119266055045871
ariadna,R_87p2b8DhQIqjBrT,latynoamerykańska,15,0.6666666666666666,0.3119266055045871
ariadna,R_8Iaxfx60x22BImL,latynoamerykańska,15,0.6666666666666666,0.3478260869565216
ariadna,R_8LpWZYOvXqrJcOA,latynoamerykańska,15,0.6666666666666666,0.33628318584070793
ariadna,R_8MhWqPe0l7nh3vr,latynoamerykańska,15,0.6666666666666666,0.3243243243243242
ariadna,R_8VYVIYXfWSAOllT,latynoamerykańska,15,0.6666666666666666,0.3478260869565216
ariadna,R_8XX08pxtxyN7Xyh,latynoamerykańska,15,0.6666666666666666,0.3243243243243242
ariadna,R_8yjb76PJhAwcRwy,latynoamerykańska,15,0.6666666666666666,0.3589743589743589
ariadna,R_24DfxPEnc3QxvAz,latynoamerykańska,15,0.6,0.19642857142857137
ariadna,R_2CKp6092B4ZKBJK,latynoamerykańska,15,0.6,0.19642857142857137
ariadna,R_2QRF34XrxMTiv13,latynoamerykańska,15,0.6,0.3076923076923076
ariadna,R_88UNDrQyDVWM2yD,latynoamerykańska,15,0.6,0.1666666666666666
ariadna,R_8JVOyN1Aq2QHaWR,latynoamerykańska,15,0.6,0.1666666666666666
ariadna,R_8KtwVFRCwCDaRup,latynoamerykańska,15,0.6,0.24999999999999994
ariadna,R_8wjlDfOoemwws3o,latynoamerykańska,15,0.6,0.19642857142857137
ariadna,R_8wvhr7EUYh61sr1,latynoamerykańska,15,0.6,0.2105263157894737
ariadna,R_269ybJHzYODjVeN,latynoamerykańska,15,0.5333333333333333,0.14634146341463408
ariadna,R_2HGQ9MBORLc71ZL,latynoamerykańska,15,0.5333333333333333,0.05405405405405396
ariadna,R_2qX18jH7SICzKq4,latynoamerykańska,15,0.5333333333333333,0.05405405405405396
ariadna,R_8ISGYKvrHyBYT17,latynoamerykańska,15,0.5333333333333333,0.10256410256410257
ariadna,R_8KVgtTINi6aWZiN,latynoamerykańska,15,0.5333333333333333,0.08695652173913035
ariadna,R_8PIgKyy5YTy4KNm,latynoamerykańska,15,0.5333333333333333,0.05405405405405396
ariadna,R_8VBG8PRj09cQNu9,latynoamerykańska,15,0.5333333333333333,0.018691588785046617
ariadna,R_8nOT4riczo94xk2,latynoamerykańska,15,0.5333333333333333,0.05405405405405396
ariadna,R_2R2fncMWbgpysxi,latynoamerykańska,15,0.4666666666666667,-0.11111111111111113
ariadna,R_2sTOqlPF7QygHY2,latynoamerykańska,15,0.4666666666666667,-0.17647058823529402
ariadna,R_2wc2eUj0wYAOAjI,latynoamerykańska,15,0.4666666666666667,-0.07142857142857144
ariadna,R_89BfoEdwSJA9ndT,latynoamerykańska,15,0.4666666666666667,0.0
ariadna,R_8AAd1O7Fx2zvNFD,latynoamerykańska,15,0.4666666666666667,-0.052631578947368314
ariadna,R_8iqvAGHHlMrWYSb,latynoamerykańska,15,0.4666666666666667,-0.052631578947368314
ariadna,R_23euSBBb7XRLXIW,latynoamerykańska,15,0.4,-0.15384615384615377
ariadna,R_82LvlomsR7GIsxd,latynoamerykańska,15,0.4,-0.17391304347826092
ariadna,R_8PobAiBYSdrkLw9,latynoamerykańska,15,0.4,-0.21621621621621628
ariadna,R_23sRVpHGK3XXo0V,latynoamerykańska,15,0.3333333333333333,-0.3636363636363636
ariadna,R_2PhYtI6fedSSZ0D,latynoamerykańska,15,0.3333333333333333,-0.31578947368421045
ariadna,R_8eMf52UIskYSbbH,latynoamerykańska,15,0.3333333333333333,-0.3636363636363636
ariadna,R_8n18BzveI0sgsWk,latynoamerykańska,15,0.3333333333333333,-0.153846153846154
ariadna,R_2gj82wyeU8tKiji,latynoamerykańska,15,0.26666666666666666,-0.4864864864864866
ariadna,R_83w3x69pbaJXvBD,latynoamerykańska,15,0.26666666666666666,-0.4601769911504424
ariadna,R_2l0VTJKAWtjFGO5,latynoamerykańska,15,0.06666666666666667,-0.8421052631578946
ariadna,R_28TWQkfZ6NcTW40,męska,15,1.0,1.0
ariadna,R_2D0kRu03DxRb6wH,męska,15,1.0,1.0
ariadna,R_2DqmBlPMuNPs0YJ,męska,15,1.0,1.0
ariadna,R_2LBUYOmUI8QDCwl,męska,15,1.0,1.0
ariadna,R_2RgcjZ4S08SinXr,męska,15,1.0,1.0
ariadna,R_2eL1p44IRJ3His9,męska,15,1.0,1.0
ariadna,R_2jPP0nL8PH4RmX5,męska,15,1.0,1.0
ariadna,R_2kM8o8H7PmigCta,męska,15,1.0,1.0
ariadna,R_2sbH6qXQYiMeKLA,męska,15,1.0,1.0
ariadna,R_2yb0EUpZqnE3d7z,męska,15,1.0,1.0
ariadna,R_88IeILmtO4k9Gga,męska,15,1.0,1.0
ariadna,R_8DO3lKQ7kMwjmaR,męska,15,1.0,1.0
ariadna,R_8EMFmcqGFOQqtGj,męska,15,1.0,1.0
ariadna,R_8GE5C350gpDVW51,męska,15,1.0,1.0
ariadna,R_8HFDYREGZmVjGcY,męska,15,1.0,1.0
ariadna,R_8JF2syYe5s2r6iq,męska,15,1.0,1.0
ariadna,R_8Pvcpy9SRrt1O59,męska,15,1.0,1.0
ariadna,R_8XiCFPziWqPdHwt,męska,15,1.0,1.0
ariadna,R_8ojnPqTBKUGfM6y,męska,15,1.0,1.0
ariadna,R_8pQ36IUtNUZhEGl,męska,15,1.0,1.0
ariadna,R_8pVUNqD6EIoozqY,męska,15,1.0,1.0
ariadna,R_21cC7G3yleurDwd,męska,15,0.9333333333333333,0.8571428571428572
ariadna,R_23euSBBb7XRLXIW,męska,15,0.9333333333333333,0.8148148148148149
ariadna,R_2DTuFkhG8DHqKHX,męska,15,0.9333333333333333,0.8571428571428572
ariadna,R_2ILOtbO6CMpiHmh,męska,15,0.9333333333333333,0.8648648648648649
ariadna,R_2O8Gp6I6IArIh0M,męska,15,0.9333333333333333,0.8648648648648649
ariadna,R_2Qose7hewFhktAa,męska,15,0.9333333333333333,0.8648648648648649
ariadna,R_2qvLBECjUENCcAS,męska,15,0.9333333333333333,0.8648648648648649
ariadna,R_2rOAwk2eotMonnO,męska,15,0.9333333333333333,0.8148148148148148
ariadna,R_2t9j4NJBVpdBAvT,męska,15,0.9333333333333333,0.8672566371681416
ariadna,R_81Fh0m6hPrh76Pq,męska,15,0.9333333333333333,0.8571428571428572
ariadna,R_87k7EF8rGz4tx8B,męska,15,0.9333333333333333,0.8648648648648649
ariadna,R_8DSHPbOSrpBtMxj,męska,15,0.9333333333333333,0.8571428571428572
ariadna,R_8FLE4UYd7EeXed1,męska,15,0.9333333333333333,0.8648648648648649
ariadna,R_8M043VdLybdc9sm,męska,15,0.9333333333333333,0.8648648648648649
ariadna,R_8MRSb05YJnVO96P,męska,15,0.9333333333333333,0.8571428571428572
ariadna,R_8YyQpgHMP02xim1,męska,15,0.9333333333333333,0.8648648648648649
ariadna,R_8e95hjn9NmWthyc,męska,15,0.9333333333333333,0.8148148148148148
ariadna,R_8eWJyqD7Eqgpu2y,męska,15,0.9333333333333333,0.8672566371681416
ariadna,R_8fYLHfmd1Jwp0Y1,męska,15,0.9333333333333333,0.8648648648648649
ariadna,R_8fjTCXyXD3NT5XO,męska,15,0.9333333333333333,0.8648648648648649
ariadna,R_8hHkKOeNkLqCoJX,męska,15,0.9333333333333333,0.8571428571428572
ariadna,R_8mJieiCaFAwp11z,męska,15,0.9333333333333333,0.8571428571428572
ariadna,R_8rBpkSnHpqJ943M,męska,15,0.9333333333333333,0.8571428571428572
ariadna,R_8sdde1wmKvJ88gA,męska,15,0.9333333333333333,0.8648648648648649
ariadna,R_8uEsCqTRgphT82G,męska,15,0.9333333333333333,0.8648648648648649
ariadna,R_8uKcyMqe7CEoJSU,męska,15,0.9333333333333333,0.8648648648648649
ariadna,R_8v8EZpiU29XJm81,męska,15,0.9333333333333333,0.8571428571428572
ariadna,R_8zBhmHkvGuMJypz,męska,15,0.9333333333333333,0.8571428571428572
ariadna,R_23BXQ24onXAZeYD,męska,15,0.8666666666666667,0.5833333333333333
ariadna,R_2By4q6ScwtEtppD,męska,15,0.8666666666666667,0.7222222222222223
ariadna,R_2DhyxH2tqMtR6eZ,męska,15,0.8666666666666667,0.7222222222222223
ariadna,R_2HN7WiQ7BNAZQYd,męska,15,0.8666666666666667,0.7321428571428572
ariadna,R_2HnohLM0F2w5Ov1,męska,15,0.8666666666666667,0.7222222222222223
ariadna,R_2MSvW8xdHIr7M2P,męska,15,0.8666666666666667,0.7000000000000001
ariadna,R_2R4rFl6tFq91fFP,męska,15,0.8666666666666667,0.736842105263158
ariadna,R_2U91Z3wGky9s0p8,męska,15,0.8666666666666667,0.7000000000000001
ariadna,R_2fNso9AAtTaaBAD,męska,15,0.8666666666666667,0.5833333333333333
ariadna,R_2fTCuXjy8cwIckk,męska,15,0.8666666666666667,0.7321428571428572
ariadna,R_2fjCd78htTfEwhL,męska,15,0.8666666666666667,0.7272727272727274
ariadna,R_2fpjSUJHaOEDG7L,męska,15,0.8666666666666667,0.736842105263158
ariadna,R_2nsZ5hEjqmMiXwR,męska,15,0.8666666666666667,0.7272727272727274
ariadna,R_2pmWuDDl3KAbSur,męska,15,0.8666666666666667,0.736842105263158
ariadna,R_2soVXZbllNqNHnk,męska,15,0.8666666666666667,0.7321428571428572
ariadna,R_81Sg3amwKcAw9e0,męska,15,0.8666666666666667,0.7058823529411765
ariadna,R_8771fLXevrRAHTW,męska,15,0.8666666666666667,0.7321428571428572
ariadna,R_89mMAw2S4Oc18Sk,męska,15,0.8666666666666667,0.736842105263158
ariadna,R_8DwCiamRz9CIeet,męska,15,0.8666666666666667,0.736842105263158
ariadna,R_8EDqYt8Q30iPdFD,męska,15,0.8666666666666667,0.7321428571428572
ariadna,R_8FLm2MX2vXSY4Q6,męska,15,0.8666666666666667,0.6666666666666666
ariadna,R_8Fm0sPp8ZVVDZ2X,męska,15,0.8666666666666667,0.7321428571428572
ariadna,R_8GCADwpzkbUR76n,męska,15,0.8666666666666667,0.736842105263158
ariadna,R_8L4rga37MZmYn7z,męska,15,0.8666666666666667,0.6666666666666666
ariadna,R_8c2h5u0VglTUM30,męska,15,0.8666666666666667,0.7272727272727274
ariadna,R_8im1SoTLO9KYzBL,męska,15,0.8666666666666667,0.5833333333333333
ariadna,R_8kSsFyvMokEcSVL,męska,15,0.8666666666666667,0.736842105263158
ariadna,R_8ly21hIZLykqtYX,męska,15,0.8666666666666667,0.736842105263158
ariadna,R_8xk2UIf7wrNTZh7,męska,15,0.8666666666666667,0.7321428571428572
ariadna,R_8ylsNyIS4xdfS3U,męska,15,0.8666666666666667,0.7321428571428572
ariadna,R_20iVlFCj9df7Atw,męska,15,0.8,0.5714285714285715
ariadna,R_21Es8HcZMvd0Mwy,męska,15,0.8,0.6153846153846155
ariadna,R_25D2DplmLP7bwLT,męska,15,0.8,0.5945945945945946
ariadna,R_25GvoK5Ozx4N2sZ,męska,15,0.8,0.6086956521739131
ariadna,R_2DRdKEXYsxKPOUh,męska,15,0.8,0.5945945945945946
ariadna,R_2HtMGWZugWsBtob,męska,15,0.8,0.5714285714285715
ariadna,R_2KCNIApS3msjNWi,męska,15,0.8,0.6017699115044248
ariadna,R_2N5wFosVv3Y9Lep,męska,15,0.8,0.5945945945945946
ariadna,R_2Qcg7aVUClouZOh,męska,15,0.8,0.5945945945945946
ariadna,R_2S9sx8YmnesqWjk,męska,15,0.8,0.5714285714285715
ariadna,R_2aXmtIgbUN3e5C5,męska,15,0.8,0.44444444444444453
ariadna,R_2kvF05FTbgsDaaR,męska,15,0.8,0.5945945945945946
ariadna,R_2lHnojP1QqkhsOd,męska,15,0.8,0.5263157894736844
ariadna,R_2m3OA3ucYBvKZIY,męska,15,0.8,0.6086956521739131
ariadna,R_2ruHIXSt8emF7Gb,męska,15,0.8,0.5263157894736844
ariadna,R_2tv9eyE5oPDjbmp,męska,15,0.8,0.5714285714285715
ariadna,R_80rczTJTjafQVJp,męska,15,0.8,0.5945945945945946
ariadna,R_8E4NrWBGIYCX20Q,męska,15,0.8,0.5945945945945946
ariadna,R_8Enz8e9UYRaZWNZ,męska,15,0.8,0.5871559633027524
ariadna,R_8GWwig4QwhuCbSx,męska,15,0.8,0.6017699115044248
ariadna,R_8H1RutBdwphgMPW,męska,15,0.8,0.5945945945945946
ariadna,R_8MosbX1UThWwFxM,męska,15,0.8,0.5945945945945946
ariadna,R_8SHUk4BYdyEOrmV,męska,15,0.8,0.5945945945945946
ariadna,R_8VpVgwjI7LkTg6E,męska,15,0.8,0.5714285714285715
ariadna,R_8fdQBbf0TGsb7l1,męska,15,0.8,0.5945945945945946
ariadna,R_8q6xoxTsUB5QJwd,męska,15,0.8,0.5714285714285715
ariadna,R_8sb9TECn1tp8tQP,męska,15,0.8,0.5454545454545456
ariadna,R_8xnPehpUOtpDRDj,męska,15,0.8,0.6086956521739131
ariadna,R_22bS1hdVCT3tZtL,męska,15,0.7333333333333333,0.4545454545454545
ariadna,R_2Lj6lWJIO3W7xiu,męska,15,0.7333333333333333,0.41176470588235287
ariadna,R_2PC5raYVg883awG,męska,15,0.7333333333333333,0.41176470588235287
ariadna,R_2fJociv6MPVVco5,męska,15,0.7333333333333333,0.4642857142857142
ariadna,R_2kOkLUv7RofClCz,męska,15,0.7333333333333333,0.4545454545454545
ariadna,R_2uCyawYLBzaXpoR,męska,15,0.7333333333333333,0.4736842105263157
ariadna,R_2wTCb5fnyqf5z0n,męska,15,0.7333333333333333,0.4642857142857142
ariadna,R_89h1siRrM4IVJC9,męska,15,0.7333333333333333,0.4999999999999999
ariadna,R_8S9g8wTY8Xu2gbT,męska,15,0.7333333333333333,0.4642857142857142
ariadna,R_8Uc7DZJoRFzEYNj,męska,15,0.7333333333333333,0.4736842105263157
ariadna,R_8c7TugTGeIWRIPW,męska,15,0.7333333333333333,0.33333333333333326
ariadna,R_8e5jFvhVAFiHnDB,męska,15,0.7333333333333333,0.33333333333333326
ariadna,R_8jVxyUMbP1yS1Ep,męska,15,0.7333333333333333,0.4642857142857142
ariadna,R_8jZdlhaeCPT0USi,męska,15,0.7333333333333333,0.4736842105263157
ariadna,R_8mjT96t19twNfl7,męska,15,0.7333333333333333,0.4736842105263157
ariadna,R_8pMWcg5z1UY3foX,męska,15,0.7333333333333333,0.4736842105263157
ariadna,R_8qEA05Njop5EXwn,męska,15,0.7333333333333333,0.4736842105263157
ariadna,R_8rBle3LDguEn0dX,męska,15,0.7333333333333333,0.4545454545454545
ariadna,R_8rIJh0iBA2tFUbQ,męska,15,0.7333333333333333,0.4444444444444443
ariadna,R_2Cvc4mJjm8oWvKd,męska,15,0.6666666666666666,0.3119266055045871
ariadna,R_2D8fUKQncCb5PPw,męska,15,0.6666666666666666,0.28571428571428564
ariadna,R_2Y1jGKkCBEwqhbP,męska,15,0.6666666666666666,0.21052631578947348
ariadna,R_2mPMn2TSpvEYdaM,męska,15,0.6666666666666666,0.3243243243243242
ariadna,R_2qDx1D8vdQLYQGp,męska,15,0.6666666666666666,0.3243243243243242
ariadna,R_82PhpuPmmvJpxNh,męska,15,0.6666666666666666,0.3589743589743589
ariadna,R_8CdPkn3DyC1kzPG,męska,15,0.6666666666666666,0.3243243243243242
ariadna,R_8IIXkMUWS9w354Z,męska,15,0.6666666666666666,0.33628318584070793
ariadna,R_8Iaxfx60x22BImL,męska,15,0.6666666666666666,0.3119266055045871
ariadna,R_8WG7Qv8D4vvbgmt,męska,15,0.6666666666666666,0.3478260869565216
ariadna,R_8cfUSSeagGLfY9X,męska,15,0.6666666666666666,0.3119266055045871
ariadna,R_8fdOWU5K1xkGS9t,męska,15,0.6666666666666666,0.3243243243243242
ariadna,R_8ijJSjFOKq2cwAJ,męska,15,0.6666666666666666,0.33628318584070793
ariadna,R_2E6WAmw7Lqozlhw,męska,15,0.6,0.2105263157894737
ariadna,R_2fD4JlQq1ReJTLX,męska,15,0.6,0.24999999999999994
ariadna,R_8EWrpBhFH0On9H6,męska,15,0.6,0.2241379310344827
ariadna,R_8KVgtTINi6aWZiN,męska,15,0.6,0.0999999999999999
ariadna,R_8P2a7NCt9Fi8p5O,męska,15,0.6,0.3076923076923076
ariadna,R_2DcHS2dDysQHojL,męska,15,0.5333333333333333,0.07079646017699116
ariadna,R_2LHSHJgx99JmFfl,męska,15,0.5333333333333333,0.03669724770642203
ariadna,R_2Xckd1Yw0xKeTgv,męska,15,0.5333333333333333,-0.06060606060606048
ariadna,R_2kLM3hBgqBwn4ak,męska,15,0.5333333333333333,0.05405405405405396
ariadna,R_2xKwgaJXKhZllqE,męska,15,0.5333333333333333,0.08695652173913035
ariadna,R_8fJ2dAzAzh2Fgi7,męska,15,0.5333333333333333,-0.105263157894737
ariadna,R_8qvEAOFlXTyK99s,męska,15,0.5333333333333333,0.07079646017699116
ariadna,R_8r38t7o2xpGXkff,męska,15,0.5333333333333333,0.07079646017699116
ariadna,R_8XX08pxtxyN7Xyh,męska,15,0.4666666666666667,-0.11111111111111113
ariadna,R_8r2oko68tk17oVQ,męska,15,0.4666666666666667,-0.11111111111111113
ariadna,R_8sdQdXDjpVMtJLj,męska,15,0.4666666666666667,-0.052631578947368314
ariadna,R_2QRF34XrxMTiv13,męska,15,0.4,-0.28571428571428564
ariadna,R_8PctlEihl9W8O2F,męska,15,0.4,-0.28571428571428564
ariadna,R_8oFgkHJQZrBqP1D,męska,15,0.4,-0.28571428571428564
ariadna,R_21Fy8NcMiqUuPO0,męska,15,0.3333333333333333,-0.153846153846154
ariadna,R_2pmP3OuQVTqTvBD,męska,15,0.3333333333333333,-0.388888888888889
ariadna,R_8j2N2C4aDpCLLfb,męska,15,0.3333333333333333,-0.31578947368421045
ariadna,R_265azWuEu2KDFlK,męska,15,0.26666666666666666,-0.22222222222222227
ariadna,R_8F3BSHWfeTili5S,męska,15,0.2,-0.5789473684210524
ariadna,R_24X0M64rFhDRyUh,pochodząca z Bliskiego Wschodu,15,1.0,1.0
ariadna,R_25GvoK5Ozx4N2sZ,pochodząca z Bliskiego Wschodu,15,1.0,1.0
ariadna,R_2ISFnbbJplXDwvu,pochodząca z Bliskiego Wschodu,15,1.0,1.0
ariadna,R_2N3aXNKsXHsjpdW,pochodząca z Bliskiego Wschodu,15,1.0,1.0
ariadna,R_2O8Gp6I6IArIh0M,pochodząca z Bliskiego Wschodu,15,1.0,1.0
ariadna,R_2SIi0vGLStBKNOj,pochodząca z Bliskiego Wschodu,15,1.0,1.0
ariadna,R_2e3fSly7KIm6OpW,pochodząca z Bliskiego Wschodu,15,1.0,1.0
ariadna,R_2nvj3FAb3B9DnL2,pochodząca z Bliskiego Wschodu,15,1.0,1.0
ariadna,R_82KYLB4TJOFvhi0,pochodząca z Bliskiego Wschodu,15,1.0,1.0
ariadna,R_8It0hMspcGlC0Mz,pochodząca z Bliskiego Wschodu,15,1.0,1.0
ariadna,R_8S9g8wTY8Xu2gbT,pochodząca z Bliskiego Wschodu,15,1.0,1.0
ariadna,R_8YQR3hbVlC9BgJ3,pochodząca z Bliskiego Wschodu,15,1.0,1.0
ariadna,R_8YUI8u1RxuQgHK1,pochodząca z Bliskiego Wschodu,15,1.0,1.0
ariadna,R_8jVxyUMbP1yS1Ep,pochodząca z Bliskiego Wschodu,15,1.0,1.0
ariadna,R_8je8IlNeMntSomu,pochodząca z Bliskiego Wschodu,15,1.0,1.0
ariadna,R_8tfJpBz5wdmgffy,pochodząca z Bliskiego Wschodu,15,1.0,1.0
ariadna,R_20iVlFCj9df7Atw,pochodząca z Bliskiego Wschodu,15,0.9333333333333333,0.8672566371681416
ariadna,R_28jqOUm0oN7usbn,pochodząca z Bliskiego Wschodu,15,0.9333333333333333,0.8571428571428572
ariadna,R_29la0tpiDXrGvXb,pochodząca z Bliskiego Wschodu,15,0.9333333333333333,0.8672566371681416
ariadna,R_2E1xatTiZz8Kde9,pochodząca z Bliskiego Wschodu,15,0.9333333333333333,0.8648648648648649
ariadna,R_2Hh9GjKeOBBuRTf,pochodząca z Bliskiego Wschodu,15,0.9333333333333333,0.8648648648648649
ariadna,R_2Ib2phbVXvuD8oa,pochodząca z Bliskiego Wschodu,15,0.9333333333333333,0.8648648648648649
ariadna,R_2Iyrl6tKrfg18nB,pochodząca z Bliskiego Wschodu,15,0.9333333333333333,0.8648648648648649
ariadna,R_2NkrvfJOMLmKFvu,pochodząca z Bliskiego Wschodu,15,0.9333333333333333,0.8648648648648649
ariadna,R_2OHQCjEESMvxjU8,pochodząca z Bliskiego Wschodu,15,0.9333333333333333,0.8648648648648649
ariadna,R_2OkuXrNjO4FFF3T,pochodząca z Bliskiego Wschodu,15,0.9333333333333333,0.8672566371681416
ariadna,R_2S9sx8YmnesqWjk,pochodząca z Bliskiego Wschodu,15,0.9333333333333333,0.8648648648648649
ariadna,R_2Sjn4FKTH05fOff,pochodząca z Bliskiego Wschodu,15,0.9333333333333333,0.8648648648648649
ariadna,R_2ipikmXINNSovKN,pochodząca z Bliskiego Wschodu,15,0.9333333333333333,0.8571428571428572
ariadna,R_2kcgECvQsvRyZUm,pochodząca z Bliskiego Wschodu,15,0.9333333333333333,0.8648648648648649
ariadna,R_2mEnAH2vd7PWYoi,pochodząca z Bliskiego Wschodu,15,0.9333333333333333,0.8648648648648649
ariadna,R_80cbA9a89F1IMgu,pochodząca z Bliskiego Wschodu,15,0.9333333333333333,0.8672566371681416
ariadna,R_82fGGCbLWXwntWF,pochodząca z Bliskiego Wschodu,15,0.9333333333333333,0.8571428571428572
ariadna,R_86hWFIUx8gOoPq2,pochodząca z Bliskiego Wschodu,15,0.9333333333333333,0.8421052631578948
ariadna,R_87s4mdotpEkJ4iD,pochodząca z Bliskiego Wschodu,15,0.9333333333333333,0.8648648648648649
ariadna,R_8BY5cTdiwFkn9zS,pochodząca z Bliskiego Wschodu,15,0.9333333333333333,0.8648648648648649
ariadna,R_8EMFmcqGFOQqtGj,pochodząca z Bliskiego Wschodu,15,0.9333333333333333,0.8648648648648649
ariadna,R_8FOiZUp2GKF0IyN,pochodząca z Bliskiego Wschodu,15,0.9333333333333333,0.8571428571428572
ariadna,R_8H1RutBdwphgMPW,pochodząca z Bliskiego Wschodu,15,0.9333333333333333,0.8672566371681416
ariadna,R_8Iaxfx60x22BImL,pochodząca z Bliskiego Wschodu,15,0.9333333333333333,0.8571428571428572
ariadna,R_8RgPydMmCpnqouA,pochodząca z Bliskiego Wschodu,15,0.9333333333333333,0.8672566371681416
ariadna,R_8eQLuiHW46olKkg,pochodząca z Bliskiego Wschodu,15,0.9333333333333333,0.8648648648648649
ariadna,R_8jpwxPUikDRsWYi,pochodząca z Bliskiego Wschodu,15,0.9333333333333333,0.8571428571428572
ariadna,R_8uhdrGInbJNz1sJ,pochodząca z Bliskiego Wschodu,15,0.9333333333333333,0.8421052631578948
ariadna,R_2Eb4DpTmONcaSzq,pochodząca z Bliskiego Wschodu,15,0.8666666666666667,0.7222222222222223
ariadna,R_2ILOtbO6CMpiHmh,pochodząca z Bliskiego Wschodu,15,0.8666666666666667,0.736842105263158
ariadna,R_2JJHZsJTOkexRMK,pochodząca z Bliskiego Wschodu,15,0.8666666666666667,0.7321428571428572
ariadna,R_2MT2TaqhK8Vxr8d,pochodząca z Bliskiego Wschodu,15,0.8666666666666667,0.736842105263158
ariadna,R_2QFx9z6Oi2Db2WP,pochodząca z Bliskiego Wschodu,15,0.8666666666666667,0.7272727272727274
ariadna,R_2U91Z3wGky9s0p8,pochodząca z Bliskiego Wschodu,15,0.8666666666666667,0.7222222222222223
ariadna,R_2etBDmEgBjxj5eW,pochodząca z Bliskiego Wschodu,15,0.8666666666666667,0.7321428571428572
ariadna,R_2kLM3hBgqBwn4ak,pochodząca z Bliskiego Wschodu,15,0.8666666666666667,0.736842105263158
ariadna,R_2mPMn2TSpvEYdaM,pochodząca z Bliskiego Wschodu,15,0.8666666666666667,0.6666666666666667
ariadna,R_814QvpUVbQL92Kr,pochodząca z Bliskiego Wschodu,15,0.8666666666666667,0.7321428571428572
ariadna,R_823FhCiNX8bISdx,pochodząca z Bliskiego Wschodu,15,0.8666666666666667,0.7000000000000001
ariadna,R_85cjkz0NDOrCm2Z,pochodząca z Bliskiego Wschodu,15,0.8666666666666667,0.7321428571428572
ariadna,R_872lgtV1UKdDlZA,pochodząca z Bliskiego Wschodu,15,0.8666666666666667,0.6666666666666667
ariadna,R_8AAd1O7Fx2zvNFD,pochodząca z Bliskiego Wschodu,15,0.8666666666666667,0.7222222222222223
ariadna,R_8JlmwhGiDYXz7Q5,pochodząca z Bliskiego Wschodu,15,0.8666666666666667,0.736842105263158
ariadna,R_8LZ8WR32Lr3QIcn,pochodząca z Bliskiego Wschodu,15,0.8666666666666667,0.7321428571428572
ariadna,R_8LkCVkiFqE0BzxZ,pochodząca z Bliskiego Wschodu,15,0.8666666666666667,0.736842105263158
ariadna,R_8N9wCCDcOnFw7Od,pochodząca z Bliskiego Wschodu,15,0.8666666666666667,0.736842105263158
ariadna,R_8O9eUpgYBK7Uefx,pochodząca z Bliskiego Wschodu,15,0.8666666666666667,0.7321428571428572
ariadna,R_8P2a7NCt9Fi8p5O,pochodząca z Bliskiego Wschodu,15,0.8666666666666667,0.7272727272727274
ariadna,R_8R3bcRxfOhyMNb3,pochodząca z Bliskiego Wschodu,15,0.8666666666666667,0.7272727272727274
ariadna,R_8RkexwDDNrUEPbd,pochodząca z Bliskiego Wschodu,15,0.8666666666666667,0.7321428571428572
ariadna,R_8SjiJahrKz1HMjm,pochodząca z Bliskiego Wschodu,15,0.8666666666666667,0.7321428571428572
ariadna,R_8VdXQ0yQ5BgYJm8,pochodząca z Bliskiego Wschodu,15,0.8666666666666667,0.7321428571428572
ariadna,R_8cfUSSeagGLfY9X,pochodząca z Bliskiego Wschodu,15,0.8666666666666667,0.7321428571428572
ariadna,R_8eOtAIE9jnq2K1A,pochodząca z Bliskiego Wschodu,15,0.8666666666666667,0.7272727272727274
ariadna,R_8q6xoxTsUB5QJwd,pochodząca z Bliskiego Wschodu,15,0.8666666666666667,0.7222222222222223
ariadna,R_8rSBrxWj9PfjBpY,pochodząca z Bliskiego Wschodu,15,0.8666666666666667,0.7321428571428572
ariadna,R_8rUSAMvxWJVadho,pochodząca z Bliskiego Wschodu,15,0.8666666666666667,0.7058823529411765
ariadna,R_23BXQ24onXAZeYD,pochodząca z Bliskiego Wschodu,15,0.8,0.5714285714285715
ariadna,R_24JifL77G8D0ZWT,pochodząca z Bliskiego Wschodu,15,0.8,0.5945945945945946
ariadna,R_2Bx2KjbfakyOdMu,pochodząca z Bliskiego Wschodu,15,0.8,0.6017699115044248
ariadna,R_2CldILNmxIPE9Q1,pochodząca z Bliskiego Wschodu,15,0.8,0.5263157894736843
ariadna,R_2DQTyOhOkQMQIoN,pochodząca z Bliskiego Wschodu,15,0.8,0.5714285714285715
ariadna,R_2EEnEPrBj9i7fR1,pochodząca z Bliskiego Wschodu,15,0.8,0.6153846153846155
ariadna,R_2LBUYOmUI8QDCwl,pochodząca z Bliskiego Wschodu,15,0.8,0.6086956521739131
ariadna,R_2LpXIoUWgOcR0bS,pochodząca z Bliskiego Wschodu,15,0.8,0.5714285714285715
ariadna,R_2Mne9CihMHmgysK,pochodząca z Bliskiego Wschodu,15,0.8,0.5714285714285715
ariadna,R_2Qcg7aVUClouZOh,pochodząca z Bliskiego Wschodu,15,0.8,0.5263157894736843
ariadna,R_2cZfD3hM3X1CZJO,pochodząca z Bliskiego Wschodu,15,0.8,0.5714285714285715
ariadna,R_2kAkJwDZP3julzk,pochodząca z Bliskiego Wschodu,15,0.8,0.5945945945945946
ariadna,R_2oRZzAAbsXjXJL8,pochodząca z Bliskiego Wschodu,15,0.8,0.44444444444444436
ariadna,R_2qP8nAbh45fb9iP,pochodząca z Bliskiego Wschodu,15,0.8,0.5263157894736843
ariadna,R_2tm3SkV6gFLZKJp,pochodząca z Bliskiego Wschodu,15,0.8,0.5714285714285715
ariadna,R_86DVS5A2myfyHjH,pochodząca z Bliskiego Wschodu,15,0.8,0.5714285714285715
ariadna,R_8EGdRQ82vym1ggH,pochodząca z Bliskiego Wschodu,15,0.8,0.6086956521739131
ariadna,R_8EM7YIuqubghD8o,pochodząca z Bliskiego Wschodu,15,0.8,0.6017699115044248
ariadna,R_8Jm9AsrOs9sHT3b,pochodząca z Bliskiego Wschodu,15,0.8,0.5714285714285715
ariadna,R_8MbR47CmsNFswkG,pochodząca z Bliskiego Wschodu,15,0.8,0.6017699115044248
ariadna,R_8MuyCkIZ5SObgqZ,pochodząca z Bliskiego Wschodu,15,0.8,0.5945945945945946
ariadna,R_8RrzP7zKrZNARAb,pochodząca z Bliskiego Wschodu,15,0.8,0.5263157894736844
ariadna,R_8ePnXarK2MCSfxD,pochodząca z Bliskiego Wschodu,15,0.8,0.6086956521739131
ariadna,R_2GZHJGLu5m5qlMe,pochodząca z Bliskiego Wschodu,15,0.7333333333333333,0.39999999999999986
ariadna,R_2TDtIroKKt9q3AJ,pochodząca z Bliskiego Wschodu,15,0.7333333333333333,0.33333333333333326
ariadna,R_2eUup0U4t9YhdrS,pochodząca z Bliskiego Wschodu,15,0.7333333333333333,0.18918918918918878
ariadna,R_2fJociv6MPVVco5,pochodząca z Bliskiego Wschodu,15,0.7333333333333333,0.4827586206896551
ariadna,R_2jP6CrTY7a1DYx6,pochodząca z Bliskiego Wschodu,15,0.7333333333333333,0.4827586206896551
ariadna,R_2m8K6Byt6kGXDGb,pochodząca z Bliskiego Wschodu,15,0.7333333333333333,0.4642857142857142
ariadna,R_2qDx1D8vdQLYQGp,pochodząca z Bliskiego Wschodu,15,0.7333333333333333,0.4545454545454545
ariadna,R_2vXVQq6wVANBvPj,pochodząca z Bliskiego Wschodu,15,0.7333333333333333,0.4545454545454545
ariadna,R_81dB8ZMEYP0HQvC,pochodząca z Bliskiego Wschodu,15,0.7333333333333333,0.4545454545454545
ariadna,R_82LvlomsR7GIsxd,pochodząca z Bliskiego Wschodu,15,0.7333333333333333,0.4444444444444443
ariadna,R_8FLOqny1rfo6047,pochodząca z Bliskiego Wschodu,15,0.7333333333333333,0.4999999999999999
ariadna,R_8XiCFPziWqPdHwt,pochodząca z Bliskiego Wschodu,15,0.7333333333333333,0.4642857142857142
ariadna,R_8mJieiCaFAwp11z,pochodząca z Bliskiego Wschodu,15,0.7333333333333333,0.4545454545454545
ariadna,R_8mLD85mHGrfw3FB,pochodząca z Bliskiego Wschodu,15,0.7333333333333333,0.4545454545454545
ariadna,R_8v5CZYWPhsNM0fv,pochodząca z Bliskiego Wschodu,15,0.7333333333333333,0.4827586206896551
ariadna,R_2fD4JlQq1ReJTLX,pochodząca z Bliskiego Wschodu,15,0.6666666666666666,0.33628318584070793
ariadna,R_2lrUN5u8HzZepq5,pochodząca z Bliskiego Wschodu,15,0.6666666666666666,0.33628318584070793
ariadna,R_2o6hmXc7QQyExVP,pochodząca z Bliskiego Wschodu,15,0.6666666666666666,0.3119266055045871
ariadna,R_8Cm2KGgqfamDfnw,pochodząca z Bliskiego Wschodu,15,0.6666666666666666,0.3589743589743589
ariadna,R_8WZC8HzuMFszseR,pochodząca z Bliskiego Wschodu,15,0.6666666666666666,0.3119266055045871
ariadna,R_8tyi6YVrXDIO56Y,pochodząca z Bliskiego Wschodu,15,0.6666666666666666,0.33628318584070793
ariadna,R_8xQKr2WKx0phJsS,pochodząca z Bliskiego Wschodu,15,0.6666666666666666,0.28571428571428564
ariadna,R_8yEcl73X47TDK49,pochodząca z Bliskiego Wschodu,15,0.6666666666666666,0.3478260869565216
ariadna,R_25FNci8Q7TkS7Dk,pochodząca z Bliskiego Wschodu,15,0.6,0.19642857142857137
ariadna,R_269ybJHzYODjVeN,pochodząca z Bliskiego Wschodu,15,0.6,0.2105263157894737
ariadna,R_2LwFU6D3KgF5jnv,pochodząca z Bliskiego Wschodu,15,0.6,0.1666666666666666
ariadna,R_2aYaQiLWVLHpTaU,pochodząca z Bliskiego Wschodu,15,0.6,0.18181818181818185
ariadna,R_2kM8o8H7PmigCta,pochodząca z Bliskiego Wschodu,15,0.6,0.18181818181818185
ariadna,R_86gT3R31cSrufVS,pochodząca z Bliskiego Wschodu,15,0.6,0.2105263157894737
ariadna,R_8EIBLREMkkb369P,pochodząca z Bliskiego Wschodu,15,0.6,0.11764705882352942
ariadna,R_8Ke7ZlprfboeHiX,pochodząca z Bliskiego Wschodu,15,0.6,0.24999999999999994
ariadna,R_8Oo9Zqbzl8gDVDI,pochodząca z Bliskiego Wschodu,15,0.6,0.3076923076923076
ariadna,R_8QFfbGCFxRVxivc,pochodząca z Bliskiego Wschodu,15,0.6,0.19642857142857137
ariadna,R_8VBG8PRj09cQNu9,pochodząca z Bliskiego Wschodu,15,0.6,0.2105263157894737
ariadna,R_8eMf52UIskYSbbH,pochodząca z Bliskiego Wschodu,15,0.6,0.0999999999999999
ariadna,R_8fYLHfmd1Jwp0Y1,pochodząca z Bliskiego Wschodu,15,0.6,0.11764705882352942
ariadna,R_8nOT4riczo94xk2,pochodząca z Bliskiego Wschodu,15,0.6,0.18181818181818185
ariadna,R_8r2oko68tk17oVQ,pochodząca z Bliskiego Wschodu,15,0.6,0.1666666666666666
ariadna,R_2ikg2VQ7zaPSCNR,pochodząca z Bliskiego Wschodu,15,0.5333333333333333,0.10256410256410257
ariadna,R_84OxMBM9TQBvUdC,pochodząca z Bliskiego Wschodu,15,0.5333333333333333,0.0
ariadna,R_8AvCuS17edSngdz,pochodząca z Bliskiego Wschodu,15,0.5333333333333333,0.10256410256410257
ariadna,R_8gOr8gS1SyzgxTe,pochodząca z Bliskiego Wschodu,15,0.5333333333333333,0.05405405405405396
ariadna,R_8gnhUN6r6cQydLe,pochodząca z Bliskiego Wschodu,15,0.5333333333333333,0.08695652173913035
ariadna,R_2LHSHJgx99JmFfl,pochodząca z Bliskiego Wschodu,15,0.4666666666666667,0.0
ariadna,R_8SXQbhZJkkgchfb,pochodząca z Bliskiego Wschodu,15,0.4666666666666667,-0.0909090909090908
ariadna,R_8kFIfGCWJXfUt8y,pochodząca z Bliskiego Wschodu,15,0.4666666666666667,-0.052631578947368314
ariadna,R_8kdkzmk5Sq5iue9,pochodząca z Bliskiego Wschodu,15,0.4666666666666667,-0.07142857142857144
ariadna,R_21Fy8NcMiqUuPO0,pochodząca z Bliskiego Wschodu,15,0.3333333333333333,-0.153846153846154
ariadna,R_214ZwtgAOzJMNkf,pochodząca z Bliskiego Wschodu,15,0.26666666666666666,-0.32000000000000006
ariadna,R_2rOAwk2eotMonnO,pochodząca z Bliskiego Wschodu,15,0.26666666666666666,-0.4347826086956523
ariadna,R_83Vu03bAK5l91us,pochodząca z Bliskiego Wschodu,15,0.26666666666666666,-0.4601769911504424
ariadna,R_87jz4mJUxvdx2i5,pochodząca z Bliskiego Wschodu,15,0.2,-0.5789473684210524
ariadna,R_8iqvAGHHlMrWYSb,pochodząca z Bliskiego Wschodu,15,0.2,-0.5789473684210524
ariadna,R_8k4xHbetOXTViBb,pochodząca z Bliskiego Wschodu,15,0.2,-0.6071428571428572
ariadna,R_214ZwtgAOzJMNkf,stara,15,1.0,1.0
ariadna,R_24oCjcGb34HV0ev,stara,15,1.0,1.0
ariadna,R_2GczN9xvrjCjfZT,stara,15,1.0,1.0
ariadna,R_2Hh9GjKeOBBuRTf,stara,15,1.0,1.0
ariadna,R_2MRw1iA03TDeelC,stara,15,1.0,1.0
ariadna,R_2MtlqmTvJZLvUFI,stara,15,1.0,1.0
ariadna,R_2ODiFnDncGSHAjk,stara,15,1.0,1.0
ariadna,R_2QKVZBZk5Elqz9J,stara,15,1.0,1.0
ariadna,R_2QPZs1jokmPq8bD,stara,15,1.0,1.0
ariadna,R_2VDvYWvRILFO6wp,stara,15,1.0,1.0
ariadna,R_2Vax2pbhZSQvFVv,stara,15,1.0,1.0
ariadna,R_2ijX1noVpj9v9sC,stara,15,1.0,1.0
ariadna,R_2qrJlYjr6jshh4v,stara,15,1.0,1.0
ariadna,R_81v2FRdkcM2Nt8T,stara,15,1.0,1.0
ariadna,R_87RY6AJ1PMmBvrj,stara,15,1.0,1.0
ariadna,R_8DO3lKQ7kMwjmaR,stara,15,1.0,1.0
ariadna,R_8LZ8WR32Lr3QIcn,stara,15,1.0,1.0
ariadna,R_8M9E9uyEozMnWMC,stara,15,1.0,1.0
ariadna,R_8RUrxCahcA4bgGO,stara,15,1.0,1.0
ariadna,R_8SLfXvjF5Y2Kkud,stara,15,1.0,1.0
ariadna,R_8Ypimg6qBAFDBIZ,stara,15,1.0,1.0
ariadna,R_8ePnXarK2MCSfxD,stara,15,1.0,1.0
ariadna,R_8iPvQtcGoXgbHhO,stara,15,1.0,1.0
ariadna,R_8jVxyUMbP1yS1Ep,stara,15,1.0,1.0
ariadna,R_8kThrUREG6esjq5,stara,15,1.0,1.0
ariadna,R_8mxQ3e67h20ncHj,stara,15,1.0,1.0
ariadna,R_8rUSAMvxWJVadho,stara,15,1.0,1.0
ariadna,R_8uKcyMqe7CEoJSU,stara,15,1.0,1.0
ariadna,R_8v5CZYWPhsNM0fv,stara,15,1.0,1.0
ariadna,R_8vV34t37KR9fsI1,stara,15,1.0,1.0
ariadna,R_8zHm0PhwcufQ2od,stara,15,1.0,1.0
ariadna,R_21Ac0oOLwaIB6mN,stara,15,0.9333333333333333,0.8672566371681416
ariadna,R_24JifL77G8D0ZWT,stara,15,0.9333333333333333,0.8571428571428572
ariadna,R_25GH9IyffaOWqOK,stara,15,0.9333333333333333,0.8648648648648649
ariadna,R_2Bx2KjbfakyOdMu,stara,15,0.9333333333333333,0.8648648648648649
ariadna,R_2CvpoMpS2eJbHOY,stara,15,0.9333333333333333,0.8648648648648649
ariadna,R_2Dv5eiyuRBzNSyR,stara,15,0.9333333333333333,0.8421052631578948
ariadna,R_2MT2TaqhK8Vxr8d,stara,15,0.9333333333333333,0.8571428571428572
ariadna,R_2dGHCTwsvni3y4T,stara,15,0.9333333333333333,0.8571428571428572
ariadna,R_2eL1p44IRJ3His9,stara,15,0.9333333333333333,0.8571428571428572
ariadna,R_2ewU8duZojKuPJU,stara,15,0.9333333333333333,0.8648648648648649
ariadna,R_2ezpItm4xzF3l5o,stara,15,0.9333333333333333,0.8672566371681416
ariadna,R_2lrUN5u8HzZepq5,stara,15,0.9333333333333333,0.8148148148148149
ariadna,R_2m3OA3ucYBvKZIY,stara,15,0.9333333333333333,0.8421052631578948
ariadna,R_2ozIYzvFvoQ5b0H,stara,15,0.9333333333333333,0.8648648648648649
ariadna,R_2p5YYuB1ywtiMU1,stara,15,0.9333333333333333,0.8648648648648649
ariadna,R_2qyXF7T1Kg2L8tz,stara,15,0.9333333333333333,0.8648648648648649
ariadna,R_2sSl4XjbQq797s0,stara,15,0.9333333333333333,0.8648648648648649
ariadna,R_2yb0EUpZqnE3d7z,stara,15,0.9333333333333333,0.8648648648648649
ariadna,R_85cjkz0NDOrCm2Z,stara,15,0.9333333333333333,0.8421052631578948
ariadna,R_862X653kl28Ov7K,stara,15,0.9333333333333333,0.8648648648648649
ariadna,R_874icJLJcBqLk5W,stara,15,0.9333333333333333,0.8672566371681416
ariadna,R_87BGHnKyrw5Cwdb,stara,15,0.9333333333333333,0.8648648648648649
ariadna,R_87p2b8DhQIqjBrT,stara,15,0.9333333333333333,0.8648648648648649
ariadna,R_8BxHDfmg8Erv6gw,stara,15,0.9333333333333333,0.8648648648648649
ariadna,R_8DZaOXvYfwd0HMS,stara,15,0.9333333333333333,0.8571428571428572
ariadna,R_8FLE4UYd7EeXed1,stara,15,0.9333333333333333,0.8148148148148149
ariadna,R_8FWFOgbpobiAeaB,stara,15,0.9333333333333333,0.8571428571428572
ariadna,R_8GCADwpzkbUR76n,stara,15,0.9333333333333333,0.8421052631578948
ariadna,R_8JF2syYe5s2r6iq,stara,15,0.9333333333333333,0.8672566371681416
ariadna,R_8Kxt9oGe9PZcPqF,stara,15,0.9333333333333333,0.8148148148148149
ariadna,R_8MbR47CmsNFswkG,stara,15,0.9333333333333333,0.8648648648648649
ariadna,R_8PuVP9iGJcK0tAt,stara,15,0.9333333333333333,0.8571428571428572
ariadna,R_8TDK60OeA2Z9aFP,stara,15,0.9333333333333333,0.8648648648648649
ariadna,R_8VI8HVRe9Dgh9Yd,stara,15,0.9333333333333333,0.8648648648648649
ariadna,R_8VfuoOs3YqFeS5z,stara,15,0.9333333333333333,0.8672566371681416
ariadna,R_8YUI8u1RxuQgHK1,stara,15,0.9333333333333333,0.8148148148148149
ariadna,R_8cdrsS2zzvgWA3f,stara,15,0.9333333333333333,0.8571428571428572
ariadna,R_8f8hrycYIAUrXPz,stara,15,0.9333333333333333,0.8571428571428572
ariadna,R_8h5E38xkRFMOCCR,stara,15,0.9333333333333333,0.8571428571428572
ariadna,R_8igsQWMjOVLKGMg,stara,15,0.9333333333333333,0.761904761904762
ariadna,R_8rBpkSnHpqJ943M,stara,15,0.9333333333333333,0.8571428571428572
ariadna,R_8rZfLqMOeAS1YPT,stara,15,0.9333333333333333,0.8672566371681416
ariadna,R_8uEsCqTRgphT82G,stara,15,0.9333333333333333,0.8648648648648649
ariadna,R_8xCXGsujKCqig7a,stara,15,0.9333333333333333,0.8148148148148149
ariadna,R_8yjb76PJhAwcRwy,stara,15,0.9333333333333333,0.8648648648648649
ariadna,R_24X0M64rFhDRyUh,stara,15,0.8666666666666667,0.7272727272727274
ariadna,R_25AxwwGd2m5hlaO,stara,15,0.8666666666666667,0.7321428571428572
ariadna,R_25FNci8Q7TkS7Dk,stara,15,0.8666666666666667,0.736842105263158
ariadna,R_29la0tpiDXrGvXb,stara,15,0.8666666666666667,0.7000000000000001
ariadna,R_2Cg9HKD22wyL7T9,stara,15,0.8666666666666667,0.7222222222222223
ariadna,R_2EckFrJKdcd1r2T,stara,15,0.8666666666666667,0.7321428571428572
ariadna,R_2GGreX92TQa6SgF,stara,15,0.8666666666666667,0.736842105263158
ariadna,R_2NhuyFRIOcrpwMz,stara,15,0.8666666666666667,0.736842105263158
ariadna,R_2c1QYtOt96NSgrG,stara,15,0.8666666666666667,0.7000000000000001
ariadna,R_2g5G4W5aVEhKZQX,stara,15,0.8666666666666667,0.7222222222222223
ariadna,R_2kmMbMNO09tT2MV,stara,15,0.8666666666666667,0.6666666666666666
ariadna,R_2qX18jH7SICzKq4,stara,15,0.8666666666666667,0.736842105263158
ariadna,R_2saXs6ZkrLSlcOT,stara,15,0.8666666666666667,0.7321428571428572
ariadna,R_80NBCy1QPWIZ8Tf,stara,15,0.8666666666666667,0.736842105263158
ariadna,R_872lgtV1UKdDlZA,stara,15,0.8666666666666667,0.7058823529411765
ariadna,R_87AmkPWYNyY4mHL,stara,15,0.8666666666666667,0.736842105263158
ariadna,R_89h1siRrM4IVJC9,stara,15,0.8666666666666667,0.736842105263158
ariadna,R_8CkrqmUAqpzY6F2,stara,15,0.8666666666666667,0.7321428571428572
ariadna,R_8ISrYcfBApPJhC7,stara,15,0.8666666666666667,0.7272727272727274
ariadna,R_8KrPGyx7hP18yTp,stara,15,0.8666666666666667,0.7222222222222223
ariadna,R_8MRSb05YJnVO96P,stara,15,0.8666666666666667,0.7222222222222223
ariadna,R_8MyvszWtmpPCH9L,stara,15,0.8666666666666667,0.7058823529411765
ariadna,R_8O1WDRUTrcKv8z2,stara,15,0.8666666666666667,0.7272727272727274
ariadna,R_8PdjHK0N2RWSIFZ,stara,15,0.8666666666666667,0.7058823529411765
ariadna,R_8c2shxJgVLo30fb,stara,15,0.8666666666666667,0.7272727272727274
ariadna,R_8fYLHfmd1Jwp0Y1,stara,15,0.8666666666666667,0.736842105263158
ariadna,R_8g1Pz5LEyjO9avu,stara,15,0.8666666666666667,0.7321428571428572
ariadna,R_8kFgspI5e92LOb8,stara,15,0.8666666666666667,0.7321428571428572
ariadna,R_8mFiyMpg1oZOJ1v,stara,15,0.8666666666666667,0.7222222222222223
ariadna,R_8rSBrxWj9PfjBpY,stara,15,0.8666666666666667,0.7321428571428572
ariadna,R_8riGEUf426Wemx6,stara,15,0.8666666666666667,0.6590909090909091
ariadna,R_8sdQdXDjpVMtJLj,stara,15,0.8666666666666667,0.7321428571428572
ariadna,R_8zCvD5RYN820gIt,stara,15,0.8666666666666667,0.7321428571428572
ariadna,R_2BpTyYQaavgo8zn,stara,15,0.8,0.6017699115044248
ariadna,R_2FxmpRnuFGwflho,stara,15,0.8,0.5945945945945946
ariadna,R_2ILOtbO6CMpiHmh,stara,15,0.8,0.5871559633027524
ariadna,R_2L2CRjdUZpTtJpD,stara,15,0.8,0.5945945945945946
ariadna,R_2R4rFl6tFq91fFP,stara,15,0.8,0.5945945945945946
ariadna,R_2XPeeRq6pDkkQYV,stara,15,0.8,0.6086956521739131
ariadna,R_2gT8W8YxN3fCyAK,stara,15,0.8,0.5945945945945946
ariadna,R_2pyvBJTOKKIvHyx,stara,15,0.8,0.5714285714285715
ariadna,R_2tv9eyE5oPDjbmp,stara,15,0.8,0.6086956521739131
ariadna,R_81iUKhpwRlKw3Pb,stara,15,0.8,0.6086956521739131
ariadna,R_84OxMBM9TQBvUdC,stara,15,0.8,0.5714285714285715
ariadna,R_8F4JgQzwtHQ6K07,stara,15,0.8,0.5454545454545456
ariadna,R_8IYPStyRNYkHe8l,stara,15,0.8,0.6017699115044248
ariadna,R_8JVOyN1Aq2QHaWR,stara,15,0.8,0.5945945945945946
ariadna,R_8c7TugTGeIWRIPW,stara,15,0.8,0.6017699115044248
ariadna,R_8ikHC479ci2GYxk,stara,15,0.8,0.5714285714285715
ariadna,R_8mjT96t19twNfl7,stara,15,0.8,0.6017699115044248
ariadna,R_8myAFa7ntNpRECp,stara,15,0.8,0.6017699115044248
ariadna,R_8pQ36IUtNUZhEGl,stara,15,0.8,0.5871559633027524
ariadna,R_2Hum0GmcTqPkKzH,stara,15,0.7333333333333333,0.4999999999999999
ariadna,R_2efUop61K1fhGkO,stara,15,0.7333333333333333,0.41176470588235287
ariadna,R_8Ph7PDa56eltpP7,stara,15,0.7333333333333333,0.4736842105263157
ariadna,R_8SprXchn4QZGT9B,stara,15,0.7333333333333333,0.4736842105263157
ariadna,R_8pKXelrKPVIEq9z,stara,15,0.7333333333333333,0.4999999999999999
ariadna,R_8xA1OTHBT9zMr5v,stara,15,0.7333333333333333,0.4444444444444443
ariadna,R_2DNEAVsGGfUWSqt,stara,15,0.6666666666666666,0.3589743589743589
ariadna,R_2Fn6U8vTkNkpm7V,stara,15,0.6666666666666666,0.2105263157894737
ariadna,R_83sF7nJJz9KFo9v,stara,15,0.6666666666666666,0.3589743589743589
ariadna,R_8M6d2Fz5lo6lI0A,stara,15,0.6666666666666666,0.3902439024390243
ariadna,R_8Uc7DZJoRFzEYNj,stara,15,0.6666666666666666,0.3243243243243242
ariadna,R_8WZC8HzuMFszseR,stara,15,0.6666666666666666,0.28571428571428564
ariadna,R_8fJ2dAzAzh2Fgi7,stara,15,0.6666666666666666,0.28571428571428564
ariadna,R_23sRVpHGK3XXo0V,stara,15,0.6,0.2105263157894737
ariadna,R_2E6WAmw7Lqozlhw,stara,15,0.6,0.18181818181818185
ariadna,R_2tm3SkV6gFLZKJp,stara,15,0.6,0.11764705882352942
ariadna,R_8n18BzveI0sgsWk,stara,15,0.6,0.24999999999999994
ariadna,R_2Cvc4mJjm8oWvKd,stara,15,0.5333333333333333,0.0
ariadna,R_2FPzl7KWKWfBnOD,stara,15,0.5333333333333333,0.0
ariadna,R_823FhCiNX8bISdx,stara,15,0.5333333333333333,0.0
ariadna,R_8PctlEihl9W8O2F,stara,15,0.5333333333333333,0.07079646017699116
ariadna,R_8kLJd7hMHfpA5TX,stara,15,0.5333333333333333,0.10256410256410257
ariadna,R_25D2DplmLP7bwLT,stara,15,0.4666666666666667,-0.11111111111111113
ariadna,R_2pEyYW8dqH38cMu,stara,15,0.4666666666666667,0.07692307692307684
ariadna,R_2gj82wyeU8tKiji,stara,15,0.4,-0.21621621621621628
ariadna,R_2jP6CrTY7a1DYx6,stara,15,0.4,-0.21621621621621628
ariadna,R_81nQVBE4mTGAiSa,stara,15,0.4,-0.28571428571428564
ariadna,R_89ncWP9zEhl069c,stara,15,0.4,-0.23853211009174305
ariadna,R_2JftHXX9h8xiDUP,stara,15,0.3333333333333333,-0.33928571428571436
ariadna,R_2sTOqlPF7QygHY2,stara,15,0.3333333333333333,-0.31578947368421045
ariadna,R_8GM8VJLbYhmJQ9X,stara,15,0.3333333333333333,-0.3636363636363636
ariadna,R_25AxwwGd2m5hlaO,szczęśliwa,15,1.0,1.0
ariadna,R_2NCI3NxHH0e5O1B,szczęśliwa,15,1.0,1.0
ariadna,R_2XPeeRq6pDkkQYV,szczęśliwa,15,1.0,1.0
ariadna,R_2YwoxMFswcmeBY5,szczęśliwa,15,1.0,1.0
ariadna,R_2oTz3aDU1XHddpD,szczęśliwa,15,1.0,1.0
ariadna,R_80BfyBZiacNaI8N,szczęśliwa,15,1.0,1.0
ariadna,R_82tOX0CeKJVccNK,szczęśliwa,15,1.0,1.0
ariadna,R_8DOW7NIfbpoeJYX,szczęśliwa,15,1.0,1.0
ariadna,R_8Fm0sPp8ZVVDZ2X,szczęśliwa,15,1.0,1.0
ariadna,R_8M043VdLybdc9sm,szczęśliwa,15,1.0,1.0
ariadna,R_8VaVPJQd93Vtmys,szczęśliwa,15,1.0,1.0
ariadna,R_8fYLHfmd1Jwp0Y1,szczęśliwa,15,1.0,1.0
ariadna,R_8jpwxPUikDRsWYi,szczęśliwa,15,1.0,1.0
ariadna,R_8vV34t37KR9fsI1,szczęśliwa,15,1.0,1.0
ariadna,R_2DOWhBdhPK2TIBh,szczęśliwa,15,0.9333333333333333,0.8648648648648649
ariadna,R_2GGreX92TQa6SgF,szczęśliwa,15,0.9333333333333333,0.8148148148148148
ariadna,R_2N5wFosVv3Y9Lep,szczęśliwa,15,0.9333333333333333,0.8571428571428572
ariadna,R_2NhuyFRIOcrpwMz,szczęśliwa,15,0.9333333333333333,0.8672566371681416
ariadna,R_2Y1jGKkCBEwqhbP,szczęśliwa,15,0.9333333333333333,0.8648648648648649
ariadna,R_2bWrbgTJPOSw94q,szczęśliwa,15,0.9333333333333333,0.8571428571428572
ariadna,R_2cAUjbihI6J6C21,szczęśliwa,15,0.9333333333333333,0.8648648648648649
ariadna,R_2dRc5tpSPd6UcIU,szczęśliwa,15,0.9333333333333333,0.8672566371681416
ariadna,R_2kAkJwDZP3julzk,szczęśliwa,15,0.9333333333333333,0.8571428571428572
ariadna,R_2mEnAH2vd7PWYoi,szczęśliwa,15,0.9333333333333333,0.8672566371681416
ariadna,R_2qrJlYjr6jshh4v,szczęśliwa,15,0.9333333333333333,0.8648648648648649
ariadna,R_2tm3SkV6gFLZKJp,szczęśliwa,15,0.9333333333333333,0.8648648648648649
ariadna,R_2zMYaocw6xIBBm1,szczęśliwa,15,0.9333333333333333,0.8571428571428572
ariadna,R_87I0wnxMcNYVgkH,szczęśliwa,15,0.9333333333333333,0.8421052631578948
ariadna,R_88WPLM9UlgFiQDf,szczęśliwa,15,0.9333333333333333,0.8672566371681416
ariadna,R_8CkrqmUAqpzY6F2,szczęśliwa,15,0.9333333333333333,0.8648648648648649
ariadna,R_8DO3lKQ7kMwjmaR,szczęśliwa,15,0.9333333333333333,0.8571428571428572
ariadna,R_8PobAiBYSdrkLw9,szczęśliwa,15,0.9333333333333333,0.8571428571428572
ariadna,R_8QFfbGCFxRVxivc,szczęśliwa,15,0.9333333333333333,0.8672566371681416
ariadna,R_8ds4xfRIDf6BH9N,szczęśliwa,15,0.9333333333333333,0.8648648648648649
ariadna,R_8kuobey26n3rLk5,szczęśliwa,15,0.9333333333333333,0.8571428571428572
ariadna,R_8qOlSkDUKkh2ZwJ,szczęśliwa,15,0.9333333333333333,0.8648648648648649
ariadna,R_8sdQdXDjpVMtJLj,szczęśliwa,15,0.9333333333333333,0.8571428571428572
ariadna,R_8uKcyMqe7CEoJSU,szczęśliwa,15,0.9333333333333333,0.8648648648648649
ariadna,R_8w1CEfVl7WPiePa,szczęśliwa,15,0.9333333333333333,0.8571428571428572
ariadna,R_8w1FrzycSBGRrX3,szczęśliwa,15,0.9333333333333333,0.8672566371681416
ariadna,R_8wjlDfOoemwws3o,szczęśliwa,15,0.9333333333333333,0.8571428571428572
ariadna,R_20MDP7ruDpHbyzF,szczęśliwa,15,0.8666666666666667,0.7272727272727274
ariadna,R_25GvoK5Ozx4N2sZ,szczęśliwa,15,0.8666666666666667,0.7222222222222223
ariadna,R_2QAI9b1jPkC6WhJ,szczęśliwa,15,0.8666666666666667,0.736842105263158
ariadna,R_2Qcg7aVUClouZOh,szczęśliwa,15,0.8666666666666667,0.7000000000000001
ariadna,R_2SIi0vGLStBKNOj,szczęśliwa,15,0.8666666666666667,0.7222222222222223
ariadna,R_2ijX1noVpj9v9sC,szczęśliwa,15,0.8666666666666667,0.736842105263158
ariadna,R_2pKx5El5V9r4fVi,szczęśliwa,15,0.8666666666666667,0.736842105263158
ariadna,R_845XGBZ4NnTcDLg,szczęśliwa,15,0.8666666666666667,0.736842105263158
ariadna,R_87k7EF8rGz4tx8B,szczęśliwa,15,0.8666666666666667,0.736842105263158
ariadna,R_89JnDnlLqBHlnZ7,szczęśliwa,15,0.8666666666666667,0.6590909090909091
ariadna,R_8BxHDfmg8Erv6gw,szczęśliwa,15,0.8666666666666667,0.7222222222222223
ariadna,R_8CC5WVGfynbPwAm,szczęśliwa,15,0.8666666666666667,0.736842105263158
ariadna,R_8GM8VJLbYhmJQ9X,szczęśliwa,15,0.8666666666666667,0.7272727272727274
ariadna,R_8KwpBu6DdJ9vqAh,szczęśliwa,15,0.8666666666666667,0.7058823529411765
ariadna,R_8Q3oL4SqZ9hNHt3,szczęśliwa,15,0.8666666666666667,0.7272727272727274
ariadna,R_8fDGvJQ0f1Moslf,szczęśliwa,15,0.8666666666666667,0.7222222222222223
ariadna,R_8gnhUN6r6cQydLe,szczęśliwa,15,0.8666666666666667,0.7222222222222223
ariadna,R_8llDwiQ3tztdq3E,szczęśliwa,15,0.8666666666666667,0.736842105263158
ariadna,R_8ptmOvsPG4iuVgq,szczęśliwa,15,0.8666666666666667,0.7321428571428572
ariadna,R_8v8EZpiU29XJm81,szczęśliwa,15,0.8666666666666667,0.7058823529411765
ariadna,R_8xCXGsujKCqig7a,szczęśliwa,15,0.8666666666666667,0.736842105263158
ariadna,R_8xQKr2WKx0phJsS,szczęśliwa,15,0.8666666666666667,0.736842105263158
ariadna,R_25Cf7mnMrsGBRgB,szczęśliwa,15,0.8,0.5945945945945946
ariadna,R_2Eb8Z9UAcKGLjRc,szczęśliwa,15,0.8,0.5871559633027524
ariadna,R_2MM6TmdkSW7hTd9,szczęśliwa,15,0.8,0.6153846153846155
ariadna,R_2OHQCjEESMvxjU8,szczęśliwa,15,0.8,0.6017699115044248
ariadna,R_2POjNYGYe1XGI7X,szczęśliwa,15,0.8,0.6017699115044248
ariadna,R_2R2fncMWbgpysxi,szczęśliwa,15,0.8,0.5714285714285715
ariadna,R_2Yzas2zZtHlSkCi,szczęśliwa,15,0.8,0.5714285714285715
ariadna,R_2kM8o8H7PmigCta,szczęśliwa,15,0.8,0.5945945945945946
ariadna,R_2kMnZ86VkebZHqh,szczęśliwa,15,0.8,0.5871559633027524
ariadna,R_2lrUN5u8HzZepq5,szczęśliwa,15,0.8,0.5714285714285715
ariadna,R_2nsZ5hEjqmMiXwR,szczęśliwa,15,0.8,0.6017699115044248
ariadna,R_2oFJWm84aDiFblT,szczęśliwa,15,0.8,0.5714285714285715
ariadna,R_2pCqA1NBSv3X5oR,szczęśliwa,15,0.8,0.6153846153846155
ariadna,R_2pEyYW8dqH38cMu,szczęśliwa,15,0.8,0.6086956521739131
ariadna,R_2qvWZgN5vaW1DCF,szczęśliwa,15,0.8,0.6086956521739131
ariadna,R_2sXCbHuP0HCiN7H,szczęśliwa,15,0.8,0.5945945945945946
ariadna,R_2vZiIFhb6IPh1hj,szczęśliwa,15,0.8,0.6017699115044248
ariadna,R_82wUg41yTwfgFA5,szczęśliwa,15,0.8,0.5871559633027524
ariadna,R_83sF7nJJz9KFo9v,szczęśliwa,15,0.8,0.5454545454545456
ariadna,R_8EDqYt8Q30iPdFD,szczęśliwa,15,0.8,0.6086956521739131
ariadna,R_8FIFhbShJ93dwWL,szczęśliwa,15,0.8,0.5871559633027524
ariadna,R_8GJmVrXnmN5mpec,szczęśliwa,15,0.8,0.5714285714285715
ariadna,R_8VI8HVRe9Dgh9Yd,szczęśliwa,15,0.8,0.6086956521739131
ariadna,R_8VdXQ0yQ5BgYJm8,szczęśliwa,15,0.8,0.5945945945945946
ariadna,R_8iPvQtcGoXgbHhO,szczęśliwa,15,0.8,0.5871559633027524
ariadna,R_8kCgov55mQ47F6o,szczęśliwa,15,0.8,0.5945945945945946
ariadna,R_8kFgspI5e92LOb8,szczęśliwa,15,0.8,0.5945945945945946
ariadna,R_8rJ88YpTETKYiCn,szczęśliwa,15,0.8,0.6017699115044248
ariadna,R_8sEgrl4bwOxOieB,szczęśliwa,15,0.8,0.5945945945945946
ariadna,R_8yDFQA7GhjuI0pz,szczęśliwa,15,0.8,0.5263157894736843
ariadna,R_8zCuaLKF21t8WFU,szczęśliwa,15,0.8,0.5945945945945946
ariadna,R_2LpXIoUWgOcR0bS,szczęśliwa,15,0.7333333333333333,0.4444444444444443
ariadna,R_2Pq7jlsiWHjcOp2,szczęśliwa,15,0.7333333333333333,0.4736842105263157
ariadna,R_2nI58rr8inLbpr5,szczęśliwa,15,0.7333333333333333,0.4444444444444443
ariadna,R_2qfIkpHB5gYyM2Z,szczęśliwa,15,0.7333333333333333,0.33333333333333304
ariadna,R_2vPhXINftN6rlgR,szczęśliwa,15,0.7333333333333333,0.4545454545454545
ariadna,R_7EJ5snHwgr8q8cV,szczęśliwa,15,0.7333333333333333,0.4642857142857142
ariadna,R_81iUKhpwRlKw3Pb,szczęśliwa,15,0.7333333333333333,0.4736842105263157
ariadna,R_84OxMBM9TQBvUdC,szczęśliwa,15,0.7333333333333333,0.4999999999999999
ariadna,R_862X653kl28Ov7K,szczęśliwa,15,0.7333333333333333,0.4642857142857142
ariadna,R_895j3yH6K4zwZRo,szczęśliwa,15,0.7333333333333333,0.4642857142857142
ariadna,R_8F4JgQzwtHQ6K07,szczęśliwa,15,0.7333333333333333,0.4736842105263157
ariadna,R_8PZdvwQaixVIvr0,szczęśliwa,15,0.7333333333333333,0.4999999999999999
ariadna,R_8Shme1geL6acWTn,szczęśliwa,15,0.7333333333333333,0.41176470588235287
ariadna,R_8alPcVVlJZ6IePD,szczęśliwa,15,0.7333333333333333,0.4642857142857142
ariadna,R_8c2shxJgVLo30fb,szczęśliwa,15,0.7333333333333333,0.33333333333333326
ariadna,R_8dE8yOVcIxTLAro,szczęśliwa,15,0.7333333333333333,0.4545454545454545
ariadna,R_8esHzwYlfIg4fX5,szczęśliwa,15,0.7333333333333333,0.4827586206896551
ariadna,R_8tLQ0nAS0YOdUDt,szczęśliwa,15,0.7333333333333333,0.4999999999999999
ariadna,R_21YLZF1qqGDdgJo,szczęśliwa,15,0.6666666666666666,0.33628318584070793
ariadna,R_2EnVccUY7eqYqtm,szczęśliwa,15,0.6666666666666666,0.28571428571428564
ariadna,R_2cpeHlSTWFcASMi,szczęśliwa,15,0.6666666666666666,0.28571428571428564
ariadna,R_2dbQCFUBqqzWaBe,szczęśliwa,15,0.6666666666666666,0.3243243243243242
ariadna,R_2npyMEXos3wZv1v,szczęśliwa,15,0.6666666666666666,0.3243243243243242
ariadna,R_8Cm2KGgqfamDfnw,szczęśliwa,15,0.6666666666666666,0.3243243243243242
ariadna,R_8ZE68YJAPlMLxla,szczęśliwa,15,0.6666666666666666,0.3478260869565216
ariadna,R_8zyzO7rw8aW68tX,szczęśliwa,15,0.6666666666666666,0.39999999999999986
ariadna,R_25D2DplmLP7bwLT,szczęśliwa,15,0.6,0.18181818181818185
ariadna,R_2qI1aUFh1aMuwLR,szczęśliwa,15,0.6,-0.2500000000000007
ariadna,R_2sTOqlPF7QygHY2,szczęśliwa,15,0.6,-0.022727272727272586
ariadna,R_2soVXZbllNqNHnk,szczęśliwa,15,0.6,0.11764705882352942
ariadna,R_81nQVBE4mTGAiSa,szczęśliwa,15,0.6,0.19642857142857137
ariadna,R_86yWMtFUJYB3cPf,szczęśliwa,15,0.6,-0.022727272727273165
ariadna,R_8PqAj1tO8RBuLxn,szczęśliwa,15,0.6,0.0
ariadna,R_8Uc7DZJoRFzEYNj,szczęśliwa,15,0.6,-0.2500000000000007
ariadna,R_8XiCFPziWqPdHwt,szczęśliwa,15,0.6,0.18181818181818185
ariadna,R_27D6a6ggIL2i8Iu,szczęśliwa,15,0.5333333333333333,-0.10526315789473671
ariadna,R_2ePbpFpH0NZeKUH,szczęśliwa,15,0.5333333333333333,0.07079646017699116
ariadna,R_2fAT0UuP5vrYV45,szczęśliwa,15,0.5333333333333333,0.05405405405405396
ariadna,R_8CBZ5eZOCF2Geuk,szczęśliwa,15,0.5333333333333333,0.10256410256410257
ariadna,R_8LzCskQXFmcLJuk,szczęśliwa,15,0.5333333333333333,0.03669724770642203
ariadna,R_8fveuXSsOxEktJC,szczęśliwa,15,0.5333333333333333,0.05405405405405396
ariadna,R_8nGEcyjVF930NqX,szczęśliwa,15,0.5333333333333333,0.05405405405405396
ariadna,R_89BfoEdwSJA9ndT,szczęśliwa,15,0.4666666666666667,-0.052631578947368314
ariadna,R_8fdOWU5K1xkGS9t,szczęśliwa,15,0.4666666666666667,0.0
ariadna,R_8suDbh28Bm0BOMx,szczęśliwa,15,0.4666666666666667,0.0
ariadna,R_2JftHXX9h8xiDUP,szczęśliwa,15,0.4,-0.17391304347826092
ariadna,R_2kzv6by5DC6skjo,szczęśliwa,15,0.4,-0.28571428571428564
ariadna,R_8kuM6JNKQQccOym,szczęśliwa,15,0.4,-0.19469026548672558
ariadna,R_8riGEUf426Wemx6,szczęśliwa,15,0.4,-0.17391304347826092
ariadna,R_8iqvAGHHlMrWYSb,szczęśliwa,15,0.26666666666666666,-0.4347826086956523
ariadna,R_21upZwdFOCzQX5V,towarzyska,15,1.0,1.0
ariadna,R_2MSvW8xdHIr7M2P,towarzyska,15,1.0,1.0
ariadna,R_2hXwszcOMftm2aJ,towarzyska,15,1.0,1.0
ariadna,R_2nvj3FAb3B9DnL2,towarzyska,15,1.0,1.0
ariadna,R_2sXCbHuP0HCiN7H,towarzyska,15,1.0,1.0
ariadna,R_2zMYaocw6xIBBm1,towarzyska,15,1.0,1.0
ariadna,R_80NBCy1QPWIZ8Tf,towarzyska,15,1.0,1.0
ariadna,R_81G9dtBwJid3Vq1,towarzyska,15,1.0,1.0
ariadna,R_82KYLB4TJOFvhi0,towarzyska,15,1.0,1.0
ariadna,R_85cjkz0NDOrCm2Z,towarzyska,15,1.0,1.0
ariadna,R_89ncWP9zEhl069c,towarzyska,15,1.0,1.0
ariadna,R_8EM7YIuqubghD8o,towarzyska,15,1.0,1.0
ariadna,R_8EMFmcqGFOQqtGj,towarzyska,15,1.0,1.0
ariadna,R_8GE5C350gpDVW51,towarzyska,15,1.0,1.0
ariadna,R_8JQemhT2CuiPmVz,towarzyska,15,1.0,1.0
ariadna,R_8N9wCCDcOnFw7Od,towarzyska,15,1.0,1.0
ariadna,R_8NxnqIeKl7hG4CJ,towarzyska,15,1.0,1.0
ariadna,R_8RkexwDDNrUEPbd,towarzyska,15,1.0,1.0
ariadna,R_8RrzP7zKrZNARAb,towarzyska,15,1.0,1.0
ariadna,R_8X6XSeQQJIoxw9k,towarzyska,15,1.0,1.0
ariadna,R_8kuobey26n3rLk5,towarzyska,15,1.0,1.0
ariadna,R_8nYKlVyt343ZX8u,towarzyska,15,1.0,1.0
ariadna,R_8xspd0tVDfHgh33,towarzyska,15,1.0,1.0
ariadna,R_8yjb76PJhAwcRwy,towarzyska,15,1.0,1.0
ariadna,R_25AxwwGd2m5hlaO,towarzyska,15,0.9333333333333333,0.8672566371681416
ariadna,R_282K0iuLfskF2Zb,towarzyska,15,0.9333333333333333,0.8672566371681416
ariadna,R_2I06ClXEjTFL1mB,towarzyska,15,0.9333333333333333,0.8421052631578948
ariadna,R_2K2hoj5Qy58bN3b,towarzyska,15,0.9333333333333333,0.8648648648648649
ariadna,R_2L2CRjdUZpTtJpD,towarzyska,15,0.9333333333333333,0.8571428571428572
ariadna,R_2NkrvfJOMLmKFvu,towarzyska,30,0.9333333333333333,0.8642533936651584
ariadna,R_2VDvYWvRILFO6wp,towarzyska,15,0.9333333333333333,0.8571428571428572
ariadna,R_2ZXG0AO6LEFVhEl,towarzyska,15,0.9333333333333333,0.8421052631578948
ariadna,R_2cAUjbihI6J6C21,towarzyska,15,0.9333333333333333,0.8421052631578948
ariadna,R_2dRc5tpSPd6UcIU,towarzyska,15,0.9333333333333333,0.8648648648648649
ariadna,R_2fjCd78htTfEwhL,towarzyska,15,0.9333333333333333,0.8672566371681416
ariadna,R_2lHnojP1QqkhsOd,towarzyska,15,0.9333333333333333,0.8672566371681416
ariadna,R_2nq7O9yTEcmtxK3,towarzyska,15,0.9333333333333333,0.8672566371681416
ariadna,R_2uRdPunVYugdyYF,towarzyska,30,0.9333333333333333,0.8648648648648649
ariadna,R_2uTCQCsxmaubebq,towarzyska,15,0.9333333333333333,0.8672566371681416
ariadna,R_2wNMZdzSBylcA8x,towarzyska,15,0.9333333333333333,0.8571428571428572
ariadna,R_82wUg41yTwfgFA5,towarzyska,15,0.9333333333333333,0.8648648648648649
ariadna,R_833r29rInHWjEh5,towarzyska,15,0.9333333333333333,0.8648648648648649
ariadna,R_88WPLM9UlgFiQDf,towarzyska,15,0.9333333333333333,0.8571428571428572
ariadna,R_8XaL3ZIPvO00Mun,towarzyska,15,0.9333333333333333,0.8648648648648649
ariadna,R_8dSYflGftXcsfkZ,towarzyska,15,0.9333333333333333,0.8148148148148148
ariadna,R_8ds4xfRIDf6BH9N,towarzyska,15,0.9333333333333333,0.8648648648648649
ariadna,R_8fDGvJQ0f1Moslf,towarzyska,15,0.9333333333333333,0.8648648648648649
ariadna,R_8pFs7VcVRRuij7g,towarzyska,15,0.9333333333333333,0.8672566371681416
ariadna,R_8r8RlUASyYrLlgB,towarzyska,15,0.9333333333333333,0.8571428571428572
ariadna,R_8zC6nlOxCJ1E5TG,towarzyska,15,0.9333333333333333,0.8571428571428572
ariadna,R_2M0Asp2pVc0yblR,towarzyska,30,0.9,0.8
ariadna,R_2PjsJNa531R55OL,towarzyska,30,0.9,0.7982062780269059
ariadna,R_2pyvBJTOKKIvHyx,towarzyska,30,0.9,0.8
ariadna,R_20GtnZKM4g0Cdvb,towarzyska,15,0.8666666666666667,0.7222222222222223
ariadna,R_21H9KAxX71qdX4N,towarzyska,15,0.8666666666666667,0.6590909090909091
ariadna,R_231907Im7bSzsel,towarzyska,15,0.8666666666666667,0.736842105263158
ariadna,R_24oCjcGb34HV0ev,towarzyska,15,0.8666666666666667,0.7272727272727274
ariadna,R_2Fn5egUosJ2i7RM,towarzyska,15,0.8666666666666667,0.7321428571428572
ariadna,R_2G31tS5DMIE2Xns,towarzyska,15,0.8666666666666667,0.736842105263158
ariadna,R_2KCNIApS3msjNWi,towarzyska,15,0.8666666666666667,0.7272727272727274
ariadna,R_2Kj5dakjDYVHYGf,towarzyska,15,0.8666666666666667,0.7321428571428572
ariadna,R_2NhuyFRIOcrpwMz,towarzyska,15,0.8666666666666667,0.7058823529411765
ariadna,R_2OkuXrNjO4FFF3T,towarzyska,15,0.8666666666666667,0.7321428571428572
ariadna,R_2VjlaZUsW6k8Ysp,towarzyska,15,0.8666666666666667,0.7321428571428572
ariadna,R_2Yzas2zZtHlSkCi,towarzyska,15,0.8666666666666667,0.7000000000000001
ariadna,R_2bWrbgTJPOSw94q,towarzyska,15,0.8666666666666667,0.7272727272727274
ariadna,R_2cZfD3hM3X1CZJO,towarzyska,15,0.8666666666666667,0.7321428571428572
ariadna,R_2efUop61K1fhGkO,towarzyska,15,0.8666666666666667,0.7058823529411765
ariadna,R_2gj9MGtWhvZzXmd,towarzyska,15,0.8666666666666667,0.736842105263158
ariadna,R_2jUEVsQzUmMR1hq,towarzyska,15,0.8666666666666667,0.736842105263158
ariadna,R_2kcgECvQsvRyZUm,towarzyska,15,0.8666666666666667,0.7272727272727274
ariadna,R_2lX591Dp8ENrmky,towarzyska,15,0.8666666666666667,0.736842105263158
ariadna,R_2oRZzAAbsXjXJL8,towarzyska,15,0.8666666666666667,0.7000000000000001
ariadna,R_2pCqA1NBSv3X5oR,towarzyska,15,0.8666666666666667,0.7000000000000001
ariadna,R_2yb0EUpZqnE3d7z,towarzyska,15,0.8666666666666667,0.736842105263158
ariadna,R_87RY6AJ1PMmBvrj,towarzyska,15,0.8666666666666667,0.736842105263158
ariadna,R_87k7EF8rGz4tx8B,towarzyska,15,0.8666666666666667,0.7000000000000001
ariadna,R_8D76oOperypgreN,towarzyska,15,0.8666666666666667,0.736842105263158
ariadna,R_8FLm2MX2vXSY4Q6,towarzyska,15,0.8666666666666667,0.7000000000000001
ariadna,R_8GCADwpzkbUR76n,towarzyska,15,0.8666666666666667,0.5945945945945947
ariadna,R_8GJmVrXnmN5mpec,towarzyska,15,0.8666666666666667,0.736842105263158
ariadna,R_8LkCVkiFqE0BzxZ,towarzyska,15,0.8666666666666667,0.7222222222222223
ariadna,R_8MljqrCk3AkCgYI,towarzyska,15,0.8666666666666667,0.7272727272727274
ariadna,R_8WNEq4Hm0eja2SN,towarzyska,15,0.8666666666666667,0.7272727272727274
ariadna,R_8c7TugTGeIWRIPW,towarzyska,15,0.8666666666666667,0.736842105263158
ariadna,R_8e8BSSg8wd4xVSE,towarzyska,15,0.8666666666666667,0.7272727272727274
ariadna,R_8fjTCXyXD3NT5XO,towarzyska,15,0.8666666666666667,0.7058823529411765
ariadna,R_8iyFsXVAxhb9J8w,towarzyska,15,0.8666666666666667,0.7058823529411765
ariadna,R_8kThrUREG6esjq5,towarzyska,15,0.8666666666666667,0.7222222222222223
ariadna,R_8lyRdre68xb5NK4,towarzyska,30,0.8666666666666667,0.7333333333333334
ariadna,R_8pVUNqD6EIoozqY,towarzyska,30,0.8666666666666667,0.7235023041474655
ariadna,R_8rBle3LDguEn0dX,towarzyska,15,0.8666666666666667,0.7000000000000001
ariadna,R_8suDbh28Bm0BOMx,towarzyska,15,0.8666666666666667,0.736842105263158
ariadna,R_8wLlFl976grgOME,towarzyska,15,0.8666666666666667,0.7321428571428572
ariadna,R_8yDFQA7GhjuI0pz,towarzyska,15,0.8666666666666667,0.7222222222222223
ariadna,R_27PEO0DDESmYLrW,towarzyska,30,0.8333333333333334,0.6724890829694323
ariadna,R_2e2E57PFELnN8nq,towarzyska,30,0.8333333333333334,0.660633484162896
ariadna,R_2sSl4XjbQq797s0,towarzyska,30,0.8333333333333334,0.669603524229075
ariadna,R_805TIgMgJvjPgqd,towarzyska,30,0.8333333333333334,0.6666666666666667
ariadna,R_8AAd1O7Fx2zvNFD,towarzyska,30,0.8333333333333334,0.6666666666666667
ariadna,R_8O9eUpgYBK7Uefx,towarzyska,30,0.8333333333333334,0.6636771300448431
ariadna,R_21xfCJa28kBdVdv,towarzyska,15,0.8,0.5454545454545455
ariadna,R_25GvoK5Ozx4N2sZ,towarzyska,15,0.8,0.5263157894736843
ariadna,R_26TzBcLPvyTr5Zv,towarzyska,15,0.8,0.5945945945945946
ariadna,R_28TWQkfZ6NcTW40,towarzyska,15,0.8,0.6017699115044248
ariadna,R_2D27rty0mIAPfKQ,towarzyska,15,0.8,0.6017699115044248
ariadna,R_2D8fUKQncCb5PPw,towarzyska,15,0.8,0.5945945945945946
ariadna,R_2DGVzDbIHoAb87J,towarzyska,15,0.8,0.5714285714285715
ariadna,R_2DNEAVsGGfUWSqt,towarzyska,15,0.8,0.5714285714285715
ariadna,R_2DhyxH2tqMtR6eZ,towarzyska,15,0.8,0.5714285714285715
ariadna,R_2DqmBlPMuNPs0YJ,towarzyska,15,0.8,0.5945945945945946
ariadna,R_2E7ira11RPRoW8p,towarzyska,15,0.8,0.5263157894736843
ariadna,R_2FxmpRnuFGwflho,towarzyska,15,0.8,0.6017699115044248
ariadna,R_2GZHJGLu5m5qlMe,towarzyska,15,0.8,0.5945945945945946
ariadna,R_2JJHZsJTOkexRMK,towarzyska,15,0.8,0.6086956521739131
ariadna,R_2JLxtlaJlrQZMVU,towarzyska,15,0.8,0.5263157894736843
ariadna,R_2N5wFosVv3Y9Lep,towarzyska,15,0.8,0.6017699115044248
ariadna,R_2QKVZBZk5Elqz9J,towarzyska,15,0.8,0.6017699115044248
ariadna,R_2TDtIroKKt9q3AJ,towarzyska,15,0.8,0.6153846153846155
ariadna,R_2V1qolmxiFqZ0Ad,towarzyska,15,0.8,0.5945945945945946
ariadna,R_2VOSOHlZftg4AbT,towarzyska,15,0.8,0.5714285714285715
ariadna,R_2cvaPbevpm1CHd6,towarzyska,30,0.8,0.5927601809954752
ariadna,R_2dGHCTwsvni3y4T,towarzyska,15,0.8,0.5714285714285715
ariadna,R_2gwvcJg8uhJFe1P,towarzyska,15,0.8,0.5263157894736843
ariadna,R_2mPMn2TSpvEYdaM,towarzyska,15,0.8,0.6086956521739131
ariadna,R_2oTz3aDU1XHddpD,towarzyska,15,0.8,0.5714285714285715
ariadna,R_2pKx5El5V9r4fVi,towarzyska,15,0.8,0.6086956521739131
ariadna,R_2vXVQq6wVANBvPj,towarzyska,15,0.8,0.6017699115044248
ariadna,R_2vw3OAymRZrI7PH,towarzyska,15,0.8,0.2857142857142859
ariadna,R_82PhpuPmmvJpxNh,towarzyska,15,0.8,0.6017699115044248
ariadna,R_83Vu03bAK5l91us,towarzyska,15,0.8,0.5945945945945946
ariadna,R_86DVS5A2myfyHjH,towarzyska,30,0.8,0.5945945945945946
ariadna,R_872lgtV1UKdDlZA,towarzyska,15,0.8,0.5945945945945946
ariadna,R_8EpdhQIeaDdesGI,towarzyska,15,0.8,0.5945945945945946
ariadna,R_8FIFhbShJ93dwWL,towarzyska,15,0.8,0.4705882352941179
ariadna,R_8I5L0SYJdMQ0kMa,towarzyska,15,0.8,0.6017699115044248
ariadna,R_8IIXkMUWS9w354Z,towarzyska,15,0.8,0.5945945945945946
ariadna,R_8Jv7J4j76RhrIGt,towarzyska,15,0.8,0.5945945945945946
ariadna,R_8Kxt9oGe9PZcPqF,towarzyska,15,0.8,0.5714285714285715
ariadna,R_8MXPZwKuUWVULDz,towarzyska,15,0.8,0.5945945945945946
ariadna,R_8MbR47CmsNFswkG,towarzyska,15,0.8,0.5714285714285715
ariadna,R_8PphYrCsc225G90,towarzyska,15,0.8,0.44444444444444436
ariadna,R_8PuVP9iGJcK0tAt,towarzyska,15,0.8,0.6017699115044248
ariadna,R_8RgPydMmCpnqouA,towarzyska,15,0.8,0.5871559633027524
ariadna,R_8c2h5u0VglTUM30,towarzyska,15,0.8,0.5263157894736844
ariadna,R_8fCqxTFS4edFdfO,towarzyska,15,0.8,0.5714285714285715
ariadna,R_8iPvQtcGoXgbHhO,towarzyska,15,0.8,0.5945945945945946
ariadna,R_8igsQWMjOVLKGMg,towarzyska,15,0.8,0.5945945945945946
ariadna,R_8qOlSkDUKkh2ZwJ,towarzyska,15,0.8,0.6153846153846155
ariadna,R_8spM0fm9D9nu1Nk,towarzyska,15,0.8,0.5871559633027524
ariadna,R_8uW1UMLxvrgu5w4,towarzyska,15,0.8,0.6153846153846155
ariadna,R_8w0n4io5KLpzxsu,towarzyska,15,0.8,0.5714285714285715
ariadna,R_8w6W4Gq3ST1QADl,towarzyska,15,0.8,0.6086956521739131
ariadna,R_2BpTyYQaavgo8zn,towarzyska,30,0.7666666666666667,0.5414847161572053
ariadna,R_2djpmlR5vN7JNQH,towarzyska,30,0.7666666666666667,0.537444933920705
ariadna,R_2wtuy3BlTvHnlVn,towarzyska,30,0.7666666666666667,0.5569620253164559
ariadna,R_2ymXQptk1ZezyUh,towarzyska,30,0.7666666666666667,0.5205479452054795
ariadna,R_21YLZF1qqGDdgJo,towarzyska,15,0.7333333333333333,0.4736842105263157
ariadna,R_2CvpoMpS2eJbHOY,towarzyska,15,0.7333333333333333,0.4444444444444443
ariadna,R_2E6WAmw7Lqozlhw,towarzyska,15,0.7333333333333333,0.4444444444444443
ariadna,R_2MM6TmdkSW7hTd9,towarzyska,15,0.7333333333333333,0.41176470588235287
ariadna,R_2Mne9CihMHmgysK,towarzyska,15,0.7333333333333333,0.4444444444444443
ariadna,R_2RBA2Rg979vKdrP,towarzyska,15,0.7333333333333333,0.4736842105263157
ariadna,R_2SvQl09LFwTeqLS,towarzyska,30,0.7333333333333333,0.4594594594594593
ariadna,R_2V4QglgMTXrTKb6,towarzyska,15,0.7333333333333333,0.4736842105263157
ariadna,R_2V7ASFrGrfpR3Ed,towarzyska,15,0.7333333333333333,0.4545454545454545
ariadna,R_2ckhP1DzEer43W5,towarzyska,15,0.7333333333333333,0.4642857142857142
ariadna,R_2gT8W8YxN3fCyAK,towarzyska,15,0.7333333333333333,0.4736842105263157
ariadna,R_2qOsSATZ9GYVzax,towarzyska,15,0.7333333333333333,0.4444444444444443
ariadna,R_2qP8nAbh45fb9iP,towarzyska,15,0.7333333333333333,0.4545454545454545
ariadna,R_2s5qfpYGM5IMQhO,towarzyska,15,0.7333333333333333,0.41176470588235287
ariadna,R_80ofDbpCCwv6Ilt,towarzyska,15,0.7333333333333333,0.4999999999999999
ariadna,R_81G7PjzN5YwoGoP,towarzyska,15,0.7333333333333333,0.33333333333333326
ariadna,R_845XGBZ4NnTcDLg,towarzyska,15,0.7333333333333333,0.41176470588235287
ariadna,R_8BY5cTdiwFkn9zS,towarzyska,15,0.7333333333333333,0.4736842105263157
ariadna,R_8FOiZUp2GKF0IyN,towarzyska,15,0.7333333333333333,0.4642857142857142
ariadna,R_8IYPStyRNYkHe8l,towarzyska,15,0.7333333333333333,0.4999999999999999
ariadna,R_8IfIvXLkxIjwxSU,towarzyska,15,0.7333333333333333,0.4999999999999999
ariadna,R_8LOjrv9sQ4B0U27,towarzyska,15,0.7333333333333333,0.41176470588235287
ariadna,R_8MosbX1UThWwFxM,towarzyska,15,0.7333333333333333,0.4545454545454545
ariadna,R_8Q6Cc6J0tLhizyo,towarzyska,15,0.7333333333333333,0.4444444444444443
ariadna,R_8QorvfcN2D98eRN,towarzyska,15,0.7333333333333333,0.4444444444444443
ariadna,R_8TAHblm7aCJiKNt,towarzyska,15,0.7333333333333333,0.16666666666666607
ariadna,R_8VaVPJQd93Vtmys,towarzyska,15,0.7333333333333333,0.4642857142857142
ariadna,R_8e3xi7b3YvcNMWA,towarzyska,15,0.7333333333333333,0.4736842105263157
ariadna,R_8eWJyqD7Eqgpu2y,towarzyska,15,0.7333333333333333,0.4827586206896551
ariadna,R_8fdOWU5K1xkGS9t,towarzyska,15,0.7333333333333333,0.4736842105263157
ariadna,R_8h4GlFMPnAJ2zxx,towarzyska,15,0.7333333333333333,0.4642857142857142
ariadna,R_8ijJSjFOKq2cwAJ,towarzyska,15,0.7333333333333333,0.4736842105263157
ariadna,R_8j2N2C4aDpCLLfb,towarzyska,15,0.7333333333333333,0.4642857142857142
ariadna,R_8jpwxPUikDRsWYi,towarzyska,15,0.7333333333333333,0.4545454545454545
ariadna,R_8llDwiQ3tztdq3E,towarzyska,15,0.7333333333333333,0.3181818181818178
ariadna,R_8mjT96t19twNfl7,towarzyska,15,0.7333333333333333,0.4642857142857142
ariadna,R_8q6xoxTsUB5QJwd,towarzyska,15,0.7333333333333333,0.4736842105263157
ariadna,R_8wLxJSBvo2oC8AT,towarzyska,30,0.7333333333333333,0.40298507462686567
ariadna,R_2g5G4W5aVEhKZQX,towarzyska,30,0.7,0.3999999999999999
ariadna,R_2kLM3hBgqBwn4ak,towarzyska,30,0.7,0.3999999999999999
ariadna,R_8kLJd7hMHfpA5TX,towarzyska,30,0.7,0.3661971830985915
ariadna,R_29tVmvYL4XcTXix,towarzyska,15,0.6666666666666666,0.3243243243243242
ariadna,R_2Hdgb6pzO6Ik3cx,towarzyska,30,0.6666666666666666,0.28571428571428564
ariadna,R_2MRw1iA03TDeelC,towarzyska,15,0.6666666666666666,0.33628318584070793
ariadna,R_2O8Gp6I6IArIh0M,towarzyska,15,0.6666666666666666,0.3119266055045871
ariadna,R_2Puivgesmm5ySqM,towarzyska,15,0.6666666666666666,0.28571428571428564
ariadna,R_2Q5hH6ySOuNxAjF,towarzyska,15,0.6666666666666666,0.3478260869565216
ariadna,R_2R4rFl6tFq91fFP,towarzyska,15,0.6666666666666666,0.3243243243243242
ariadna,R_2SrcDdKBoGjO4HT,towarzyska,15,0.6666666666666666,0.33628318584070793
ariadna,R_2ewxdwv6fC9ivJj,towarzyska,15,0.6666666666666666,0.21052631578947348
ariadna,R_2i24Tt1tYHZLp73,towarzyska,15,0.6666666666666666,0.33628318584070793
ariadna,R_2jNR3xtkKGpQQ1e,towarzyska,15,0.6666666666666666,0.3589743589743588
ariadna,R_2jPP0nL8PH4RmX5,towarzyska,15,0.6666666666666666,0.28571428571428564
ariadna,R_2l0VTJKAWtjFGO5,towarzyska,15,0.6666666666666666,0.2105263157894737
ariadna,R_2lX5ApM7AurxNBG,towarzyska,15,0.6666666666666666,0.3478260869565216
ariadna,R_2npyMEXos3wZv1v,towarzyska,15,0.6666666666666666,0.3589743589743589
ariadna,R_2o6hmXc7QQyExVP,towarzyska,15,0.6666666666666666,0.3478260869565216
ariadna,R_2qfIkpHB5gYyM2Z,towarzyska,15,0.6666666666666666,0.33628318584070793
ariadna,R_2qvLBECjUENCcAS,towarzyska,15,0.6666666666666666,0.3478260869565216
ariadna,R_2t9j4NJBVpdBAvT,towarzyska,15,0.6666666666666666,0.33628318584070793
ariadna,R_2vPhXINftN6rlgR,towarzyska,15,0.6666666666666666,0.33628318584070793
ariadna,R_80rczTJTjafQVJp,towarzyska,15,0.6666666666666666,0.3478260869565216
ariadna,R_83mz5PxONQbuCWV,towarzyska,15,0.6666666666666666,0.28571428571428564
ariadna,R_85KnTZqRKEkmBxX,towarzyska,15,0.6666666666666666,0.33628318584070793
ariadna,R_8D78pYUz6Npm1ze,towarzyska,15,0.6666666666666666,0.3243243243243242
ariadna,R_8KrPGyx7hP18yTp,towarzyska,15,0.6666666666666666,0.28571428571428564
ariadna,R_8MhWqPe0l7nh3vr,towarzyska,15,0.6666666666666666,0.33628318584070793
ariadna,R_8Ph7PDa56eltpP7,towarzyska,15,0.6666666666666666,0.33628318584070793
ariadna,R_8PjjQeyw6p1p3IR,towarzyska,30,0.6666666666666666,0.33333333333333326
ariadna,R_8PqAj1tO8RBuLxn,towarzyska,15,0.6666666666666666,0.3478260869565216
ariadna,R_8Qyajpmg88XZXEh,towarzyska,15,0.6666666666666666,0.3243243243243242
ariadna,R_8fdQBbf0TGsb7l1,towarzyska,15,0.6666666666666666,0.24242424242424224
ariadna,R_8hHfTmY2x5Vki8h,towarzyska,15,0.6666666666666666,0.39999999999999986
ariadna,R_8i3R1eNCX8f2jQa,towarzyska,30,0.6666666666666666,0.33035714285714274
ariadna,R_8jVxyUMbP1yS1Ep,towarzyska,15,0.6666666666666666,0.33628318584070793
ariadna,R_8n1R6qO1ZYkwPXy,towarzyska,15,0.6666666666666666,0.3243243243243242
ariadna,R_8ptmOvsPG4iuVgq,towarzyska,15,0.6666666666666666,0.3902439024390243
ariadna,R_8qEA05Njop5EXwn,towarzyska,15,0.6666666666666666,0.3243243243243242
ariadna,R_8r2oko68tk17oVQ,towarzyska,15,0.6666666666666666,0.3119266055045871
ariadna,R_8w4wVy8jEewu6ST,towarzyska,15,0.6666666666666666,0.28571428571428564
ariadna,R_2hACoS1eW7Lp0Dz,towarzyska,30,0.6333333333333333,0.1951219512195122
ariadna,R_2rOAwk2eotMonnO,towarzyska,30,0.6333333333333333,0.2325581395348836
ariadna,R_8hisNvPOlAR8C7h,towarzyska,30,0.6333333333333333,0.2731277533039647
ariadna,R_2LBUYOmUI8QDCwl,towarzyska,15,0.6,0.2857142857142856
ariadna,R_2Pq7jlsiWHjcOp2,towarzyska,15,0.6,0.19642857142857137
ariadna,R_2QPZs1jokmPq8bD,towarzyska,15,0.6,0.18181818181818185
ariadna,R_2S9sx8YmnesqWjk,towarzyska,15,0.6,0.24999999999999994
ariadna,R_2e3fSly7KIm6OpW,towarzyska,15,0.6,0.2241379310344827
ariadna,R_2xKwgaJXKhZllqE,towarzyska,15,0.6,0.2105263157894737
ariadna,R_7EJ5snHwgr8q8cV,towarzyska,15,0.6,0.24999999999999994
ariadna,R_82LvlomsR7GIsxd,towarzyska,15,0.6,0.18181818181818185
ariadna,R_83w3x69pbaJXvBD,towarzyska,15,0.6,0.24999999999999994
ariadna,R_85Umy7HfHTapCw1,towarzyska,15,0.6,0.24999999999999994
ariadna,R_8771fLXevrRAHTW,towarzyska,15,0.6,0.18181818181818185
ariadna,R_8EIBLREMkkb369P,towarzyska,15,0.6,0.24999999999999994
ariadna,R_8GM8VJLbYhmJQ9X,towarzyska,15,0.6,0.06249999999999989
ariadna,R_8O6QePzIycvRFkS,towarzyska,15,0.6,0.2105263157894737
ariadna,R_8SjiJahrKz1HMjm,towarzyska,15,0.6,0.2105263157894737
ariadna,R_8VYVIYXfWSAOllT,towarzyska,15,0.6,0.2105263157894737
ariadna,R_8cdrsS2zzvgWA3f,towarzyska,15,0.6,0.19642857142857137
ariadna,R_8kuM6JNKQQccOym,towarzyska,15,0.6,0.2105263157894737
ariadna,R_8pKctA6LTsMYlm9,towarzyska,15,0.6,0.19642857142857137
ariadna,R_8sb9TECn1tp8tQP,towarzyska,30,0.6,0.18552036199095026
ariadna,R_23UF2O6MHqq8fdz,towarzyska,30,0.5666666666666667,0.12556053811659185
ariadna,R_2Lj6lWJIO3W7xiu,towarzyska,30,0.5333333333333333,0.06249999999999996
ariadna,R_2MT2TaqhK8Vxr8d,towarzyska,15,0.5333333333333333,0.0
ariadna,R_2QEoSl66JtYDDqY,towarzyska,15,0.5333333333333333,0.0
ariadna,R_2SAe82zv0YePNnX,towarzyska,15,0.5333333333333333,-0.06060606060606048
ariadna,R_2Sjn4FKTH05fOff,towarzyska,15,0.5333333333333333,0.0
ariadna,R_2cpeHlSTWFcASMi,towarzyska,15,0.5333333333333333,0.05405405405405396
ariadna,R_2fAT0UuP5vrYV45,towarzyska,15,0.5333333333333333,0.07079646017699116
ariadna,R_2fTCuXjy8cwIckk,towarzyska,15,0.5333333333333333,0.07079646017699116
ariadna,R_2hnCF8m3SqPbGSZ,towarzyska,15,0.5333333333333333,0.05405405405405396
ariadna,R_2kMnZ86VkebZHqh,towarzyska,15,0.5333333333333333,0.05405405405405396
ariadna,R_2lBFhZm7yPF7lSN,towarzyska,15,0.5333333333333333,0.05405405405405396
ariadna,R_2pEyYW8dqH38cMu,towarzyska,15,0.5333333333333333,-0.10526315789473671
ariadna,R_2zGV4atFCh2fyuZ,towarzyska,15,0.5333333333333333,0.08695652173913035
ariadna,R_8AvCuS17edSngdz,towarzyska,15,0.5333333333333333,-0.10526315789473671
ariadna,R_8LzCskQXFmcLJuk,towarzyska,30,0.5333333333333333,0.07079646017699116
ariadna,R_8M6d2Fz5lo6lI0A,towarzyska,15,0.5333333333333333,0.03669724770642203
ariadna,R_8WG7Qv8D4vvbgmt,towarzyska,15,0.5333333333333333,0.0
ariadna,R_8fJ2dAzAzh2Fgi7,towarzyska,15,0.5333333333333333,0.018691588785046617
ariadna,R_8tyi6YVrXDIO56Y,towarzyska,15,0.5333333333333333,0.05405405405405396
ariadna,R_8zBhmHkvGuMJypz,towarzyska,15,0.5333333333333333,0.0
ariadna,R_22PnxIdsghkJxBX,towarzyska,15,0.4666666666666667,-0.11111111111111113
ariadna,R_2CCw67D4KX5YFnr,towarzyska,15,0.4666666666666667,-0.07142857142857144
ariadna,R_2LwFU6D3KgF5jnv,towarzyska,15,0.4666666666666667,-0.11111111111111113
ariadna,R_2PbKr1p5AgkDL4F,towarzyska,15,0.4666666666666667,-0.07142857142857144
ariadna,R_2dbQCFUBqqzWaBe,towarzyska,15,0.4666666666666667,-0.07142857142857144
ariadna,R_2ipikmXINNSovKN,towarzyska,15,0.4666666666666667,-0.052631578947368314
ariadna,R_2kzv6by5DC6skjo,towarzyska,15,0.4666666666666667,-0.052631578947368314
ariadna,R_2pmWuDDl3KAbSur,towarzyska,15,0.4666666666666667,-0.0909090909090908
ariadna,R_8ANnMa5W9VQzPA4,towarzyska,30,0.4666666666666667,-0.052631578947368314
ariadna,R_8ISGYKvrHyBYT17,towarzyska,15,0.4666666666666667,-0.07142857142857144
ariadna,R_8e95hjn9NmWthyc,towarzyska,15,0.4666666666666667,-0.07142857142857144
ariadna,R_8eMf52UIskYSbbH,towarzyska,15,0.4666666666666667,-0.052631578947368314
ariadna,R_8kps8OY6o5IEoXl,towarzyska,15,0.4666666666666667,-0.052631578947368314
ariadna,R_8ylsNyIS4xdfS3U,towarzyska,15,0.4666666666666667,-0.11111111111111113
ariadna,R_215scEbPlOU1WZG,towarzyska,15,0.4,-0.28571428571428564
ariadna,R_2EnVccUY7eqYqtm,towarzyska,15,0.4,-0.21621621621621628
ariadna,R_2R55zrOHn2DDJ2F,towarzyska,15,0.4,-0.21621621621621628
ariadna,R_2oFJWm84aDiFblT,towarzyska,15,0.4,-0.23853211009174305
ariadna,R_8CBZ5eZOCF2Geuk,towarzyska,15,0.4,-0.21621621621621628
ariadna,R_8FLOqny1rfo6047,towarzyska,15,0.4,-0.28571428571428564
ariadna,R_8wbt3SO9u3yolSF,towarzyska,15,0.4,-0.28571428571428564
ariadna,R_8qvEAOFlXTyK99s,towarzyska,30,0.36666666666666664,-0.23376623376623387
ariadna,R_8Cm2KGgqfamDfnw,towarzyska,15,0.3333333333333333,-0.31578947368421045
ariadna,R_8EWrpBhFH0On9H6,towarzyska,15,0.3333333333333333,-0.33928571428571436
ariadna,R_8zyzO7rw8aW68tX,towarzyska,15,0.3333333333333333,-0.25000000000000006
ariadna,R_8HFDYREGZmVjGcY,towarzyska,15,0.26666666666666666,-0.41025641025641024
ariadna,R_8JjmaOkHQXRWz5L,towarzyska,15,0.26666666666666666,-0.5137614678899083
ariadna,R_21YYT1vHylDvm3V,uprzywilejowana,15,1.0,1.0
ariadna,R_2PceCk00yJmUAA0,uprzywilejowana,15,1.0,1.0
ariadna,R_2ezpItm4xzF3l5o,uprzywilejowana,15,1.0,1.0
ariadna,R_8EWrpBhFH0On9H6,uprzywilejowana,15,1.0,1.0
ariadna,R_8F3BSHWfeTili5S,uprzywilejowana,15,1.0,1.0
ariadna,R_8FLm2MX2vXSY4Q6,uprzywilejowana,15,1.0,1.0
ariadna,R_8alPcVVlJZ6IePD,uprzywilejowana,15,1.0,1.0
ariadna,R_8jZslP9XDD1J3MZ,uprzywilejowana,15,1.0,1.0
ariadna,R_8rZfLqMOeAS1YPT,uprzywilejowana,15,1.0,1.0
ariadna,R_22G3ZBu4W2ayxbc,uprzywilejowana,15,0.9333333333333333,0.8571428571428572
ariadna,R_25MXqMsPYaezVdW,uprzywilejowana,15,0.9333333333333333,0.8648648648648649
ariadna,R_2By4q6ScwtEtppD,uprzywilejowana,15,0.9333333333333333,0.8672566371681416
ariadna,R_2FFmDUCIm4hy2Cx,uprzywilejowana,15,0.9333333333333333,0.8672566371681416
ariadna,R_2G31tS5DMIE2Xns,uprzywilejowana,15,0.9333333333333333,0.8648648648648649
ariadna,R_2VDvYWvRILFO6wp,uprzywilejowana,15,0.9333333333333333,0.8648648648648649
ariadna,R_2rOAwk2eotMonnO,uprzywilejowana,15,0.9333333333333333,0.8648648648648649
ariadna,R_80NBCy1QPWIZ8Tf,uprzywilejowana,15,0.9333333333333333,0.8648648648648649
ariadna,R_81zsYozhNEDtruH,uprzywilejowana,15,0.9333333333333333,0.8672566371681416
ariadna,R_8GWwig4QwhuCbSx,uprzywilejowana,15,0.9333333333333333,0.8571428571428572
ariadna,R_8KpwwqfJlSz0Idc,uprzywilejowana,15,0.9333333333333333,0.8672566371681416
ariadna,R_8RgPydMmCpnqouA,uprzywilejowana,15,0.9333333333333333,0.8571428571428572
ariadna,R_8eQLuiHW46olKkg,uprzywilejowana,15,0.9333333333333333,0.8648648648648649
ariadna,R_8mjT96t19twNfl7,uprzywilejowana,15,0.9333333333333333,0.761904761904762
ariadna,R_8rBle3LDguEn0dX,uprzywilejowana,15,0.9333333333333333,0.8571428571428572
ariadna,R_215scEbPlOU1WZG,uprzywilejowana,15,0.8666666666666667,0.736842105263158
ariadna,R_24JifL77G8D0ZWT,uprzywilejowana,15,0.8666666666666667,0.7272727272727274
ariadna,R_2nvj3FAb3B9DnL2,uprzywilejowana,15,0.8666666666666667,0.736842105263158
ariadna,R_2ssLy2x91RR6u3J,uprzywilejowana,15,0.8666666666666667,0.7272727272727274
ariadna,R_2wtuy3BlTvHnlVn,uprzywilejowana,15,0.8666666666666667,0.7272727272727274
ariadna,R_2zMYaocw6xIBBm1,uprzywilejowana,15,0.8666666666666667,0.7321428571428572
ariadna,R_8M043VdLybdc9sm,uprzywilejowana,15,0.8666666666666667,0.5945945945945945
ariadna,R_8R3bcRxfOhyMNb3,uprzywilejowana,15,0.8666666666666667,0.736842105263158
ariadna,R_8XaL3ZIPvO00Mun,uprzywilejowana,15,0.8666666666666667,0.7222222222222223
ariadna,R_8tfJpBz5wdmgffy,uprzywilejowana,15,0.8666666666666667,0.736842105263158
ariadna,R_2CfRgxI921moSgZ,uprzywilejowana,15,0.8,0.5945945945945946
ariadna,R_2Fn6U8vTkNkpm7V,uprzywilejowana,15,0.8,0.5454545454545456
ariadna,R_2npyMEXos3wZv1v,uprzywilejowana,15,0.8,0.5263157894736844
ariadna,R_2ozIYzvFvoQ5b0H,uprzywilejowana,15,0.8,0.5945945945945946
ariadna,R_2qOsSATZ9GYVzax,uprzywilejowana,15,0.8,0.6017699115044248
ariadna,R_2qfIkpHB5gYyM2Z,uprzywilejowana,15,0.8,0.6017699115044248
ariadna,R_2uHsLGAKB9Uc37B,uprzywilejowana,15,0.8,0.5945945945945946
ariadna,R_2uvzoqA6wBhXw22,uprzywilejowana,15,0.8,0.5714285714285715
ariadna,R_2vw3OAymRZrI7PH,uprzywilejowana,15,0.8,0.6153846153846155
ariadna,R_82fGGCbLWXwntWF,uprzywilejowana,15,0.8,0.5263157894736843
ariadna,R_86hWFIUx8gOoPq2,uprzywilejowana,15,0.8,0.5263157894736843
ariadna,R_8Qyajpmg88XZXEh,uprzywilejowana,15,0.8,0.6017699115044248
ariadna,R_8SXQbhZJkkgchfb,uprzywilejowana,15,0.8,0.5871559633027524
ariadna,R_8im1SoTLO9KYzBL,uprzywilejowana,15,0.8,0.5945945945945946
ariadna,R_8irdO1eEpfzrvqh,uprzywilejowana,15,0.8,0.5714285714285715
ariadna,R_8xspd0tVDfHgh33,uprzywilejowana,15,0.8,0.6017699115044248
ariadna,R_2HnohLM0F2w5Ov1,uprzywilejowana,15,0.7333333333333333,0.4827586206896551
ariadna,R_2Iyrl6tKrfg18nB,uprzywilejowana,15,0.7333333333333333,-0.11111111111111137
ariadna,R_2Kj5dakjDYVHYGf,uprzywilejowana,15,0.7333333333333333,0.4642857142857142
ariadna,R_2ODiFnDncGSHAjk,uprzywilejowana,15,0.7333333333333333,0.4642857142857142
ariadna,R_2Wevv9T0rlkrKlX,uprzywilejowana,15,0.7333333333333333,0.4642857142857142
ariadna,R_2Yzas2zZtHlSkCi,uprzywilejowana,15,0.7333333333333333,0.4736842105263157
ariadna,R_2hnCF8m3SqPbGSZ,uprzywilejowana,15,0.7333333333333333,0.4999999999999999
ariadna,R_2jUEVsQzUmMR1hq,uprzywilejowana,15,0.7333333333333333,0.4736842105263157
ariadna,R_2sbH6qXQYiMeKLA,uprzywilejowana,15,0.7333333333333333,0.4827586206896551
ariadna,R_81Fh0m6hPrh76Pq,uprzywilejowana,15,0.7333333333333333,0.4736842105263157
ariadna,R_81v2FRdkcM2Nt8T,uprzywilejowana,15,0.7333333333333333,0.4736842105263157
ariadna,R_8FLOqny1rfo6047,uprzywilejowana,15,0.7333333333333333,0.4827586206896551
ariadna,R_8Q3oL4SqZ9hNHt3,uprzywilejowana,15,0.7333333333333333,0.4545454545454545
ariadna,R_8SHUk4BYdyEOrmV,uprzywilejowana,15,0.7333333333333333,0.4999999999999999
ariadna,R_8gkf2mcuqITru4H,uprzywilejowana,15,0.7333333333333333,0.41176470588235287
ariadna,R_8kCgov55mQ47F6o,uprzywilejowana,15,0.7333333333333333,0.3181818181818178
ariadna,R_8lyRdre68xb5NK4,uprzywilejowana,15,0.7333333333333333,0.37499999999999983
ariadna,R_8oXhHj6iubLvbuD,uprzywilejowana,15,0.7333333333333333,0.4444444444444443
ariadna,R_8pKctA6LTsMYlm9,uprzywilejowana,15,0.7333333333333333,0.4545454545454545
ariadna,R_8qUJB0Z6jQlWsP7,uprzywilejowana,15,0.7333333333333333,0.4444444444444443
ariadna,R_8rZRp24uG3GI8iS,uprzywilejowana,15,0.7333333333333333,0.3181818181818178
ariadna,R_8rp6FhZtOwD55Fr,uprzywilejowana,15,0.7333333333333333,0.4444444444444443
ariadna,R_8zC6nlOxCJ1E5TG,uprzywilejowana,15,0.7333333333333333,0.4736842105263157
ariadna,R_20MDP7ruDpHbyzF,uprzywilejowana,15,0.6666666666666666,0.29906542056074753
ariadna,R_24DfxPEnc3QxvAz,uprzywilejowana,15,0.6666666666666666,0.28571428571428564
ariadna,R_2MRw1iA03TDeelC,uprzywilejowana,15,0.6666666666666666,-0.1194029850746273
ariadna,R_2VOSOHlZftg4AbT,uprzywilejowana,15,0.6666666666666666,0.21052631578947348
ariadna,R_2e3fSly7KIm6OpW,uprzywilejowana,15,0.6666666666666666,0.33628318584070793
ariadna,R_2flLwTb43iToB98,uprzywilejowana,15,0.6666666666666666,0.28571428571428564
ariadna,R_2phDbmH4Il1bmbG,uprzywilejowana,15,0.6666666666666666,0.21052631578947348
ariadna,R_2wTCb5fnyqf5z0n,uprzywilejowana,15,0.6666666666666666,0.3589743589743589
ariadna,R_814QvpUVbQL92Kr,uprzywilejowana,15,0.6666666666666666,0.3589743589743589
ariadna,R_86wrRidcVwF6ffj,uprzywilejowana,15,0.6666666666666666,0.3589743589743589
ariadna,R_89mMAw2S4Oc18Sk,uprzywilejowana,15,0.6666666666666666,0.3902439024390243
ariadna,R_8DeAgVVZ6jkzFW6,uprzywilejowana,15,0.6666666666666666,0.3478260869565216
ariadna,R_8FOiZUp2GKF0IyN,uprzywilejowana,15,0.6666666666666666,0.28571428571428564
ariadna,R_8LirCuC2AoRvuYd,uprzywilejowana,15,0.6666666666666666,0.33628318584070793
ariadna,R_8WG7Qv8D4vvbgmt,uprzywilejowana,15,0.6666666666666666,0.3119266055045871
ariadna,R_8e3xi7b3YvcNMWA,uprzywilejowana,15,0.6666666666666666,0.3589743589743589
ariadna,R_8pOPazTA4b17hfP,uprzywilejowana,15,0.6666666666666666,0.3589743589743589
ariadna,R_8sdQdXDjpVMtJLj,uprzywilejowana,15,0.6666666666666666,0.3478260869565216
ariadna,R_8uS4BgarsJuJOXD,uprzywilejowana,15,0.6666666666666666,0.3119266055045871
ariadna,R_2BhpMgi9i9VN3Ve,uprzywilejowana,15,0.6,0.2857142857142856
ariadna,R_2CCw67D4KX5YFnr,uprzywilejowana,15,0.6,0.2241379310344827
ariadna,R_2Hh9GjKeOBBuRTf,uprzywilejowana,15,0.6,0.2105263157894737
ariadna,R_2LHSHJgx99JmFfl,uprzywilejowana,15,0.6,0.19642857142857137
ariadna,R_2phUyW8bfmqUby8,uprzywilejowana,15,0.6,0.19642857142857137
ariadna,R_2qI1aUFh1aMuwLR,uprzywilejowana,15,0.6,0.24999999999999994
ariadna,R_2slPuhoj7l7l5Bv,uprzywilejowana,15,0.6,0.1666666666666666
ariadna,R_2vRI607HEp5WYQF,uprzywilejowana,15,0.6,0.3076923076923076
ariadna,R_85cjkz0NDOrCm2Z,uprzywilejowana,15,0.6,0.19642857142857137
ariadna,R_8O6QePzIycvRFkS,uprzywilejowana,15,0.6,0.18181818181818185
ariadna,R_8VaVPJQd93Vtmys,uprzywilejowana,15,0.6,0.1666666666666666
ariadna,R_8dthz0jCpCa1mCI,uprzywilejowana,15,0.6,0.1666666666666666
ariadna,R_8esHzwYlfIg4fX5,uprzywilejowana,15,0.6,0.2241379310344827
ariadna,R_8fDGvJQ0f1Moslf,uprzywilejowana,15,0.6,0.2105263157894737
ariadna,R_2DTuFkhG8DHqKHX,uprzywilejowana,15,0.5333333333333333,0.05405405405405396
ariadna,R_2GZHJGLu5m5qlMe,uprzywilejowana,15,0.5333333333333333,0.15999999999999992
ariadna,R_2Puivgesmm5ySqM,uprzywilejowana,15,0.5333333333333333,0.14634146341463408
ariadna,R_2dRc5tpSPd6UcIU,uprzywilejowana,15,0.5333333333333333,0.0
ariadna,R_2etBDmEgBjxj5eW,uprzywilejowana,15,0.5333333333333333,-0.06060606060606075
ariadna,R_874icJLJcBqLk5W,uprzywilejowana,15,0.5333333333333333,0.08695652173913035
ariadna,R_87AmkPWYNyY4mHL,uprzywilejowana,15,0.5333333333333333,0.05405405405405396
ariadna,R_8GfEQn9EsrAKojR,uprzywilejowana,15,0.5333333333333333,0.03669724770642203
ariadna,R_8P2a7NCt9Fi8p5O,uprzywilejowana,15,0.5333333333333333,0.10256410256410257
ariadna,R_8dE8yOVcIxTLAro,uprzywilejowana,15,0.5333333333333333,-0.105263157894737
ariadna,R_8kuobey26n3rLk5,uprzywilejowana,15,0.5333333333333333,0.08695652173913035
ariadna,R_8wvhr7EUYh61sr1,uprzywilejowana,15,0.5333333333333333,0.05405405405405396
ariadna,R_2fAT0UuP5vrYV45,uprzywilejowana,15,0.4666666666666667,-0.03448275862068966
ariadna,R_2rjHLQBVSPMCXFY,uprzywilejowana,15,0.4666666666666667,-0.0909090909090908
ariadna,R_8JjmaOkHQXRWz5L,uprzywilejowana,15,0.4666666666666667,0.0
ariadna,R_8eLzCT5JC4uaI7R,uprzywilejowana,15,0.4666666666666667,-0.07142857142857144
ariadna,R_8fB99V9IbpDoERz,uprzywilejowana,15,0.4666666666666667,-0.07142857142857144
ariadna,R_8ojnPqTBKUGfM6y,uprzywilejowana,15,0.4666666666666667,-0.07142857142857144
ariadna,R_8CQ2M7Rk6ReKhoJ,uprzywilejowana,15,0.4,-0.08000000000000002
ariadna,R_8jeE1EaV9w03VFn,uprzywilejowana,15,0.4,-0.15384615384615377
ariadna,R_8mOUdylVSTbyL02,uprzywilejowana,15,0.4,-0.21621621621621628
ariadna,R_2qvLBECjUENCcAS,uprzywilejowana,15,0.26666666666666666,-0.4864864864864866
ariadna,R_2soVXZbllNqNHnk,uprzywilejowana,15,0.26666666666666666,-0.4864864864864866
ariadna,R_8F4JgQzwtHQ6K07,uprzywilejowana,15,0.26666666666666666,-0.4864864864864866
ariadna,R_8KwpBu6DdJ9vqAh,uprzywilejowana,15,0.26666666666666666,-0.41025641025641024
ariadna,R_2Eb8Z9UAcKGLjRc,uprzywilejowana,15,0.13333333333333333,-0.44444444444444453
ariadna,R_2Lj6lWJIO3W7xiu,uprzywilejowana,15,0.0,-0.9911504424778761
ariadna,R_2slPuhoj7l7l5Bv,urocza (cute),15,1.0,1.0
ariadna,R_81G9dtBwJid3Vq1,urocza (cute),15,1.0,1.0
ariadna,R_862X653kl28Ov7K,urocza (cute),15,1.0,1.0
ariadna,R_87wdw99jDKVgxXP,urocza (cute),15,1.0,1.0
ariadna,R_8EpdhQIeaDdesGI,urocza (cute),15,1.0,1.0
ariadna,R_8Oo9Zqbzl8gDVDI,urocza (cute),15,1.0,1.0
ariadna,R_8Uc6gwvbLk3Qhz4,urocza (cute),15,1.0,1.0
ariadna,R_8alPcVVlJZ6IePD,urocza (cute),15,1.0,1.0
ariadna,R_8k4xHbetOXTViBb,urocza (cute),15,1.0,1.0
ariadna,R_8oh7dZeLr4iTht3,urocza (cute),15,1.0,1.0
ariadna,R_8v5CZYWPhsNM0fv,urocza (cute),15,1.0,1.0
ariadna,R_282K0iuLfskF2Zb,urocza (cute),15,0.9333333333333333,0.761904761904762
ariadna,R_28jqOUm0oN7usbn,urocza (cute),15,0.9333333333333333,0.8421052631578948
ariadna,R_2EnVccUY7eqYqtm,urocza (cute),15,0.9333333333333333,0.8672566371681416
ariadna,R_2Fn5egUosJ2i7RM,urocza (cute),15,0.9333333333333333,0.8571428571428572
ariadna,R_2OkuXrNjO4FFF3T,urocza (cute),15,0.9333333333333333,0.8421052631578948
ariadna,R_2PC5raYVg883awG,urocza (cute),15,0.9333333333333333,0.8421052631578948
ariadna,R_2R2fncMWbgpysxi,urocza (cute),15,0.9333333333333333,0.8648648648648649
ariadna,R_2Vax2pbhZSQvFVv,urocza (cute),15,0.9333333333333333,0.8421052631578948
ariadna,R_2Yzas2zZtHlSkCi,urocza (cute),15,0.9333333333333333,0.8648648648648649
ariadna,R_2ZXG0AO6LEFVhEl,urocza (cute),15,0.9333333333333333,0.8421052631578948
ariadna,R_2bWrbgTJPOSw94q,urocza (cute),15,0.9333333333333333,0.8648648648648649
ariadna,R_2hXwszcOMftm2aJ,urocza (cute),15,0.9333333333333333,0.8672566371681416
ariadna,R_2lrUN5u8HzZepq5,urocza (cute),15,0.9333333333333333,0.8672566371681416
ariadna,R_2oRZzAAbsXjXJL8,urocza (cute),15,0.9333333333333333,0.8672566371681416
ariadna,R_2qX18jH7SICzKq4,urocza (cute),15,0.9333333333333333,0.8648648648648649
ariadna,R_2wNMZdzSBylcA8x,urocza (cute),15,0.9333333333333333,0.8672566371681416
ariadna,R_87BGHnKyrw5Cwdb,urocza (cute),15,0.9333333333333333,0.8421052631578948
ariadna,R_8BxHDfmg8Erv6gw,urocza (cute),15,0.9333333333333333,0.8648648648648649
ariadna,R_8D76oOperypgreN,urocza (cute),15,0.9333333333333333,0.8648648648648649
ariadna,R_8DSHPbOSrpBtMxj,urocza (cute),15,0.9333333333333333,0.8421052631578948
ariadna,R_8GWwig4QwhuCbSx,urocza (cute),15,0.9333333333333333,0.8648648648648649
ariadna,R_8NxnqIeKl7hG4CJ,urocza (cute),15,0.9333333333333333,0.8648648648648649
ariadna,R_8YPRiuMgb4cON8M,urocza (cute),15,0.9333333333333333,0.8571428571428572
ariadna,R_8dthz0jCpCa1mCI,urocza (cute),15,0.9333333333333333,0.8648648648648649
ariadna,R_8f8hrycYIAUrXPz,urocza (cute),15,0.9333333333333333,0.8672566371681416
ariadna,R_8ikHC479ci2GYxk,urocza (cute),15,0.9333333333333333,0.8421052631578948
ariadna,R_8xk2UIf7wrNTZh7,urocza (cute),15,0.9333333333333333,0.8648648648648649
ariadna,R_8xnPehpUOtpDRDj,urocza (cute),15,0.9333333333333333,0.8571428571428572
ariadna,R_8yL3Tkc8EP97xFD,urocza (cute),15,0.9333333333333333,0.8648648648648649
ariadna,R_20GtnZKM4g0Cdvb,urocza (cute),15,0.8666666666666667,0.7321428571428572
ariadna,R_21xfCJa28kBdVdv,urocza (cute),15,0.8666666666666667,0.7222222222222223
ariadna,R_22Lm8dLN4OW0m3F,urocza (cute),15,0.8666666666666667,0.7222222222222223
ariadna,R_2CU6OarmmoqHd06,urocza (cute),15,0.8666666666666667,0.736842105263158
ariadna,R_2Cg9HKD22wyL7T9,urocza (cute),15,0.8666666666666667,0.7222222222222223
ariadna,R_2Clm8tlgNMOOI5H,urocza (cute),15,0.8666666666666667,0.7272727272727274
ariadna,R_2DhyxH2tqMtR6eZ,urocza (cute),15,0.8666666666666667,0.7272727272727274
ariadna,R_2HN7WiQ7BNAZQYd,urocza (cute),15,0.8666666666666667,0.6666666666666666
ariadna,R_2N3aXNKsXHsjpdW,urocza (cute),15,0.8666666666666667,0.736842105263158
ariadna,R_2PceCk00yJmUAA0,urocza (cute),15,0.8666666666666667,0.736842105263158
ariadna,R_2TphhY5YNOWWXMy,urocza (cute),15,0.8666666666666667,0.736842105263158
ariadna,R_2gj9MGtWhvZzXmd,urocza (cute),15,0.8666666666666667,0.7222222222222223
ariadna,R_2kAkJwDZP3julzk,urocza (cute),15,0.8666666666666667,0.6590909090909093
ariadna,R_2mPMn2TSpvEYdaM,urocza (cute),15,0.8666666666666667,0.736842105263158
ariadna,R_2p5YYuB1ywtiMU1,urocza (cute),15,0.8666666666666667,0.736842105263158
ariadna,R_85KnTZqRKEkmBxX,urocza (cute),15,0.8666666666666667,0.736842105263158
ariadna,R_87p3ysRHQE49hwY,urocza (cute),15,0.8666666666666667,0.7222222222222223
ariadna,R_88IeILmtO4k9Gga,urocza (cute),15,0.8666666666666667,0.736842105263158
ariadna,R_88UNDrQyDVWM2yD,urocza (cute),15,0.8666666666666667,0.7058823529411765
ariadna,R_8DZaOXvYfwd0HMS,urocza (cute),15,0.8666666666666667,0.6666666666666666
ariadna,R_8It0hMspcGlC0Mz,urocza (cute),15,0.8666666666666667,0.7222222222222223
ariadna,R_8MljqrCk3AkCgYI,urocza (cute),15,0.8666666666666667,0.7000000000000001
ariadna,R_8O9eUpgYBK7Uefx,urocza (cute),15,0.8666666666666667,0.7272727272727274
ariadna,R_8RkexwDDNrUEPbd,urocza (cute),15,0.8666666666666667,0.7222222222222223
ariadna,R_8VI8HVRe9Dgh9Yd,urocza (cute),15,0.8666666666666667,0.6666666666666667
ariadna,R_8X8WJbF7vcwLxfz,urocza (cute),15,0.8666666666666667,0.7000000000000001
ariadna,R_8gkf2mcuqITru4H,urocza (cute),15,0.8666666666666667,0.7222222222222223
ariadna,R_8iPvQtcGoXgbHhO,urocza (cute),15,0.8666666666666667,0.7321428571428572
ariadna,R_8iyFsXVAxhb9J8w,urocza (cute),15,0.8666666666666667,0.6666666666666666
ariadna,R_8lEysZdfxLUkaLQ,urocza (cute),15,0.8666666666666667,0.7222222222222223
ariadna,R_8pOPazTA4b17hfP,urocza (cute),15,0.8666666666666667,0.7321428571428572
ariadna,R_8xSwW3DCAgayLpT,urocza (cute),15,0.8666666666666667,0.7321428571428572
ariadna,R_29P7Blkn1kaIP5f,urocza (cute),15,0.8,0.5714285714285715
ariadna,R_2AMUxfWlH5828EG,urocza (cute),15,0.8,0.5945945945945946
ariadna,R_2DqmBlPMuNPs0YJ,urocza (cute),15,0.8,0.5871559633027524
ariadna,R_2I06ClXEjTFL1mB,urocza (cute),15,0.8,0.5714285714285715
ariadna,R_2KCNIApS3msjNWi,urocza (cute),15,0.8,0.5945945945945946
ariadna,R_2Pq7jlsiWHjcOp2,urocza (cute),15,0.8,0.6086956521739131
ariadna,R_2S9sx8YmnesqWjk,urocza (cute),15,0.8,0.5945945945945946
ariadna,R_2e3fSly7KIm6OpW,urocza (cute),15,0.8,0.5714285714285715
ariadna,R_2ewU8duZojKuPJU,urocza (cute),15,0.8,0.44444444444444436
ariadna,R_2phDbmH4Il1bmbG,urocza (cute),15,0.8,0.6017699115044248
ariadna,R_2uHsLGAKB9Uc37B,urocza (cute),15,0.8,0.5714285714285715
ariadna,R_86DVS5A2myfyHjH,urocza (cute),15,0.8,0.6086956521739131
ariadna,R_874icJLJcBqLk5W,urocza (cute),15,0.8,0.6017699115044248
ariadna,R_8CC5WVGfynbPwAm,urocza (cute),15,0.8,0.5945945945945946
ariadna,R_8KVgtTINi6aWZiN,urocza (cute),15,0.8,0.5945945945945946
ariadna,R_8P2a7NCt9Fi8p5O,urocza (cute),15,0.8,0.6153846153846155
ariadna,R_8WNEq4Hm0eja2SN,urocza (cute),15,0.8,0.5945945945945946
ariadna,R_8ZE68YJAPlMLxla,urocza (cute),15,0.8,0.6153846153846155
ariadna,R_8dH6Ii0uFwGDrUI,urocza (cute),15,0.8,0.5945945945945946
ariadna,R_8fveuXSsOxEktJC,urocza (cute),15,0.8,0.6017699115044248
ariadna,R_8hHfTmY2x5Vki8h,urocza (cute),15,0.8,0.5945945945945946
ariadna,R_8j2N2C4aDpCLLfb,urocza (cute),15,0.8,0.5945945945945946
ariadna,R_8kuobey26n3rLk5,urocza (cute),15,0.8,0.6017699115044248
ariadna,R_8ly21hIZLykqtYX,urocza (cute),15,0.8,0.6086956521739131
ariadna,R_8mjT96t19twNfl7,urocza (cute),15,0.8,0.6086956521739131
ariadna,R_8qeyNCm56Ax1Umc,urocza (cute),15,0.8,0.6017699115044248
ariadna,R_2GczN9xvrjCjfZT,urocza (cute),15,0.7333333333333333,0.4736842105263157
ariadna,R_2JLxtlaJlrQZMVU,urocza (cute),15,0.7333333333333333,0.4642857142857142
ariadna,R_2LjaJpTrc3Jttq8,urocza (cute),15,0.7333333333333333,0.4736842105263157
ariadna,R_2SIi0vGLStBKNOj,urocza (cute),15,0.7333333333333333,0.4545454545454545
ariadna,R_2fD4JlQq1ReJTLX,urocza (cute),15,0.7333333333333333,0.4545454545454545
ariadna,R_2k7h3RcjsdFHXI3,urocza (cute),15,0.7333333333333333,0.4736842105263157
ariadna,R_2kvF05FTbgsDaaR,urocza (cute),15,0.7333333333333333,0.4736842105263157
ariadna,R_2o6hmXc7QQyExVP,urocza (cute),15,0.7333333333333333,0.4444444444444443
ariadna,R_2xShV9iChqTErG0,urocza (cute),15,0.7333333333333333,0.4736842105263157
ariadna,R_8O1WDRUTrcKv8z2,urocza (cute),15,0.7333333333333333,0.4736842105263157
ariadna,R_8VpVgwjI7LkTg6E,urocza (cute),15,0.7333333333333333,0.4444444444444443
ariadna,R_8X6XSeQQJIoxw9k,urocza (cute),15,0.7333333333333333,0.4642857142857142
ariadna,R_8tfJpBz5wdmgffy,urocza (cute),15,0.7333333333333333,0.41176470588235287
ariadna,R_8v8EZpiU29XJm81,urocza (cute),15,0.7333333333333333,0.4642857142857142
ariadna,R_22PnxIdsghkJxBX,urocza (cute),15,0.6666666666666666,0.3243243243243242
ariadna,R_2aXmtIgbUN3e5C5,urocza (cute),15,0.6666666666666666,0.11764705882352929
ariadna,R_2djpmlR5vN7JNQH,urocza (cute),15,0.6666666666666666,0.2105263157894737
ariadna,R_2efUop61K1fhGkO,urocza (cute),15,0.6666666666666666,0.3243243243243242
ariadna,R_2qflo5p3ivXIlSp,urocza (cute),15,0.6666666666666666,0.3119266055045871
ariadna,R_8AvCuS17edSngdz,urocza (cute),15,0.6666666666666666,0.3478260869565216
ariadna,R_8EGdRQ82vym1ggH,urocza (cute),15,0.6666666666666666,0.19354838709677433
ariadna,R_8LkDrR75iGNYKkh,urocza (cute),15,0.6666666666666666,0.2105263157894737
ariadna,R_8cfUSSeagGLfY9X,urocza (cute),15,0.6666666666666666,0.3243243243243242
ariadna,R_8pMxGZ5q2ITHoGZ,urocza (cute),15,0.6666666666666666,0.3243243243243242
ariadna,R_8rJ88YpTETKYiCn,urocza (cute),15,0.6666666666666666,0.3902439024390243
ariadna,R_2QEoSl66JtYDDqY,urocza (cute),15,0.6,0.2105263157894737
ariadna,R_2ikg2VQ7zaPSCNR,urocza (cute),15,0.6,0.19642857142857137
ariadna,R_7EJ5snHwgr8q8cV,urocza (cute),15,0.6,0.1666666666666666
ariadna,R_8Kw2qpFAfGjipEg,urocza (cute),15,0.6,0.1666666666666666
ariadna,R_8MlJAvR3Y2lb66S,urocza (cute),15,0.6,0.2105263157894737
ariadna,R_8PuVP9iGJcK0tAt,urocza (cute),15,0.6,0.2105263157894737
ariadna,R_8hHkKOeNkLqCoJX,urocza (cute),15,0.6,0.0999999999999999
ariadna,R_8hisNvPOlAR8C7h,urocza (cute),15,0.6,0.18181818181818185
ariadna,R_8nOT4riczo94xk2,urocza (cute),15,0.6,0.2105263157894737
ariadna,R_8spM0fm9D9nu1Nk,urocza (cute),15,0.6,0.2105263157894737
ariadna,R_8zyzO7rw8aW68tX,urocza (cute),15,0.6,0.24999999999999994
ariadna,R_21Es8HcZMvd0Mwy,urocza (cute),15,0.5333333333333333,0.07079646017699116
ariadna,R_297Q1mlfATLxXgZ,urocza (cute),15,0.5333333333333333,0.0
ariadna,R_2QRF34XrxMTiv13,urocza (cute),15,0.5333333333333333,0.14634146341463408
ariadna,R_2ZEvrqyjmJtaV3g,urocza (cute),15,0.5333333333333333,0.05405405405405396
ariadna,R_2aYaQiLWVLHpTaU,urocza (cute),15,0.5333333333333333,-0.06060606060606048
ariadna,R_2dvYpDNLCcPwiHL,urocza (cute),15,0.5333333333333333,0.08695652173913035
ariadna,R_2ePbpFpH0NZeKUH,urocza (cute),15,0.5333333333333333,0.07079646017699116
ariadna,R_2hyZAb6QRHTcB2i,urocza (cute),15,0.5333333333333333,0.05405405405405396
ariadna,R_2jP6CrTY7a1DYx6,urocza (cute),15,0.5333333333333333,0.07079646017699116
ariadna,R_2l0VTJKAWtjFGO5,urocza (cute),15,0.5333333333333333,0.05405405405405396
ariadna,R_2uvzoqA6wBhXw22,urocza (cute),15,0.5333333333333333,0.07079646017699116
ariadna,R_8kuM6JNKQQccOym,urocza (cute),15,0.5333333333333333,0.08695652173913035
ariadna,R_8uW1UMLxvrgu5w4,urocza (cute),15,0.5333333333333333,0.14634146341463408
ariadna,R_8wvhr7EUYh61sr1,urocza (cute),15,0.5333333333333333,-0.10526315789473671
ariadna,R_2erwV41EhxJCmdv,urocza (cute),15,0.4666666666666667,-0.052631578947368314
ariadna,R_2jJl9dvzQXrbsI1,urocza (cute),15,0.4666666666666667,-0.11111111111111113
ariadna,R_8EIBLREMkkb369P,urocza (cute),15,0.4666666666666667,-0.0909090909090908
ariadna,R_2gj82wyeU8tKiji,urocza (cute),15,0.4,-0.17391304347826092
ariadna,R_89BfoEdwSJA9ndT,urocza (cute),15,0.4,-0.19469026548672558
ariadna,R_8EWrpBhFH0On9H6,urocza (cute),15,0.4,-0.28571428571428564
ariadna,R_8kSsFyvMokEcSVL,urocza (cute),15,0.4,-0.08000000000000002
ariadna,R_8pKXelrKPVIEq9z,urocza (cute),15,0.4,-0.28571428571428564
ariadna,R_8rCYhoNDEYBu8CZ,urocza (cute),15,0.4,-0.21621621621621628
ariadna,R_28TWQkfZ6NcTW40,zagłosował(a)bym na nią/niego w wyborach,15,1.0,1.0
ariadna,R_2Cg9HKD22wyL7T9,zagłosował(a)bym na nią/niego w wyborach,15,1.0,1.0
ariadna,R_2Clm8tlgNMOOI5H,zagłosował(a)bym na nią/niego w wyborach,15,1.0,1.0
ariadna,R_2EXNXWFXkp74VGF,zagłosował(a)bym na nią/niego w wyborach,15,1.0,1.0
ariadna,R_2MSvW8xdHIr7M2P,zagłosował(a)bym na nią/niego w wyborach,15,1.0,1.0
ariadna,R_2NkrvfJOMLmKFvu,zagłosował(a)bym na nią/niego w wyborach,15,1.0,1.0
ariadna,R_2Wevv9T0rlkrKlX,zagłosował(a)bym na nią/niego w wyborach,15,1.0,1.0
ariadna,R_2hXwszcOMftm2aJ,zagłosował(a)bym na nią/niego w wyborach,15,1.0,1.0
ariadna,R_2pKpmRhQ43fwxem,zagłosował(a)bym na nią/niego w wyborach,15,1.0,1.0
ariadna,R_81dB8ZMEYP0HQvC,zagłosował(a)bym na nią/niego w wyborach,15,1.0,1.0
ariadna,R_81iUKhpwRlKw3Pb,zagłosował(a)bym na nią/niego w wyborach,15,1.0,1.0
ariadna,R_84OxMBM9TQBvUdC,zagłosował(a)bym na nią/niego w wyborach,15,1.0,1.0
ariadna,R_86hWFIUx8gOoPq2,zagłosował(a)bym na nią/niego w wyborach,15,1.0,1.0
ariadna,R_8Enz8e9UYRaZWNZ,zagłosował(a)bym na nią/niego w wyborach,15,1.0,1.0
ariadna,R_8Fm0sPp8ZVVDZ2X,zagłosował(a)bym na nią/niego w wyborach,15,1.0,1.0
ariadna,R_8GE5C350gpDVW51,zagłosował(a)bym na nią/niego w wyborach,15,1.0,1.0
ariadna,R_8GWwig4QwhuCbSx,zagłosował(a)bym na nią/niego w wyborach,15,1.0,1.0
ariadna,R_8SLfXvjF5Y2Kkud,zagłosował(a)bym na nią/niego w wyborach,15,1.0,1.0
ariadna,R_8YUI8u1RxuQgHK1,zagłosował(a)bym na nią/niego w wyborach,15,1.0,1.0
ariadna,R_8pMWcg5z1UY3foX,zagłosował(a)bym na nią/niego w wyborach,15,1.0,1.0
ariadna,R_8uW1UMLxvrgu5w4,zagłosował(a)bym na nią/niego w wyborach,15,1.0,1.0
ariadna,R_8w1CEfVl7WPiePa,zagłosował(a)bym na nią/niego w wyborach,15,1.0,1.0
ariadna,R_8w1FrzycSBGRrX3,zagłosował(a)bym na nią/niego w wyborach,15,1.0,1.0
ariadna,R_8xk2UIf7wrNTZh7,zagłosował(a)bym na nią/niego w wyborach,15,1.0,1.0
ariadna,R_8xspd0tVDfHgh33,zagłosował(a)bym na nią/niego w wyborach,15,1.0,1.0
ariadna,R_8yjb76PJhAwcRwy,zagłosował(a)bym na nią/niego w wyborach,15,1.0,1.0
ariadna,R_8zjYvDnn7k5ra8B,zagłosował(a)bym na nią/niego w wyborach,15,1.0,1.0
ariadna,R_22Lm8dLN4OW0m3F,zagłosował(a)bym na nią/niego w wyborach,30,0.9666666666666667,0.9230769230769231
ariadna,R_2F3TDdj93HANidc,zagłosował(a)bym na nią/niego w wyborach,30,0.9666666666666667,0.9295774647887324
ariadna,R_2YwoxMFswcmeBY5,zagłosował(a)bym na nią/niego w wyborach,30,0.9666666666666667,0.926829268292683
ariadna,R_2ZXG0AO6LEFVhEl,zagłosował(a)bym na nią/niego w wyborach,30,0.9666666666666667,0.9327354260089686
ariadna,R_2ewU8duZojKuPJU,zagłosował(a)bym na nią/niego w wyborach,30,0.9666666666666667,0.9327354260089686
ariadna,R_2sSl4XjbQq797s0,zagłosował(a)bym na nią/niego w wyborach,30,0.9666666666666667,0.9315068493150686
ariadna,R_8uKcyMqe7CEoJSU,zagłosował(a)bym na nią/niego w wyborach,30,0.9666666666666667,0.9333333333333333
ariadna,R_8kFIfGCWJXfUt8y,zagłosował(a)bym na nią/niego w wyborach,45,0.9555555555555556,0.911242603550296
ariadna,R_20MDP7ruDpHbyzF,zagłosował(a)bym na nią/niego w wyborach,15,0.9333333333333333,0.8672566371681416
ariadna,R_24DfxPEnc3QxvAz,zagłosował(a)bym na nią/niego w wyborach,15,0.9333333333333333,0.8571428571428572
ariadna,R_29la0tpiDXrGvXb,zagłosował(a)bym na nią/niego w wyborach,30,0.9333333333333333,0.8648648648648649
ariadna,R_2CCw67D4KX5YFnr,zagłosował(a)bym na nią/niego w wyborach,15,0.9333333333333333,0.8648648648648649
ariadna,R_2CldILNmxIPE9Q1,zagłosował(a)bym na nią/niego w wyborach,15,0.9333333333333333,0.8648648648648649
ariadna,R_2D0kRu03DxRb6wH,zagłosował(a)bym na nią/niego w wyborach,15,0.9333333333333333,0.8648648648648649
ariadna,R_2E7ira11RPRoW8p,zagłosował(a)bym na nią/niego w wyborach,15,0.9333333333333333,0.8148148148148148
ariadna,R_2EEnEPrBj9i7fR1,zagłosował(a)bym na nią/niego w wyborach,15,0.9333333333333333,0.8648648648648649
ariadna,R_2EnVccUY7eqYqtm,zagłosował(a)bym na nią/niego w wyborach,15,0.9333333333333333,0.8571428571428572
ariadna,R_2Fn6U8vTkNkpm7V,zagłosował(a)bym na nią/niego w wyborach,15,0.9333333333333333,0.8571428571428572
ariadna,R_2G31tS5DMIE2Xns,zagłosował(a)bym na nią/niego w wyborach,15,0.9333333333333333,0.8421052631578948
ariadna,R_2Hdgb6pzO6Ik3cx,zagłosował(a)bym na nią/niego w wyborach,15,0.9333333333333333,0.8648648648648649
ariadna,R_2HnohLM0F2w5Ov1,zagłosował(a)bym na nią/niego w wyborach,15,0.9333333333333333,0.8571428571428572
ariadna,R_2Ib2phbVXvuD8oa,zagłosował(a)bym na nią/niego w wyborach,15,0.9333333333333333,0.8571428571428572
ariadna,R_2LpXIoUWgOcR0bS,zagłosował(a)bym na nią/niego w wyborach,15,0.9333333333333333,0.8648648648648649
ariadna,R_2M0Asp2pVc0yblR,zagłosował(a)bym na nią/niego w wyborach,15,0.9333333333333333,0.8571428571428572
ariadna,R_2NhuyFRIOcrpwMz,zagłosował(a)bym na nią/niego w wyborach,15,0.9333333333333333,0.8648648648648649
ariadna,R_2PceCk00yJmUAA0,zagłosował(a)bym na nią/niego w wyborach,15,0.9333333333333333,0.8148148148148149
ariadna,R_2Pq7jlsiWHjcOp2,zagłosował(a)bym na nią/niego w wyborach,15,0.9333333333333333,0.8148148148148148
ariadna,R_2QPZs1jokmPq8bD,zagłosował(a)bym na nią/niego w wyborach,15,0.9333333333333333,0.8648648648648649
ariadna,R_2Qcg7aVUClouZOh,zagłosował(a)bym na nią/niego w wyborach,15,0.9333333333333333,0.8571428571428572
ariadna,R_2Qose7hewFhktAa,zagłosował(a)bym na nią/niego w wyborach,15,0.9333333333333333,0.8421052631578948
ariadna,R_2S6WvaH7SI84Nbf,zagłosował(a)bym na nią/niego w wyborach,15,0.9333333333333333,0.8571428571428572
ariadna,R_2VDvYWvRILFO6wp,zagłosował(a)bym na nią/niego w wyborach,15,0.9333333333333333,0.8421052631578948
ariadna,R_2Vax2pbhZSQvFVv,zagłosował(a)bym na nią/niego w wyborach,15,0.9333333333333333,0.8672566371681416
ariadna,R_2Y1jGKkCBEwqhbP,zagłosował(a)bym na nią/niego w wyborach,15,0.9333333333333333,0.8648648648648649
ariadna,R_2bWrbgTJPOSw94q,zagłosował(a)bym na nią/niego w wyborach,15,0.9333333333333333,0.8648648648648649
ariadna,R_2e2E57PFELnN8nq,zagłosował(a)bym na nią/niego w wyborach,15,0.9333333333333333,0.8421052631578948
ariadna,R_2ezpItm4xzF3l5o,zagłosował(a)bym na nią/niego w wyborach,15,0.9333333333333333,0.8648648648648649
ariadna,R_2fNso9AAtTaaBAD,zagłosował(a)bym na nią/niego w wyborach,30,0.9333333333333333,0.8642533936651584
ariadna,R_2flLwTb43iToB98,zagłosował(a)bym na nią/niego w wyborach,15,0.9333333333333333,0.8672566371681416
ariadna,R_2hnCF8m3SqPbGSZ,zagłosował(a)bym na nią/niego w wyborach,15,0.9333333333333333,0.8648648648648649
ariadna,R_2kmMbMNO09tT2MV,zagłosował(a)bym na nią/niego w wyborach,45,0.9333333333333333,0.8669950738916256
ariadna,R_2lX591Dp8ENrmky,zagłosował(a)bym na nią/niego w wyborach,30,0.9333333333333333,0.8666666666666667
ariadna,R_2oTz3aDU1XHddpD,zagłosował(a)bym na nią/niego w wyborach,15,0.9333333333333333,0.8648648648648649
ariadna,R_2rjHLQBVSPMCXFY,zagłosował(a)bym na nią/niego w wyborach,15,0.9333333333333333,0.8648648648648649
ariadna,R_2sbH6qXQYiMeKLA,zagłosował(a)bym na nią/niego w wyborach,30,0.9333333333333333,0.8648648648648649
ariadna,R_2slPuhoj7l7l5Bv,zagłosował(a)bym na nią/niego w wyborach,30,0.9333333333333333,0.8617511520737328
ariadna,R_2vq0oPAbABHzfod,zagłosował(a)bym na nią/niego w wyborach,45,0.9333333333333333,0.8656716417910448
ariadna,R_2wtuy3BlTvHnlVn,zagłosował(a)bym na nią/niego w wyborach,15,0.9333333333333333,0.8648648648648649
ariadna,R_2zvWWfgYdqDuiDH,zagłosował(a)bym na nią/niego w wyborach,15,0.9333333333333333,0.8648648648648649
ariadna,R_80cbA9a89F1IMgu,zagłosował(a)bym na nią/niego w wyborach,30,0.9333333333333333,0.8617511520737328
ariadna,R_81G9dtBwJid3Vq1,zagłosował(a)bym na nią/niego w wyborach,15,0.9333333333333333,0.8421052631578948
ariadna,R_81Sg3amwKcAw9e0,zagłosował(a)bym na nią/niego w wyborach,15,0.9333333333333333,0.8571428571428572
ariadna,R_82tOX0CeKJVccNK,zagłosował(a)bym na nią/niego w wyborach,15,0.9333333333333333,0.8148148148148149
ariadna,R_82wUg41yTwfgFA5,zagłosował(a)bym na nią/niego w wyborach,15,0.9333333333333333,0.761904761904762
ariadna,R_85iH6jkmSn04NlT,zagłosował(a)bym na nią/niego w wyborach,15,0.9333333333333333,0.8648648648648649
ariadna,R_87wdw99jDKVgxXP,zagłosował(a)bym na nią/niego w wyborach,15,0.9333333333333333,0.8421052631578948
ariadna,R_8BxHDfmg8Erv6gw,zagłosował(a)bym na nią/niego w wyborach,15,0.9333333333333333,0.8672566371681416
ariadna,R_8D76oOperypgreN,zagłosował(a)bym na nią/niego w wyborach,15,0.9333333333333333,0.8648648648648649
ariadna,R_8EGdRQ82vym1ggH,zagłosował(a)bym na nią/niego w wyborach,15,0.9333333333333333,0.8648648648648649
ariadna,R_8H1RutBdwphgMPW,zagłosował(a)bym na nią/niego w wyborach,15,0.9333333333333333,0.8421052631578948
ariadna,R_8It0hMspcGlC0Mz,zagłosował(a)bym na nią/niego w wyborach,15,0.9333333333333333,0.8421052631578948
ariadna,R_8L4rga37MZmYn7z,zagłosował(a)bym na nią/niego w wyborach,30,0.9333333333333333,0.8642533936651584
ariadna,R_8MfmYoCkiaW0BNI,zagłosował(a)bym na nią/niego w wyborach,15,0.9333333333333333,0.8648648648648649
ariadna,R_8O9eUpgYBK7Uefx,zagłosował(a)bym na nią/niego w wyborach,15,0.9333333333333333,0.761904761904762
ariadna,R_8PZdvwQaixVIvr0,zagłosował(a)bym na nią/niego w wyborach,15,0.9333333333333333,0.8571428571428572
ariadna,R_8PjjQeyw6p1p3IR,zagłosował(a)bym na nią/niego w wyborach,15,0.9333333333333333,0.8672566371681416
ariadna,R_8PqAj1tO8RBuLxn,zagłosował(a)bym na nią/niego w wyborach,15,0.9333333333333333,0.8672566371681416
ariadna,R_8QorvfcN2D98eRN,zagłosował(a)bym na nią/niego w wyborach,15,0.9333333333333333,0.8571428571428572
ariadna,R_8SXQbhZJkkgchfb,zagłosował(a)bym na nią/niego w wyborach,15,0.9333333333333333,0.8421052631578948
ariadna,R_8TDK60OeA2Z9aFP,zagłosował(a)bym na nią/niego w wyborach,15,0.9333333333333333,0.8648648648648649
ariadna,R_8VI8HVRe9Dgh9Yd,zagłosował(a)bym na nią/niego w wyborach,15,0.9333333333333333,0.8571428571428572
ariadna,R_8VaVPJQd93Vtmys,zagłosował(a)bym na nią/niego w wyborach,15,0.9333333333333333,0.8571428571428572
ariadna,R_8WHkjxC8i4IiPKj,zagłosował(a)bym na nią/niego w wyborach,45,0.9333333333333333,0.8662041625371656
ariadna,R_8ZbdU1KlqiQFCSJ,zagłosował(a)bym na nią/niego w wyborach,30,0.9333333333333333,0.8672566371681416
ariadna,R_8dSYflGftXcsfkZ,zagłosował(a)bym na nią/niego w wyborach,30,0.9333333333333333,0.8642533936651584
ariadna,R_8ds4xfRIDf6BH9N,zagłosował(a)bym na nią/niego w wyborach,15,0.9333333333333333,0.8421052631578948
ariadna,R_8esHzwYlfIg4fX5,zagłosował(a)bym na nią/niego w wyborach,15,0.9333333333333333,0.8571428571428572
ariadna,R_8h4GlFMPnAJ2zxx,zagłosował(a)bym na nią/niego w wyborach,15,0.9333333333333333,0.8571428571428572
ariadna,R_8iyFsXVAxhb9J8w,zagłosował(a)bym na nią/niego w wyborach,15,0.9333333333333333,0.8571428571428572
ariadna,R_8ly21hIZLykqtYX,zagłosował(a)bym na nią/niego w wyborach,30,0.9333333333333333,0.8648648648648649
ariadna,R_8ojnPqTBKUGfM6y,zagłosował(a)bym na nią/niego w wyborach,15,0.9333333333333333,0.8571428571428572
ariadna,R_8vV34t37KR9fsI1,zagłosował(a)bym na nią/niego w wyborach,15,0.9333333333333333,0.8571428571428572
ariadna,R_8xnPehpUOtpDRDj,zagłosował(a)bym na nią/niego w wyborach,15,0.9333333333333333,0.8648648648648649
ariadna,R_2CU6OarmmoqHd06,zagłosował(a)bym na nią/niego w wyborach,30,0.9,0.8
ariadna,R_2CvpoMpS2eJbHOY,zagłosował(a)bym na nią/niego w wyborach,30,0.9,0.7887323943661972
ariadna,R_2Iyrl6tKrfg18nB,zagłosował(a)bym na nią/niego w wyborach,30,0.9,0.7963800904977376
ariadna,R_2MM6TmdkSW7hTd9,zagłosował(a)bym na nią/niego w wyborach,30,0.9,0.7804878048780488
ariadna,R_2dbQCFUBqqzWaBe,zagłosował(a)bym na nią/niego w wyborach,30,0.9,0.7887323943661972
ariadna,R_8JlmwhGiDYXz7Q5,zagłosował(a)bym na nią/niego w wyborach,30,0.9,0.7982062780269059
ariadna,R_8RrzP7zKrZNARAb,zagłosował(a)bym na nią/niego w wyborach,30,0.9,0.8
ariadna,R_8VfuoOs3YqFeS5z,zagłosował(a)bym na nią/niego w wyborach,30,0.9,0.801762114537445
ariadna,R_8XaL3ZIPvO00Mun,zagłosował(a)bym na nią/niego w wyborach,30,0.9,0.7982062780269059
ariadna,R_8ebyEeOS1CXpjEy,zagłosował(a)bym na nią/niego w wyborach,30,0.9,0.7982062780269059
ariadna,R_8jZslP9XDD1J3MZ,zagłosował(a)bym na nią/niego w wyborach,30,0.9,0.7982062780269059
ariadna,R_8rZfLqMOeAS1YPT,zagłosował(a)bym na nią/niego w wyborach,30,0.9,0.7945205479452055
ariadna,R_8wbt3SO9u3yolSF,zagłosował(a)bym na nią/niego w wyborach,30,0.9,0.7887323943661972
ariadna,R_8xA1OTHBT9zMr5v,zagłosował(a)bym na nią/niego w wyborach,30,0.9,0.7982062780269059
ariadna,R_2I06ClXEjTFL1mB,zagłosował(a)bym na nią/niego w wyborach,45,0.8888888888888888,0.7770069375619424
ariadna,R_21H9KAxX71qdX4N,zagłosował(a)bym na nią/niego w wyborach,30,0.8666666666666667,0.6842105263157896
ariadna,R_21YYT1vHylDvm3V,zagłosował(a)bym na nią/niego w wyborach,15,0.8666666666666667,0.736842105263158
ariadna,R_231907Im7bSzsel,zagłosował(a)bym na nią/niego w wyborach,30,0.8666666666666667,0.7333333333333334
ariadna,R_29P7Blkn1kaIP5f,zagłosował(a)bym na nią/niego w wyborach,15,0.8666666666666667,0.7321428571428572
ariadna,R_2By4q6ScwtEtppD,zagłosował(a)bym na nią/niego w wyborach,15,0.8666666666666667,0.7272727272727274
ariadna,R_2DRdKEXYsxKPOUh,zagłosował(a)bym na nią/niego w wyborach,15,0.8666666666666667,0.7222222222222223
ariadna,R_2F3HpPY60bo9CFP,zagłosował(a)bym na nią/niego w wyborach,30,0.8666666666666667,0.7142857142857143
ariadna,R_2FFmDUCIm4hy2Cx,zagłosował(a)bym na nią/niego w wyborach,15,0.8666666666666667,0.6666666666666666
ariadna,R_2HN7WiQ7BNAZQYd,zagłosował(a)bym na nią/niego w wyborach,15,0.8666666666666667,0.7272727272727274
ariadna,R_2JLxtlaJlrQZMVU,zagłosował(a)bym na nią/niego w wyborach,15,0.8666666666666667,0.7272727272727274
ariadna,R_2O8Gp6I6IArIh0M,zagłosował(a)bym na nią/niego w wyborach,15,0.8666666666666667,0.5945945945945947
ariadna,R_2OkuXrNjO4FFF3T,zagłosował(a)bym na nią/niego w wyborach,15,0.8666666666666667,0.7058823529411765
ariadna,R_2PsLaTtDD7l3HRW,zagłosował(a)bym na nią/niego w wyborach,30,0.8666666666666667,0.7285067873303168
ariadna,R_2R4rFl6tFq91fFP,zagłosował(a)bym na nią/niego w wyborach,15,0.8666666666666667,0.7222222222222223
ariadna,R_2RgcjZ4S08SinXr,zagłosował(a)bym na nią/niego w wyborach,15,0.8666666666666667,0.736842105263158
ariadna,R_2U91Z3wGky9s0p8,zagłosował(a)bym na nią/niego w wyborach,15,0.8666666666666667,0.6666666666666667
ariadna,R_2XPeeRq6pDkkQYV,zagłosował(a)bym na nią/niego w wyborach,15,0.8666666666666667,0.736842105263158
ariadna,R_2cvaPbevpm1CHd6,zagłosował(a)bym na nią/niego w wyborach,15,0.8666666666666667,0.736842105263158
ariadna,R_2dGHCTwsvni3y4T,zagłosował(a)bym na nią/niego w wyborach,15,0.8666666666666667,0.7058823529411765
ariadna,R_2kMnZ86VkebZHqh,zagłosował(a)bym na nią/niego w wyborach,15,0.8666666666666667,0.736842105263158
ariadna,R_2mEnAH2vd7PWYoi,zagłosował(a)bym na nią/niego w wyborach,15,0.8666666666666667,0.7321428571428572
ariadna,R_2qP8nAbh45fb9iP,zagłosował(a)bym na nią/niego w wyborach,15,0.8666666666666667,0.5945945945945947
ariadna,R_2qfIkpHB5gYyM2Z,zagłosował(a)bym na nią/niego w wyborach,15,0.8666666666666667,0.7272727272727274
ariadna,R_2sXCbHuP0HCiN7H,zagłosował(a)bym na nią/niego w wyborach,30,0.8666666666666667,0.7129186602870814
ariadna,R_2saXs6ZkrLSlcOT,zagłosował(a)bym na nią/niego w wyborach,30,0.8666666666666667,0.7235023041474655
ariadna,R_2uHsLGAKB9Uc37B,zagłosował(a)bym na nią/niego w wyborach,30,0.8666666666666667,0.7142857142857143
ariadna,R_2uvzoqA6wBhXw22,zagłosował(a)bym na nią/niego w wyborach,15,0.8666666666666667,0.6590909090909093
ariadna,R_2vw3OAymRZrI7PH,zagłosował(a)bym na nią/niego w wyborach,15,0.8666666666666667,0.7321428571428572
ariadna,R_81Fh0m6hPrh76Pq,zagłosował(a)bym na nią/niego w wyborach,30,0.8666666666666667,0.7235023041474655
ariadna,R_82KYLB4TJOFvhi0,zagłosował(a)bym na nią/niego w wyborach,15,0.8666666666666667,0.736842105263158
ariadna,R_874icJLJcBqLk5W,zagłosował(a)bym na nią/niego w wyborach,15,0.8666666666666667,0.7222222222222223
ariadna,R_8771fLXevrRAHTW,zagłosował(a)bym na nią/niego w wyborach,15,0.8666666666666667,0.5945945945945947
ariadna,R_87I0wnxMcNYVgkH,zagłosował(a)bym na nią/niego w wyborach,30,0.8666666666666667,0.7333333333333334
ariadna,R_87s4mdotpEkJ4iD,zagłosował(a)bym na nią/niego w wyborach,15,0.8666666666666667,0.7222222222222223
ariadna,R_8DZaOXvYfwd0HMS,zagłosował(a)bym na nią/niego w wyborach,15,0.8666666666666667,0.7272727272727274
ariadna,R_8EM7YIuqubghD8o,zagłosował(a)bym na nią/niego w wyborach,15,0.8666666666666667,0.7222222222222223
ariadna,R_8FDMccCtKSliyxO,zagłosował(a)bym na nią/niego w wyborach,15,0.8666666666666667,0.6666666666666666
ariadna,R_8FOiZUp2GKF0IyN,zagłosował(a)bym na nią/niego w wyborach,15,0.8666666666666667,0.736842105263158
ariadna,R_8Iaxfx60x22BImL,zagłosował(a)bym na nią/niego w wyborach,15,0.8666666666666667,0.7000000000000001
ariadna,R_8Ke7ZlprfboeHiX,zagłosował(a)bym na nią/niego w wyborach,15,0.8666666666666667,0.736842105263158
ariadna,R_8KpwwqfJlSz0Idc,zagłosował(a)bym na nią/niego w wyborach,15,0.8666666666666667,0.7321428571428572
ariadna,R_8Kw2qpFAfGjipEg,zagłosował(a)bym na nią/niego w wyborach,30,0.8666666666666667,0.7345132743362832
ariadna,R_8M043VdLybdc9sm,zagłosował(a)bym na nią/niego w wyborach,15,0.8666666666666667,0.6666666666666667
ariadna,R_8MbR47CmsNFswkG,zagłosował(a)bym na nią/niego w wyborach,15,0.8666666666666667,0.7000000000000001
ariadna,R_8O1WDRUTrcKv8z2,zagłosował(a)bym na nią/niego w wyborach,15,0.8666666666666667,0.7058823529411765
ariadna,R_8PphYrCsc225G90,zagłosował(a)bym na nią/niego w wyborach,15,0.8666666666666667,0.7321428571428572
ariadna,R_8R3bcRxfOhyMNb3,zagłosował(a)bym na nią/niego w wyborach,15,0.8666666666666667,0.736842105263158
ariadna,R_8Uc7DZJoRFzEYNj,zagłosował(a)bym na nią/niego w wyborach,15,0.8666666666666667,0.7222222222222223
ariadna,R_8X6XSeQQJIoxw9k,zagłosował(a)bym na nią/niego w wyborach,15,0.8666666666666667,0.6590909090909091
ariadna,R_8e8BSSg8wd4xVSE,zagłosował(a)bym na nią/niego w wyborach,45,0.8666666666666667,0.7227926078028748
ariadna,R_8e95hjn9NmWthyc,zagłosował(a)bym na nią/niego w wyborach,15,0.8666666666666667,0.7000000000000001
ariadna,R_8ez8mi49216S3HB,zagłosował(a)bym na nią/niego w wyborach,15,0.8666666666666667,0.7321428571428572
ariadna,R_8fdQBbf0TGsb7l1,zagłosował(a)bym na nią/niego w wyborach,15,0.8666666666666667,0.7222222222222223
ariadna,R_8iVYOJmCdNTb6sb,zagłosował(a)bym na nią/niego w wyborach,15,0.8666666666666667,0.7000000000000001
ariadna,R_8jZdlhaeCPT0USi,zagłosował(a)bym na nią/niego w wyborach,30,0.8666666666666667,0.7297297297297297
ariadna,R_8je8IlNeMntSomu,zagłosował(a)bym na nią/niego w wyborach,45,0.8666666666666667,0.7272727272727274
ariadna,R_8mLD85mHGrfw3FB,zagłosował(a)bym na nią/niego w wyborach,15,0.8666666666666667,0.7272727272727274
ariadna,R_8myAFa7ntNpRECp,zagłosował(a)bym na nią/niego w wyborach,15,0.8666666666666667,0.7222222222222223
ariadna,R_8odKkshXB3EHE7U,zagłosował(a)bym na nią/niego w wyborach,15,0.8666666666666667,0.736842105263158
ariadna,R_8qOlSkDUKkh2ZwJ,zagłosował(a)bym na nią/niego w wyborach,30,0.8666666666666667,0.7183098591549296
ariadna,R_8rIJh0iBA2tFUbQ,zagłosował(a)bym na nią/niego w wyborach,30,0.8666666666666667,0.7297297297297297
ariadna,R_8sEgrl4bwOxOieB,zagłosował(a)bym na nią/niego w wyborach,15,0.8666666666666667,0.7000000000000001
ariadna,R_8spM0fm9D9nu1Nk,zagłosował(a)bym na nią/niego w wyborach,30,0.8666666666666667,0.7297297297297297
ariadna,R_8tfJpBz5wdmgffy,zagłosował(a)bym na nią/niego w wyborach,15,0.8666666666666667,0.7321428571428572
ariadna,R_8v5CZYWPhsNM0fv,zagłosował(a)bym na nią/niego w wyborach,15,0.8666666666666667,0.7058823529411765
ariadna,R_8xCXGsujKCqig7a,zagłosował(a)bym na nią/niego w wyborach,15,0.8666666666666667,0.7321428571428572
ariadna,R_8zC6nlOxCJ1E5TG,zagłosował(a)bym na nią/niego w wyborach,30,0.8666666666666667,0.7333333333333334
ariadna,R_8zCvD5RYN820gIt,zagłosował(a)bym na nią/niego w wyborach,15,0.8666666666666667,0.7272727272727274
ariadna,R_8zHm0PhwcufQ2od,zagłosował(a)bym na nią/niego w wyborach,30,0.8666666666666667,0.7345132743362832
ariadna,R_2k7h3RcjsdFHXI3,zagłosował(a)bym na nią/niego w wyborach,45,0.8444444444444444,0.6728971962616822
ariadna,R_8LirCuC2AoRvuYd,zagłosował(a)bym na nią/niego w wyborach,45,0.8444444444444444,0.689655172413793
ariadna,R_8ea6bKdHN7y51sR,zagłosował(a)bym na nią/niego w wyborach,45,0.8444444444444444,0.6884272997032641
ariadna,R_8pLuCaKUofbMXpH,zagłosował(a)bym na nią/niego w wyborach,45,0.8444444444444444,0.6884272997032641
ariadna,R_8yL3Tkc8EP97xFD,zagłosował(a)bym na nią/niego w wyborach,45,0.8444444444444444,0.6884272997032641
ariadna,R_282K0iuLfskF2Zb,zagłosował(a)bym na nią/niego w wyborach,30,0.8333333333333334,0.669603524229075
ariadna,R_2HtMGWZugWsBtob,zagłosował(a)bym na nią/niego w wyborach,30,0.8333333333333334,0.669603524229075
ariadna,R_2OCadZxJRyr6Kkv,zagłosował(a)bym na nią/niego w wyborach,30,0.8333333333333334,0.6511627906976745
ariadna,R_2jNR3xtkKGpQQ1e,zagłosował(a)bym na nią/niego w wyborach,30,0.8333333333333334,0.6666666666666667
ariadna,R_81zsYozhNEDtruH,zagłosował(a)bym na nią/niego w wyborach,30,0.8333333333333334,0.6636771300448431
ariadna,R_8EDqYt8Q30iPdFD,zagłosował(a)bym na nią/niego w wyborach,30,0.8333333333333334,0.6575342465753425
ariadna,R_8EF82QyPKeoUeaZ,zagłosował(a)bym na nią/niego w wyborach,30,0.8333333333333334,0.6575342465753425
ariadna,R_8FWFOgbpobiAeaB,zagłosował(a)bym na nią/niego w wyborach,30,0.8333333333333334,0.6575342465753425
ariadna,R_8gOr8gS1SyzgxTe,zagłosował(a)bym na nią/niego w wyborach,30,0.8333333333333334,0.6666666666666667
ariadna,R_8ijJSjFOKq2cwAJ,zagłosował(a)bym na nią/niego w wyborach,30,0.8333333333333334,0.669603524229075
ariadna,R_8mxQ3e67h20ncHj,zagłosował(a)bym na nią/niego w wyborach,30,0.8333333333333334,0.6478873239436621
ariadna,R_8n1R6qO1ZYkwPXy,zagłosował(a)bym na nią/niego w wyborach,30,0.8333333333333334,0.6478873239436621
ariadna,R_2QFx9z6Oi2Db2WP,zagłosował(a)bym na nią/niego w wyborach,45,0.8222222222222222,0.6449704142011834
ariadna,R_2QoerUXtqAt92Pb,zagłosował(a)bym na nią/niego w wyborach,45,0.8222222222222222,0.6449704142011834
ariadna,R_2TGhmqN6HunKQgo,zagłosował(a)bym na nią/niego w wyborach,45,0.8222222222222222,0.6326530612244897
ariadna,R_2qflo5p3ivXIlSp,zagłosował(a)bym na nią/niego w wyborach,45,0.8222222222222222,0.6303901437371663
ariadna,R_8qRCqKr3HBxe1yh,zagłosował(a)bym na nią/niego w wyborach,45,0.8222222222222222,0.6442687747035573
ariadna,R_8uhdrGInbJNz1sJ,zagłosował(a)bym na nią/niego w wyborach,45,0.8222222222222222,0.6470588235294117
ariadna,R_21GWJRj3tD5hYr9,zagłosował(a)bym na nią/niego w wyborach,15,0.8,0.6017699115044248
ariadna,R_21YLZF1qqGDdgJo,zagłosował(a)bym na nią/niego w wyborach,15,0.8,0.6017699115044248
ariadna,R_21cC7G3yleurDwd,zagłosował(a)bym na nią/niego w wyborach,15,0.8,0.5714285714285715
ariadna,R_23BXQ24onXAZeYD,zagłosował(a)bym na nią/niego w wyborach,15,0.8,0.5714285714285715
ariadna,R_24JifL77G8D0ZWT,zagłosował(a)bym na nią/niego w wyborach,15,0.8,0.6086956521739131
ariadna,R_2CfRgxI921moSgZ,zagłosował(a)bym na nią/niego w wyborach,15,0.8,0.5945945945945946
ariadna,R_2D27rty0mIAPfKQ,zagłosował(a)bym na nią/niego w wyborach,15,0.8,0.5945945945945946
ariadna,R_2EfJ62StpPt9wxE,zagłosował(a)bym na nią/niego w wyborach,45,0.8,0.5811789038262669
ariadna,R_2Fn5egUosJ2i7RM,zagłosował(a)bym na nią/niego w wyborach,15,0.8,0.6086956521739131
ariadna,R_2Hn9HoTFI3YZ9Tz,zagłosował(a)bym na nią/niego w wyborach,15,0.8,0.6153846153846155
ariadna,R_2Hum0GmcTqPkKzH,zagłosował(a)bym na nią/niego w wyborach,15,0.8,0.6153846153846155
ariadna,R_2JJHZsJTOkexRMK,zagłosował(a)bym na nią/niego w wyborach,15,0.8,0.5714285714285715
ariadna,R_2Kj5dakjDYVHYGf,zagłosował(a)bym na nią/niego w wyborach,30,0.8,0.6000000000000001
ariadna,R_2Mne9CihMHmgysK,zagłosował(a)bym na nią/niego w wyborach,30,0.8,0.5852534562211983
ariadna,R_2Xckd1Yw0xKeTgv,zagłosował(a)bym na nią/niego w wyborach,30,0.8,0.6000000000000001
ariadna,R_2cZfD3hM3X1CZJO,zagłosował(a)bym na nią/niego w wyborach,15,0.8,0.6017699115044248
ariadna,R_2eL1p44IRJ3His9,zagłosował(a)bym na nią/niego w wyborach,15,0.8,0.5714285714285715
ariadna,R_2eUup0U4t9YhdrS,zagłosował(a)bym na nią/niego w wyborach,15,0.8,0.5945945945945946
ariadna,R_2fD4JlQq1ReJTLX,zagłosował(a)bym na nią/niego w wyborach,15,0.8,0.5714285714285715
ariadna,R_2fJociv6MPVVco5,zagłosował(a)bym na nią/niego w wyborach,15,0.8,0.5945945945945946
ariadna,R_2g5G4W5aVEhKZQX,zagłosował(a)bym na nią/niego w wyborach,15,0.8,0.5945945945945946
ariadna,R_2gwvcJg8uhJFe1P,zagłosował(a)bym na nią/niego w wyborach,15,0.8,0.5945945945945946
ariadna,R_2hZjDO9iwMh64eW,zagłosował(a)bym na nią/niego w wyborach,15,0.8,0.5714285714285715
ariadna,R_2lBFhZm7yPF7lSN,zagłosował(a)bym na nią/niego w wyborach,15,0.8,0.6017699115044248
ariadna,R_2nq7O9yTEcmtxK3,zagłosował(a)bym na nią/niego w wyborach,15,0.8,0.6086956521739131
ariadna,R_2ozIYzvFvoQ5b0H,zagłosował(a)bym na nią/niego w wyborach,15,0.8,0.5871559633027524
ariadna,R_2pmWuDDl3KAbSur,zagłosował(a)bym na nią/niego w wyborach,30,0.8,0.5833333333333334
ariadna,R_2pyvBJTOKKIvHyx,zagłosował(a)bym na nią/niego w wyborach,15,0.8,0.6017699115044248
ariadna,R_2qvWZgN5vaW1DCF,zagłosował(a)bym na nią/niego w wyborach,15,0.8,0.5945945945945946
ariadna,R_2sSjjK5lUeNzvin,zagłosował(a)bym na nią/niego w wyborach,30,0.8,0.5852534562211983
ariadna,R_2xShV9iChqTErG0,zagłosował(a)bym na nią/niego w wyborach,15,0.8,0.6017699115044248
ariadna,R_805TIgMgJvjPgqd,zagłosował(a)bym na nią/niego w wyborach,15,0.8,0.5945945945945946
ariadna,R_80BfyBZiacNaI8N,zagłosował(a)bym na nią/niego w wyborach,15,0.8,0.5454545454545456
ariadna,R_80ofDbpCCwv6Ilt,zagłosował(a)bym na nią/niego w wyborach,15,0.8,0.5945945945945946
ariadna,R_814QvpUVbQL92Kr,zagłosował(a)bym na nią/niego w wyborach,15,0.8,0.5263157894736844
ariadna,R_81G7PjzN5YwoGoP,zagłosował(a)bym na nią/niego w wyborach,15,0.8,0.5945945945945946
ariadna,R_81dvQu40yiK770v,zagłosował(a)bym na nią/niego w wyborach,15,0.8,0.5263157894736843
ariadna,R_83Vu03bAK5l91us,zagłosował(a)bym na nią/niego w wyborach,15,0.8,0.5454545454545455
ariadna,R_862X653kl28Ov7K,zagłosował(a)bym na nią/niego w wyborach,15,0.8,0.44444444444444436
ariadna,R_87k7EF8rGz4tx8B,zagłosował(a)bym na nią/niego w wyborach,15,0.8,0.6017699115044248
ariadna,R_8AAd1O7Fx2zvNFD,zagłosował(a)bym na nią/niego w wyborach,15,0.8,0.5714285714285715
ariadna,R_8D78pYUz6Npm1ze,zagłosował(a)bym na nią/niego w wyborach,15,0.8,0.5945945945945946
ariadna,R_8DOW7NIfbpoeJYX,zagłosował(a)bym na nią/niego w wyborach,45,0.8,0.5994065281899111
ariadna,R_8DYKZRpflEXoCLC,zagłosował(a)bym na nią/niego w wyborach,30,0.8,0.605263157894737
ariadna,R_8DeAgVVZ6jkzFW6,zagłosował(a)bym na nią/niego w wyborach,15,0.8,0.5714285714285715
ariadna,R_8FIFhbShJ93dwWL,zagłosował(a)bym na nią/niego w wyborach,15,0.8,0.5945945945945946
ariadna,R_8I5L0SYJdMQ0kMa,zagłosował(a)bym na nią/niego w wyborach,30,0.8,0.6000000000000001
ariadna,R_8IIXkMUWS9w354Z,zagłosował(a)bym na nią/niego w wyborach,30,0.8,0.6000000000000001
ariadna,R_8IfIvXLkxIjwxSU,zagłosował(a)bym na nią/niego w wyborach,15,0.8,0.6017699115044248
ariadna,R_8JVOyN1Aq2QHaWR,zagłosował(a)bym na nią/niego w wyborach,15,0.8,0.5871559633027524
ariadna,R_8LOjrv9sQ4B0U27,zagłosował(a)bym na nią/niego w wyborach,15,0.8,0.5871559633027524
ariadna,R_8LkCVkiFqE0BzxZ,zagłosował(a)bym na nią/niego w wyborach,15,0.8,0.5714285714285715
ariadna,R_8MXPZwKuUWVULDz,zagłosował(a)bym na nią/niego w wyborach,15,0.8,0.5714285714285715
ariadna,R_8MuyCkIZ5SObgqZ,zagłosował(a)bym na nią/niego w wyborach,15,0.8,0.5714285714285715
ariadna,R_8MyvszWtmpPCH9L,zagłosował(a)bym na nią/niego w wyborach,15,0.8,0.5714285714285715
ariadna,R_8PobAiBYSdrkLw9,zagłosował(a)bym na nią/niego w wyborach,15,0.8,0.5714285714285715
ariadna,R_8Pvcpy9SRrt1O59,zagłosował(a)bym na nią/niego w wyborach,30,0.8,0.6000000000000001
ariadna,R_8YPRiuMgb4cON8M,zagłosował(a)bym na nią/niego w wyborach,15,0.8,0.5454545454545455
ariadna,R_8c2shxJgVLo30fb,zagłosował(a)bym na nią/niego w wyborach,30,0.8,0.6000000000000001
ariadna,R_8e3xi7b3YvcNMWA,zagłosował(a)bym na nią/niego w wyborach,15,0.8,0.5263157894736844
ariadna,R_8eMf52UIskYSbbH,zagłosował(a)bym na nią/niego w wyborach,15,0.8,0.5263157894736844
ariadna,R_8ePnXarK2MCSfxD,zagłosował(a)bym na nią/niego w wyborach,15,0.8,0.5945945945945946
ariadna,R_8h5E38xkRFMOCCR,zagłosował(a)bym na nią/niego w wyborach,15,0.8,0.5871559633027524
ariadna,R_8jpwxPUikDRsWYi,zagłosował(a)bym na nią/niego w wyborach,15,0.8,0.5714285714285715
ariadna,R_8kCgov55mQ47F6o,zagłosował(a)bym na nią/niego w wyborach,15,0.8,0.44444444444444453
ariadna,R_8mFiyMpg1oZOJ1v,zagłosował(a)bym na nią/niego w wyborach,45,0.8,0.5811789038262669
ariadna,R_8mJieiCaFAwp11z,zagłosował(a)bym na nią/niego w wyborach,15,0.8,0.5945945945945946
ariadna,R_8sb9TECn1tp8tQP,zagłosował(a)bym na nią/niego w wyborach,15,0.8,0.5945945945945946
ariadna,R_8sdde1wmKvJ88gA,zagłosował(a)bym na nią/niego w wyborach,15,0.8,0.5945945945945946
ariadna,R_8tLQ0nAS0YOdUDt,zagłosował(a)bym na nią/niego w wyborach,30,0.8,0.6017699115044248
ariadna,R_8wigV6Wu6IKKt8l,zagłosował(a)bym na nią/niego w wyborach,15,0.8,0.5714285714285715
ariadna,R_8xSwW3DCAgayLpT,zagłosował(a)bym na nią/niego w wyborach,15,0.8,0.6017699115044248
ariadna,R_29tVmvYL4XcTXix,zagłosował(a)bym na nią/niego w wyborach,45,0.7777777777777778,0.5481927710843374
ariadna,R_2H14IfLum0BlngO,zagłosował(a)bym na nią/niego w wyborach,45,0.7777777777777778,0.537987679671458
ariadna,R_8eLzCT5JC4uaI7R,zagłosował(a)bym na nią/niego w wyborach,45,0.7777777777777778,0.5011086474501109
ariadna,R_2DGVzDbIHoAb87J,zagłosował(a)bym na nią/niego w wyborach,30,0.7666666666666667,0.5333333333333334
ariadna,R_2DhyxH2tqMtR6eZ,zagłosował(a)bym na nią/niego w wyborach,30,0.7666666666666667,0.4262295081967214
ariadna,R_2E1xatTiZz8Kde9,zagłosował(a)bym na nią/niego w wyborach,30,0.7666666666666667,0.5333333333333334
ariadna,R_2WAK71y2sWza7sd,zagłosował(a)bym na nią/niego w wyborach,30,0.7666666666666667,0.5116279069767442
ariadna,R_2ckhP1DzEer43W5,zagłosował(a)bym na nią/niego w wyborach,30,0.7666666666666667,0.537444933920705
ariadna,R_2phUyW8bfmqUby8,zagłosował(a)bym na nią/niego w wyborach,30,0.7666666666666667,0.5291479820627804
ariadna,R_2qDx1D8vdQLYQGp,zagłosował(a)bym na nią/niego w wyborach,30,0.7666666666666667,0.5333333333333334
ariadna,R_86yWMtFUJYB3cPf,zagłosował(a)bym na nią/niego w wyborach,30,0.7666666666666667,0.537444933920705
ariadna,R_8CQ2M7Rk6ReKhoJ,zagłosował(a)bym na nią/niego w wyborach,30,0.7666666666666667,0.5205479452054795
ariadna,R_8eOtAIE9jnq2K1A,zagłosował(a)bym na nią/niego w wyborach,30,0.7666666666666667,0.537444933920705
ariadna,R_8wjlDfOoemwws3o,zagłosował(a)bym na nią/niego w wyborach,30,0.7666666666666667,0.5291479820627804
ariadna,R_8rp6FhZtOwD55Fr,zagłosował(a)bym na nią/niego w wyborach,45,0.7555555555555555,0.5113524185587365
ariadna,R_8zPubelR6b9fuP7,zagłosował(a)bym na nią/niego w wyborach,45,0.7555555555555555,0.5132743362831859
ariadna,R_22bS1hdVCT3tZtL,zagłosował(a)bym na nią/niego w wyborach,15,0.7333333333333333,0.33333333333333304
ariadna,R_25D2DplmLP7bwLT,zagłosował(a)bym na nią/niego w wyborach,15,0.7333333333333333,0.41176470588235287
ariadna,R_28jqOUm0oN7usbn,zagłosował(a)bym na nią/niego w wyborach,15,0.7333333333333333,0.4736842105263157
ariadna,R_2CKp6092B4ZKBJK,zagłosował(a)bym na nią/niego w wyborach,15,0.7333333333333333,0.4736842105263157
ariadna,R_2CwAzchfujMnt4Z,zagłosował(a)bym na nią/niego w wyborach,15,0.7333333333333333,0.4444444444444443
ariadna,R_2FxmpRnuFGwflho,zagłosował(a)bym na nią/niego w wyborach,15,0.7333333333333333,0.4444444444444443
ariadna,R_2L2CRjdUZpTtJpD,zagłosował(a)bym na nią/niego w wyborach,15,0.7333333333333333,0.4999999999999999
ariadna,R_2LaQWS8kfhthIFb,zagłosował(a)bym na nią/niego w wyborach,15,0.7333333333333333,0.4444444444444443
ariadna,R_2POjNYGYe1XGI7X,zagłosował(a)bym na nią/niego w wyborach,15,0.7333333333333333,0.39999999999999986
ariadna,R_2R55zrOHn2DDJ2F,zagłosował(a)bym na nią/niego w wyborach,15,0.7333333333333333,0.4642857142857142
ariadna,R_2SAe82zv0YePNnX,zagłosował(a)bym na nią/niego w wyborach,15,0.7333333333333333,0.4736842105263157
ariadna,R_2SIi0vGLStBKNOj,zagłosował(a)bym na nią/niego w wyborach,15,0.7333333333333333,0.4736842105263157
ariadna,R_2VjlaZUsW6k8Ysp,zagłosował(a)bym na nią/niego w wyborach,15,0.7333333333333333,0.4545454545454545
ariadna,R_2ewxdwv6fC9ivJj,zagłosował(a)bym na nią/niego w wyborach,15,0.7333333333333333,0.4736842105263157
ariadna,R_2fpjSUJHaOEDG7L,zagłosował(a)bym na nią/niego w wyborach,30,0.7333333333333333,0.4736842105263157
ariadna,R_2gj82wyeU8tKiji,zagłosował(a)bym na nią/niego w wyborach,15,0.7333333333333333,0.4736842105263157
ariadna,R_2gj9MGtWhvZzXmd,zagłosował(a)bym na nią/niego w wyborach,15,0.7333333333333333,0.4545454545454545
ariadna,R_2kcgECvQsvRyZUm,zagłosował(a)bym na nią/niego w wyborach,15,0.7333333333333333,0.4736842105263157
ariadna,R_2oFJWm84aDiFblT,zagłosował(a)bym na nią/niego w wyborach,15,0.7333333333333333,0.39999999999999986
ariadna,R_2p5YYuB1ywtiMU1,zagłosował(a)bym na nią/niego w wyborach,15,0.7333333333333333,0.4444444444444443
ariadna,R_2pKx5El5V9r4fVi,zagłosował(a)bym na nią/niego w wyborach,15,0.7333333333333333,0.4642857142857142
ariadna,R_2soVXZbllNqNHnk,zagłosował(a)bym na nią/niego w wyborach,15,0.7333333333333333,0.4736842105263157
ariadna,R_2uRdPunVYugdyYF,zagłosował(a)bym na nią/niego w wyborach,15,0.7333333333333333,0.4545454545454545
ariadna,R_2wNMZdzSBylcA8x,zagłosował(a)bym na nią/niego w wyborach,30,0.7333333333333333,0.4570135746606334
ariadna,R_2yb0EUpZqnE3d7z,zagłosował(a)bym na nią/niego w wyborach,15,0.7333333333333333,0.4999999999999999
ariadna,R_85cjkz0NDOrCm2Z,zagłosował(a)bym na nią/niego w wyborach,15,0.7333333333333333,0.39999999999999986
ariadna,R_86wrRidcVwF6ffj,zagłosował(a)bym na nią/niego w wyborach,15,0.7333333333333333,0.41176470588235287
ariadna,R_87p2b8DhQIqjBrT,zagłosował(a)bym na nią/niego w wyborach,15,0.7333333333333333,0.4545454545454545
ariadna,R_89h1siRrM4IVJC9,zagłosował(a)bym na nią/niego w wyborach,15,0.7333333333333333,0.4545454545454545
ariadna,R_8EpdhQIeaDdesGI,zagłosował(a)bym na nią/niego w wyborach,15,0.7333333333333333,0.4545454545454545
ariadna,R_8FLE4UYd7EeXed1,zagłosował(a)bym na nią/niego w wyborach,30,0.7333333333333333,0.47826086956521724
ariadna,R_8GCADwpzkbUR76n,zagłosował(a)bym na nią/niego w wyborach,15,0.7333333333333333,0.4444444444444443
ariadna,R_8GfEQn9EsrAKojR,zagłosował(a)bym na nią/niego w wyborach,30,0.7333333333333333,0.44700460829493077
ariadna,R_8IYPStyRNYkHe8l,zagłosował(a)bym na nią/niego w wyborach,15,0.7333333333333333,0.4444444444444443
ariadna,R_8JQemhT2CuiPmVz,zagłosował(a)bym na nią/niego w wyborach,15,0.7333333333333333,0.4444444444444443
ariadna,R_8KqbBavY8AWla13,zagłosował(a)bym na nią/niego w wyborach,15,0.7333333333333333,0.41176470588235287
ariadna,R_8KrPGyx7hP18yTp,zagłosował(a)bym na nią/niego w wyborach,15,0.7333333333333333,0.39999999999999986
ariadna,R_8Kxt9oGe9PZcPqF,zagłosował(a)bym na nią/niego w wyborach,15,0.7333333333333333,0.4444444444444443
ariadna,R_8MlJAvR3Y2lb66S,zagłosował(a)bym na nią/niego w wyborach,30,0.7333333333333333,0.46666666666666656
ariadna,R_8PdjHK0N2RWSIFZ,zagłosował(a)bym na nią/niego w wyborach,15,0.7333333333333333,0.4444444444444443
ariadna,R_8YyQpgHMP02xim1,zagłosował(a)bym na nią/niego w wyborach,15,0.7333333333333333,0.4736842105263157
ariadna,R_8agKU4FYnHcsXBq,zagłosował(a)bym na nią/niego w wyborach,15,0.7333333333333333,0.4444444444444443
ariadna,R_8dE8yOVcIxTLAro,zagłosował(a)bym na nią/niego w wyborach,15,0.7333333333333333,0.4736842105263157
ariadna,R_8eQLuiHW46olKkg,zagłosował(a)bym na nią/niego w wyborach,15,0.7333333333333333,0.41176470588235287
ariadna,R_8fB99V9IbpDoERz,zagłosował(a)bym na nią/niego w wyborach,15,0.7333333333333333,0.4736842105263157
ariadna,R_8kThrUREG6esjq5,zagłosował(a)bym na nią/niego w wyborach,15,0.7333333333333333,0.4736842105263157
ariadna,R_8n18BzveI0sgsWk,zagłosował(a)bym na nią/niego w wyborach,15,0.7333333333333333,0.4736842105263157
ariadna,R_8pKXelrKPVIEq9z,zagłosował(a)bym na nią/niego w wyborach,45,0.7333333333333333,0.4455852156057494
ariadna,R_8pKctA6LTsMYlm9,zagłosował(a)bym na nią/niego w wyborach,15,0.7333333333333333,0.4999999999999999
ariadna,R_8pMxGZ5q2ITHoGZ,zagłosował(a)bym na nią/niego w wyborach,15,0.7333333333333333,0.4736842105263157
ariadna,R_8tyi6YVrXDIO56Y,zagłosował(a)bym na nią/niego w wyborach,15,0.7333333333333333,0.4736842105263157
ariadna,R_8uS4BgarsJuJOXD,zagłosował(a)bym na nią/niego w wyborach,30,0.7333333333333333,0.46902654867256627
ariadna,R_8zCuaLKF21t8WFU,zagłosował(a)bym na nią/niego w wyborach,30,0.7333333333333333,0.4871794871794871
ariadna,R_8ZIBNuHXgliKSd3,zagłosował(a)bym na nią/niego w wyborach,60,0.7166666666666667,0.4295302013422818
ariadna,R_2rPVx263hAfpqZW,zagłosował(a)bym na nią/niego w wyborach,45,0.7111111111111111,0.41206030150753775
ariadna,R_25GH9IyffaOWqOK,zagłosował(a)bym na nią/niego w wyborach,30,0.7,0.40528634361233473
ariadna,R_2Eb4DpTmONcaSzq,zagłosował(a)bym na nią/niego w wyborach,30,0.7,0.38356164383561636
ariadna,R_2UntbLfwudsVXIB,zagłosował(a)bym na nią/niego w wyborach,30,0.7,0.39461883408071735
ariadna,R_2etBDmEgBjxj5eW,zagłosował(a)bym na nią/niego w wyborach,30,0.7,0.3891402714932126
ariadna,R_8uxgO0V5l9TugPL,zagłosował(a)bym na nią/niego w wyborach,30,0.7,0.40528634361233473
ariadna,R_24G7jZADw7sEWTT,zagłosował(a)bym na nią/niego w wyborach,45,0.6888888888888889,0.37623762376237624
ariadna,R_20GtnZKM4g0Cdvb,zagłosował(a)bym na nią/niego w wyborach,15,0.6666666666666666,0.3243243243243242
ariadna,R_214ZwtgAOzJMNkf,zagłosował(a)bym na nią/niego w wyborach,30,0.6666666666666666,0.34210526315789475
ariadna,R_215scEbPlOU1WZG,zagłosował(a)bym na nią/niego w wyborach,30,0.6666666666666666,0.33333333333333326
ariadna,R_21Ac0oOLwaIB6mN,zagłosował(a)bym na nią/niego w wyborach,15,0.6666666666666666,0.3478260869565216
ariadna,R_21Fy8NcMiqUuPO0,zagłosował(a)bym na nią/niego w wyborach,15,0.6666666666666666,0.33628318584070793
ariadna,R_2BhpMgi9i9VN3Ve,zagłosował(a)bym na nią/niego w wyborach,15,0.6666666666666666,0.3589743589743589
ariadna,R_2DTuFkhG8DHqKHX,zagłosował(a)bym na nią/niego w wyborach,15,0.6666666666666666,0.3243243243243242
ariadna,R_2Dv5eiyuRBzNSyR,zagłosował(a)bym na nią/niego w wyborach,15,0.6666666666666666,0.33628318584070793
ariadna,R_2ISFnbbJplXDwvu,zagłosował(a)bym na nią/niego w wyborach,15,0.6666666666666666,0.28571428571428564
ariadna,R_2PbKr1p5AgkDL4F,zagłosował(a)bym na nią/niego w wyborach,15,0.6666666666666666,0.3243243243243242
ariadna,R_2Q5hH6ySOuNxAjF,zagłosował(a)bym na nią/niego w wyborach,15,0.6666666666666666,0.3119266055045871
ariadna,R_2QKVZBZk5Elqz9J,zagłosował(a)bym na nią/niego w wyborach,15,0.6666666666666666,0.3119266055045871
ariadna,R_2SrcDdKBoGjO4HT,zagłosował(a)bym na nią/niego w wyborach,15,0.6666666666666666,0.33628318584070793
ariadna,R_2TBNk4xpBd8OXZU,zagłosował(a)bym na nią/niego w wyborach,15,0.6666666666666666,0.3478260869565216
ariadna,R_2TDtIroKKt9q3AJ,zagłosował(a)bym na nią/niego w wyborach,15,0.6666666666666666,0.3119266055045871
ariadna,R_2hyZAb6QRHTcB2i,zagłosował(a)bym na nią/niego w wyborach,30,0.6666666666666666,0.34497816593886454
ariadna,R_2mPMn2TSpvEYdaM,zagłosował(a)bym na nią/niego w wyborach,15,0.6666666666666666,0.33628318584070793
ariadna,R_2oRZzAAbsXjXJL8,zagłosował(a)bym na nią/niego w wyborach,15,0.6666666666666666,0.3478260869565216
ariadna,R_2pEyYW8dqH38cMu,zagłosował(a)bym na nią/niego w wyborach,15,0.6666666666666666,0.3589743589743589
ariadna,R_2qI1aUFh1aMuwLR,zagłosował(a)bym na nią/niego w wyborach,15,0.6666666666666666,0.28571428571428564
ariadna,R_2qyXF7T1Kg2L8tz,zagłosował(a)bym na nią/niego w wyborach,30,0.6666666666666666,0.28571428571428564
ariadna,R_2vPhXINftN6rlgR,zagłosował(a)bym na nią/niego w wyborach,15,0.6666666666666666,0.3243243243243242
ariadna,R_82LvlomsR7GIsxd,zagłosował(a)bym na nią/niego w wyborach,30,0.6666666666666666,0.33628318584070793
ariadna,R_82fGGCbLWXwntWF,zagłosował(a)bym na nią/niego w wyborach,15,0.6666666666666666,0.33628318584070793
ariadna,R_83mz5PxONQbuCWV,zagłosował(a)bym na nią/niego w wyborach,15,0.6666666666666666,0.33628318584070793
ariadna,R_87BGHnKyrw5Cwdb,zagłosował(a)bym na nią/niego w wyborach,15,0.6666666666666666,0.21052631578947348
ariadna,R_87RY6AJ1PMmBvrj,zagłosował(a)bym na nią/niego w wyborach,30,0.6666666666666666,0.28571428571428564
ariadna,R_88IeILmtO4k9Gga,zagłosował(a)bym na nią/niego w wyborach,15,0.6666666666666666,0.2105263157894737
ariadna,R_8CBZ5eZOCF2Geuk,zagłosował(a)bym na nią/niego w wyborach,15,0.6666666666666666,0.3589743589743589
ariadna,R_8Jm9AsrOs9sHT3b,zagłosował(a)bym na nią/niego w wyborach,15,0.6666666666666666,0.3589743589743589
ariadna,R_8LkDrR75iGNYKkh,zagłosował(a)bym na nią/niego w wyborach,15,0.6666666666666666,0.24242424242424243
ariadna,R_8M9E9uyEozMnWMC,zagłosował(a)bym na nią/niego w wyborach,30,0.6666666666666666,0.34210526315789475
ariadna,R_8Oo9Zqbzl8gDVDI,zagłosował(a)bym na nią/niego w wyborach,15,0.6666666666666666,0.3589743589743589
ariadna,R_8Qyajpmg88XZXEh,zagłosował(a)bym na nią/niego w wyborach,15,0.6666666666666666,0.33628318584070793
ariadna,R_8S9g8wTY8Xu2gbT,zagłosował(a)bym na nią/niego w wyborach,15,0.6666666666666666,0.28571428571428564
ariadna,R_8Shme1geL6acWTn,zagłosował(a)bym na nią/niego w wyborach,15,0.6666666666666666,0.28571428571428564
ariadna,R_8XiCFPziWqPdHwt,zagłosował(a)bym na nią/niego w wyborach,15,0.6666666666666666,0.28571428571428564
ariadna,R_8YQR3hbVlC9BgJ3,zagłosował(a)bym na nią/niego w wyborach,15,0.6666666666666666,0.3478260869565216
ariadna,R_8dRZwcdFSQo8enB,zagłosował(a)bym na nią/niego w wyborach,15,0.6666666666666666,0.3243243243243242
ariadna,R_8gnhUN6r6cQydLe,zagłosował(a)bym na nią/niego w wyborach,15,0.6666666666666666,0.3243243243243242
ariadna,R_8oh7dZeLr4iTht3,zagłosował(a)bym na nią/niego w wyborach,15,0.6666666666666666,0.2105263157894737
ariadna,R_8pQ36IUtNUZhEGl,zagłosował(a)bym na nią/niego w wyborach,30,0.6666666666666666,0.3589743589743589
ariadna,R_8qUJB0Z6jQlWsP7,zagłosował(a)bym na nią/niego w wyborach,15,0.6666666666666666,0.3243243243243242
ariadna,R_8qUKJQBKxpy0TN8,zagłosował(a)bym na nią/niego w wyborach,15,0.6666666666666666,0.2105263157894737
ariadna,R_8rBle3LDguEn0dX,zagłosował(a)bym na nią/niego w wyborach,15,0.6666666666666666,0.3589743589743589
ariadna,R_8rCYhoNDEYBu8CZ,zagłosował(a)bym na nią/niego w wyborach,15,0.6666666666666666,0.21052631578947348
ariadna,R_8riGEUf426Wemx6,zagłosował(a)bym na nią/niego w wyborach,15,0.6666666666666666,0.33628318584070793
ariadna,R_8yDFQA7GhjuI0pz,zagłosował(a)bym na nią/niego w wyborach,15,0.6666666666666666,0.3478260869565216
ariadna,R_2DcHS2dDysQHojL,zagłosował(a)bym na nią/niego w wyborach,45,0.6444444444444445,0.2871287128712872
ariadna,R_23euSBBb7XRLXIW,zagłosował(a)bym na nią/niego w wyborach,30,0.6333333333333333,0.2600896860986546
ariadna,R_297Q1mlfATLxXgZ,zagłosował(a)bym na nią/niego w wyborach,30,0.6333333333333333,0.2666666666666666
ariadna,R_2HGQ9MBORLc71ZL,zagłosował(a)bym na nią/niego w wyborach,30,0.6333333333333333,0.2666666666666666
ariadna,R_85Umy7HfHTapCw1,zagłosował(a)bym na nią/niego w wyborach,30,0.6333333333333333,0.2666666666666666
ariadna,R_895j3yH6K4zwZRo,zagłosował(a)bym na nią/niego w wyborach,30,0.6333333333333333,0.22535211267605637
ariadna,R_8SprXchn4QZGT9B,zagłosował(a)bym na nią/niego w wyborach,30,0.6333333333333333,0.2533936651583711
ariadna,R_8WNEq4Hm0eja2SN,zagłosował(a)bym na nią/niego w wyborach,30,0.6333333333333333,0.2325581395348836
ariadna,R_8YLNPXAya7YfUwv,zagłosował(a)bym na nią/niego w wyborach,30,0.6333333333333333,0.2731277533039647
ariadna,R_8qEA05Njop5EXwn,zagłosował(a)bym na nią/niego w wyborach,30,0.6333333333333333,0.22535211267605637
ariadna,R_25MXqMsPYaezVdW,zagłosował(a)bym na nią/niego w wyborach,15,0.6,0.18181818181818185
ariadna,R_2AMUxfWlH5828EG,zagłosował(a)bym na nią/niego w wyborach,15,0.6,-0.022727272727273165
ariadna,R_2FPzl7KWKWfBnOD,zagłosował(a)bym na nią/niego w wyborach,15,0.6,0.2105263157894737
ariadna,R_2LjaJpTrc3Jttq8,zagłosował(a)bym na nią/niego w wyborach,15,0.6,0.3076923076923076
ariadna,R_2R2fncMWbgpysxi,zagłosował(a)bym na nią/niego w wyborach,15,0.6,0.18181818181818185
ariadna,R_2V4QglgMTXrTKb6,zagłosował(a)bym na nią/niego w wyborach,15,0.6,0.1666666666666666
ariadna,R_2jP6CrTY7a1DYx6,zagłosował(a)bym na nią/niego w wyborach,15,0.6,0.24999999999999994
ariadna,R_2kLM3hBgqBwn4ak,zagłosował(a)bym na nią/niego w wyborach,15,0.6,0.2105263157894737
ariadna,R_2qX18jH7SICzKq4,zagłosował(a)bym na nią/niego w wyborach,15,0.6,0.11764705882352942
ariadna,R_2ruHIXSt8emF7Gb,zagłosował(a)bym na nią/niego w wyborach,15,0.6,0.1666666666666666
ariadna,R_2sTOqlPF7QygHY2,zagłosował(a)bym na nią/niego w wyborach,15,0.6,0.19642857142857137
ariadna,R_2uCyawYLBzaXpoR,zagłosował(a)bym na nią/niego w wyborach,15,0.6,0.2105263157894737
ariadna,R_2vXVQq6wVANBvPj,zagłosował(a)bym na nią/niego w wyborach,15,0.6,0.11764705882352942
ariadna,R_2xKwgaJXKhZllqE,zagłosował(a)bym na nią/niego w wyborach,15,0.6,0.19642857142857137
ariadna,R_2y1RITt66YhKnXv,zagłosował(a)bym na nią/niego w wyborach,15,0.6,0.1666666666666666
ariadna,R_834tyFVgHXcMDjQ,zagłosował(a)bym na nią/niego w wyborach,15,0.6,0.2105263157894737
ariadna,R_84vmsZnZawMIajQ,zagłosował(a)bym na nią/niego w wyborach,15,0.6,0.1666666666666666
ariadna,R_8IzsZxw75crKlFn,zagłosował(a)bym na nią/niego w wyborach,30,0.6,0.18918918918918906
ariadna,R_8Uc6gwvbLk3Qhz4,zagłosował(a)bym na nią/niego w wyborach,15,0.6,0.24999999999999994
ariadna,R_8ZE68YJAPlMLxla,zagłosował(a)bym na nią/niego w wyborach,30,0.6,0.18181818181818185
ariadna,R_8c2h5u0VglTUM30,zagłosował(a)bym na nią/niego w wyborach,15,0.6,0.2241379310344827
ariadna,R_8fjTCXyXD3NT5XO,zagłosował(a)bym na nią/niego w wyborach,15,0.6,0.24999999999999994
ariadna,R_8pOPazTA4b17hfP,zagłosował(a)bym na nią/niego w wyborach,15,0.6,0.24999999999999994
ariadna,R_8rUSAMvxWJVadho,zagłosował(a)bym na nią/niego w wyborach,15,0.6,0.1666666666666666
ariadna,R_8wLxJSBvo2oC8AT,zagłosował(a)bym na nią/niego w wyborach,15,0.6,0.2105263157894737
ariadna,R_8e5jFvhVAFiHnDB,zagłosował(a)bym na nią/niego w wyborach,30,0.5666666666666667,0.10958904109589043
ariadna,R_8gkf2mcuqITru4H,zagłosował(a)bym na nią/niego w wyborach,30,0.5666666666666667,0.1333333333333333
ariadna,R_8kFgspI5e92LOb8,zagłosował(a)bym na nią/niego w wyborach,30,0.5666666666666667,0.10958904109589043
ariadna,R_24X0M64rFhDRyUh,zagłosował(a)bym na nią/niego w wyborach,15,0.5333333333333333,0.10256410256410257
ariadna,R_269ybJHzYODjVeN,zagłosował(a)bym na nią/niego w wyborach,15,0.5333333333333333,-0.06060606060606075
ariadna,R_27PEO0DDESmYLrW,zagłosował(a)bym na nią/niego w wyborach,15,0.5333333333333333,0.05405405405405396
ariadna,R_2Eb8Z9UAcKGLjRc,zagłosował(a)bym na nią/niego w wyborach,15,0.5333333333333333,0.05405405405405396
ariadna,R_2K2hoj5Qy58bN3b,zagłosował(a)bym na nią/niego w wyborach,30,0.5333333333333333,0.06666666666666665
ariadna,R_2OHQCjEESMvxjU8,zagłosował(a)bym na nią/niego w wyborach,15,0.5333333333333333,0.10256410256410257
ariadna,R_2QRF34XrxMTiv13,zagłosował(a)bym na nią/niego w wyborach,15,0.5333333333333333,0.0
ariadna,R_2V7ASFrGrfpR3Ed,zagłosował(a)bym na nią/niego w wyborach,15,0.5333333333333333,0.08695652173913035
ariadna,R_2X4gOahRLKRolMU,zagłosował(a)bym na nią/niego w wyborach,15,0.5333333333333333,0.03669724770642203
ariadna,R_2i24Tt1tYHZLp73,zagłosował(a)bym na nią/niego w wyborach,15,0.5333333333333333,0.05405405405405396
ariadna,R_2kvF05FTbgsDaaR,zagłosował(a)bym na nią/niego w wyborach,15,0.5333333333333333,0.05405405405405396
ariadna,R_2l0VTJKAWtjFGO5,zagłosował(a)bym na nią/niego w wyborach,15,0.5333333333333333,0.08695652173913035
ariadna,R_2pmP3OuQVTqTvBD,zagłosował(a)bym na nią/niego w wyborach,15,0.5333333333333333,0.0
ariadna,R_2wTCb5fnyqf5z0n,zagłosował(a)bym na nią/niego w wyborach,30,0.5333333333333333,0.06666666666666665
ariadna,R_2xWrJgMckUn7J8d,zagłosował(a)bym na nią/niego w wyborach,45,0.5333333333333333,0.06342913776015856
ariadna,R_85KnTZqRKEkmBxX,zagłosował(a)bym na nią/niego w wyborach,15,0.5333333333333333,0.07079646017699116
ariadna,R_89mMAw2S4Oc18Sk,zagłosował(a)bym na nią/niego w wyborach,15,0.5333333333333333,0.03669724770642203
ariadna,R_8E4NrWBGIYCX20Q,zagłosował(a)bym na nią/niego w wyborach,30,0.5333333333333333,0.07079646017699116
ariadna,R_8ISrYcfBApPJhC7,zagłosował(a)bym na nią/niego w wyborach,15,0.5333333333333333,0.08695652173913035
ariadna,R_8KVgtTINi6aWZiN,zagłosował(a)bym na nią/niego w wyborach,15,0.5333333333333333,0.07079646017699116
ariadna,R_8KtwVFRCwCDaRup,zagłosował(a)bym na nią/niego w wyborach,30,0.5333333333333333,0.06666666666666665
ariadna,R_8M6d2Fz5lo6lI0A,zagłosował(a)bym na nią/niego w wyborach,30,0.5333333333333333,0.08695652173913035
ariadna,R_8O6QePzIycvRFkS,zagłosował(a)bym na nią/niego w wyborach,30,0.5333333333333333,0.07079646017699116
ariadna,R_8Qhd6yFHU9QTlrH,zagłosował(a)bym na nią/niego w wyborach,30,0.5333333333333333,0.06666666666666665
ariadna,R_8XX08pxtxyN7Xyh,zagłosował(a)bym na nią/niego w wyborach,15,0.5333333333333333,0.07079646017699116
ariadna,R_8jB7asjQ2OyjGpj,zagłosował(a)bym na nią/niego w wyborach,30,0.5333333333333333,0.04545454545454552
ariadna,R_8mOUdylVSTbyL02,zagłosował(a)bym na nią/niego w wyborach,15,0.5333333333333333,0.05405405405405396
ariadna,R_8rZRp24uG3GI8iS,zagłosował(a)bym na nią/niego w wyborach,15,0.5333333333333333,0.05405405405405396
ariadna,R_8ylsNyIS4xdfS3U,zagłosował(a)bym na nią/niego w wyborach,30,0.5333333333333333,0.05405405405405396
ariadna,R_8zBhmHkvGuMJypz,zagłosował(a)bym na nią/niego w wyborach,15,0.5333333333333333,0.07079646017699116
ariadna,R_8rJ88YpTETKYiCn,zagłosował(a)bym na nią/niego w wyborach,45,0.5111111111111111,0.01785714285714275
ariadna,R_2SvQl09LFwTeqLS,zagłosował(a)bym na nią/niego w wyborach,30,0.5,0.0
ariadna,R_2jJl9dvzQXrbsI1,zagłosował(a)bym na nią/niego w wyborach,30,0.5,0.042553191489361764
ariadna,R_8JjmaOkHQXRWz5L,zagłosował(a)bym na nią/niego w wyborach,30,0.5,0.0
ariadna,R_8kps8OY6o5IEoXl,zagłosował(a)bym na nią/niego w wyborach,30,0.5,-0.018099547511312104
ariadna,R_27D6a6ggIL2i8Iu,zagłosował(a)bym na nią/niego w wyborach,30,0.4666666666666667,0.004149377593361023
ariadna,R_2LBUYOmUI8QDCwl,zagłosował(a)bym na nią/niego w wyborach,15,0.4666666666666667,-0.052631578947368314
ariadna,R_2Sjn4FKTH05fOff,zagłosował(a)bym na nią/niego w wyborach,15,0.4666666666666667,0.0
ariadna,R_2hACoS1eW7Lp0Dz,zagłosował(a)bym na nią/niego w wyborach,15,0.4666666666666667,0.0
ariadna,R_2zGV4atFCh2fyuZ,zagłosował(a)bym na nią/niego w wyborach,15,0.4666666666666667,-0.0909090909090908
ariadna,R_8EWrpBhFH0On9H6,zagłosował(a)bym na nią/niego w wyborach,15,0.4666666666666667,-0.07142857142857144
ariadna,R_8LzCskQXFmcLJuk,zagłosował(a)bym na nią/niego w wyborach,15,0.4666666666666667,-0.20000000000000004
ariadna,R_8MRSb05YJnVO96P,zagłosował(a)bym na nią/niego w wyborach,15,0.4666666666666667,-0.11111111111111113
ariadna,R_8kSsFyvMokEcSVL,zagłosował(a)bym na nią/niego w wyborach,15,0.4666666666666667,-0.0909090909090908
ariadna,R_8qvEAOFlXTyK99s,zagłosował(a)bym na nią/niego w wyborach,15,0.4666666666666667,-0.36363636363636337
ariadna,R_8suDbh28Bm0BOMx,zagłosował(a)bym na nią/niego w wyborach,15,0.4666666666666667,0.0
ariadna,R_8zyzO7rw8aW68tX,zagłosował(a)bym na nią/niego w wyborach,15,0.4666666666666667,-0.052631578947368314
ariadna,R_2aYaQiLWVLHpTaU,zagłosował(a)bym na nią/niego w wyborach,30,0.43333333333333335,-0.12334801762114528
ariadna,R_2ikg2VQ7zaPSCNR,zagłosował(a)bym na nią/niego w wyborach,30,0.43333333333333335,-0.10389610389610392
ariadna,R_8cdrsS2zzvgWA3f,zagłosował(a)bym na nią/niego w wyborach,30,0.43333333333333335,-0.18604651162790703
ariadna,R_23sRVpHGK3XXo0V,zagłosował(a)bym na nią/niego w wyborach,30,0.4,-0.15384615384615377
ariadna,R_2E6WAmw7Lqozlhw,zagłosował(a)bym na nią/niego w wyborach,15,0.4,-0.09756097560975613
ariadna,R_2V1qolmxiFqZ0Ad,zagłosował(a)bym na nią/niego w wyborach,15,0.4,-0.19469026548672558
ariadna,R_2erwV41EhxJCmdv,zagłosował(a)bym na nią/niego w wyborach,15,0.4,-0.23853211009174305
ariadna,R_2kzv6by5DC6skjo,zagłosował(a)bym na nią/niego w wyborach,15,0.4,-0.19469026548672558
ariadna,R_2wc2eUj0wYAOAjI,zagłosował(a)bym na nią/niego w wyborach,30,0.4,-0.15879828326180254
ariadna,R_83w3x69pbaJXvBD,zagłosował(a)bym na nią/niego w wyborach,15,0.4,-0.08000000000000002
ariadna,R_89BfoEdwSJA9ndT,zagłosował(a)bym na nią/niego w wyborach,15,0.4,-0.3636363636363634
ariadna,R_8AvCuS17edSngdz,zagłosował(a)bym na nią/niego w wyborach,15,0.4,-0.15384615384615377
ariadna,R_8DSHPbOSrpBtMxj,zagłosował(a)bym na nią/niego w wyborach,15,0.4,-0.21621621621621628
ariadna,R_8LpWZYOvXqrJcOA,zagłosował(a)bym na nią/niego w wyborach,15,0.4,-0.08000000000000002
ariadna,R_8VBG8PRj09cQNu9,zagłosował(a)bym na nią/niego w wyborach,15,0.4,-0.15384615384615377
ariadna,R_8TAHblm7aCJiKNt,zagłosował(a)bym na nią/niego w wyborach,30,0.36666666666666664,-0.32558139534883734
ariadna,R_22PnxIdsghkJxBX,zagłosował(a)bym na nią/niego w wyborach,15,0.3333333333333333,-0.31578947368421045
ariadna,R_2LwFU6D3KgF5jnv,zagłosował(a)bym na nią/niego w wyborach,15,0.3333333333333333,-0.33928571428571436
ariadna,R_2NCI3NxHH0e5O1B,zagłosował(a)bym na nią/niego w wyborach,30,0.3333333333333333,-0.3824884792626729
ariadna,R_81nQVBE4mTGAiSa,zagłosował(a)bym na nią/niego w wyborach,15,0.3333333333333333,-0.33928571428571436
ariadna,R_8iqY92O3nPpZIT4,zagłosował(a)bym na nią/niego w wyborach,15,0.3333333333333333,-0.33928571428571436
ariadna,R_8nGEcyjVF930NqX,zagłosował(a)bym na nią/niego w wyborach,15,0.3333333333333333,-0.388888888888889
ariadna,R_2lX5ApM7AurxNBG,zagłosował(a)bym na nią/niego w wyborach,30,0.3,-0.425339366515837
ariadna,R_8oXhHj6iubLvbuD,zagłosował(a)bym na nią/niego w wyborach,30,0.3,-0.188679245283019
ariadna,R_2Wx7O9gEyANgOyj,zagłosował(a)bym na nią/niego w wyborach,15,0.26666666666666666,-0.4601769911504424
ariadna,R_8iqvAGHHlMrWYSb,zagłosował(a)bym na nią/niego w wyborach,15,0.2,-0.5
ariadna,R_8jeE1EaV9w03VFn,zagłosował(a)bym na nią/niego w wyborach,15,0.2,-0.4285714285714287
ariadna,R_2m8K6Byt6kGXDGb,zagłosował(a)bym na nią/niego w wyborach,30,0.16666666666666666,-0.6519823788546255
ariadna,R_2Lj6lWJIO3W7xiu,zagłosował(a)bym na nią/niego w wyborach,15,0.13333333333333333,-0.756756756756757
ariadna,R_2QAI9b1jPkC6WhJ,zagłosował(a)bym na nią/niego w wyborach,15,0.13333333333333333,-0.44444444444444453
ariadna,R_87jz4mJUxvdx2i5,zagłosował(a)bym na nią/niego w wyborach,30,0.13333333333333333,-0.7030567685589518
ariadna,R_2Dv5eiyuRBzNSyR,zarozumiała,15,1.0,1.0
ariadna,R_8QFfbGCFxRVxivc,zarozumiała,15,1.0,1.0
ariadna,R_8X6XSeQQJIoxw9k,zarozumiała,15,1.0,1.0
ariadna,R_20MDP7ruDpHbyzF,zarozumiała,15,0.9333333333333333,0.8421052631578948
ariadna,R_23BXQ24onXAZeYD,zarozumiała,15,0.9333333333333333,0.8672566371681416
ariadna,R_2E1xatTiZz8Kde9,zarozumiała,15,0.9333333333333333,0.8571428571428572
ariadna,R_2nq7O9yTEcmtxK3,zarozumiała,15,0.9333333333333333,0.8571428571428572
ariadna,R_2oTz3aDU1XHddpD,zarozumiała,15,0.9333333333333333,0.8672566371681416
ariadna,R_2rjHLQBVSPMCXFY,zarozumiała,15,0.9333333333333333,0.8571428571428572
ariadna,R_81zsYozhNEDtruH,zarozumiała,15,0.9333333333333333,0.8672566371681416
ariadna,R_86hWFIUx8gOoPq2,zarozumiała,15,0.9333333333333333,0.8672566371681416
ariadna,R_8KpwwqfJlSz0Idc,zarozumiała,15,0.9333333333333333,0.8648648648648649
ariadna,R_8zHm0PhwcufQ2od,zarozumiała,15,0.9333333333333333,0.8571428571428572
ariadna,R_25Cf7mnMrsGBRgB,zarozumiała,15,0.8666666666666667,0.7058823529411765
ariadna,R_2CCw67D4KX5YFnr,zarozumiała,15,0.8666666666666667,0.7321428571428572
ariadna,R_2CHfcRkm2pQ2QFv,zarozumiała,15,0.8666666666666667,0.7000000000000001
ariadna,R_2Hn9HoTFI3YZ9Tz,zarozumiała,15,0.8666666666666667,0.6666666666666666
ariadna,R_2PsLaTtDD7l3HRW,zarozumiała,15,0.8666666666666667,0.736842105263158
ariadna,R_2Qose7hewFhktAa,zarozumiała,15,0.8666666666666667,0.6666666666666667
ariadna,R_2UntbLfwudsVXIB,zarozumiała,15,0.8666666666666667,0.736842105263158
ariadna,R_2Wevv9T0rlkrKlX,zarozumiała,15,0.8666666666666667,0.736842105263158
ariadna,R_2qvWZgN5vaW1DCF,zarozumiała,15,0.8666666666666667,0.7321428571428572
ariadna,R_80BfyBZiacNaI8N,zarozumiała,15,0.8666666666666667,0.7058823529411765
ariadna,R_80ofDbpCCwv6Ilt,zarozumiała,15,0.8666666666666667,0.7000000000000001
ariadna,R_80rczTJTjafQVJp,zarozumiała,15,0.8666666666666667,0.7321428571428572
ariadna,R_823FhCiNX8bISdx,zarozumiała,15,0.8666666666666667,0.7321428571428572
ariadna,R_87RY6AJ1PMmBvrj,zarozumiała,15,0.8666666666666667,0.7321428571428572
ariadna,R_8EIBLREMkkb369P,zarozumiała,15,0.8666666666666667,0.7000000000000001
ariadna,R_8FOiZUp2GKF0IyN,zarozumiała,15,0.8666666666666667,0.736842105263158
ariadna,R_8GJmVrXnmN5mpec,zarozumiała,15,0.8666666666666667,0.5945945945945945
ariadna,R_8H1RutBdwphgMPW,zarozumiała,15,0.8666666666666667,0.7321428571428572
ariadna,R_8MXPZwKuUWVULDz,zarozumiała,15,0.8666666666666667,0.7058823529411765
ariadna,R_8NxnqIeKl7hG4CJ,zarozumiała,15,0.8666666666666667,0.7058823529411765
ariadna,R_8iVYOJmCdNTb6sb,zarozumiała,15,0.8666666666666667,0.5945945945945947
ariadna,R_8j2N2C4aDpCLLfb,zarozumiała,15,0.8666666666666667,0.736842105263158
ariadna,R_8ojnPqTBKUGfM6y,zarozumiała,15,0.8666666666666667,0.7222222222222223
ariadna,R_8ptmOvsPG4iuVgq,zarozumiała,15,0.8666666666666667,0.7272727272727274
ariadna,R_8zCvD5RYN820gIt,zarozumiała,15,0.8666666666666667,0.6590909090909091
ariadna,R_24DfxPEnc3QxvAz,zarozumiała,15,0.8,0.6153846153846155
ariadna,R_25FNci8Q7TkS7Dk,zarozumiała,15,0.8,0.6017699115044248
ariadna,R_27UAVXoS8YWztp7,zarozumiała,15,0.8,0.6086956521739131
ariadna,R_28TWQkfZ6NcTW40,zarozumiała,15,0.8,0.6086956521739131
ariadna,R_29tVmvYL4XcTXix,zarozumiała,15,0.8,0.6017699115044248
ariadna,R_2EXNXWFXkp74VGF,zarozumiała,15,0.8,0.6017699115044248
ariadna,R_2LjaJpTrc3Jttq8,zarozumiała,15,0.8,0.6086956521739131
ariadna,R_2OCadZxJRyr6Kkv,zarozumiała,15,0.8,0.5945945945945946
ariadna,R_2RBA2Rg979vKdrP,zarozumiała,15,0.8,0.5945945945945946
ariadna,R_2SrcDdKBoGjO4HT,zarozumiała,15,0.8,0.5714285714285715
ariadna,R_2fpjSUJHaOEDG7L,zarozumiała,15,0.8,0.6017699115044248
ariadna,R_2sbH6qXQYiMeKLA,zarozumiała,15,0.8,0.5714285714285715
ariadna,R_2uRdPunVYugdyYF,zarozumiała,15,0.8,0.5714285714285715
ariadna,R_2uTCQCsxmaubebq,zarozumiała,15,0.8,0.5945945945945946
ariadna,R_81Sg3amwKcAw9e0,zarozumiała,15,0.8,0.5714285714285715
ariadna,R_89h1siRrM4IVJC9,zarozumiała,15,0.8,0.6017699115044248
ariadna,R_8Jm9AsrOs9sHT3b,zarozumiała,15,0.8,0.44444444444444453
ariadna,R_8LZ8WR32Lr3QIcn,zarozumiała,15,0.8,0.6086956521739131
ariadna,R_8Q6Cc6J0tLhizyo,zarozumiała,15,0.8,0.6017699115044248
ariadna,R_8SprXchn4QZGT9B,zarozumiała,15,0.8,0.6017699115044248
ariadna,R_8VYVIYXfWSAOllT,zarozumiała,15,0.8,0.6017699115044248
ariadna,R_8VdXQ0yQ5BgYJm8,zarozumiała,15,0.8,0.2857142857142859
ariadna,R_8ez8mi49216S3HB,zarozumiała,15,0.8,0.6086956521739131
ariadna,R_8kThrUREG6esjq5,zarozumiała,15,0.8,0.5945945945945946
ariadna,R_8pFs7VcVRRuij7g,zarozumiała,15,0.8,0.5871559633027524
ariadna,R_8rSBrxWj9PfjBpY,zarozumiała,15,0.8,0.6017699115044248
ariadna,R_8uS4BgarsJuJOXD,zarozumiała,15,0.8,0.6086956521739131
ariadna,R_8uxgO0V5l9TugPL,zarozumiała,15,0.8,0.5945945945945946
ariadna,R_29P7Blkn1kaIP5f,zarozumiała,15,0.7333333333333333,0.4545454545454545
ariadna,R_2EnVccUY7eqYqtm,zarozumiała,15,0.7333333333333333,0.4642857142857142
ariadna,R_2PhYtI6fedSSZ0D,zarozumiała,15,0.7333333333333333,0.41176470588235287
ariadna,R_2ikg2VQ7zaPSCNR,zarozumiała,15,0.7333333333333333,0.4999999999999999
ariadna,R_2nI58rr8inLbpr5,zarozumiała,15,0.7333333333333333,0.41176470588235287
ariadna,R_86wrRidcVwF6ffj,zarozumiała,15,0.7333333333333333,0.4736842105263157
ariadna,R_8771fLXevrRAHTW,zarozumiała,15,0.7333333333333333,0.41176470588235287
ariadna,R_8DYKZRpflEXoCLC,zarozumiała,15,0.7333333333333333,0.4736842105263157
ariadna,R_8It0hMspcGlC0Mz,zarozumiała,15,0.7333333333333333,0.4736842105263157
ariadna,R_8Q3oL4SqZ9hNHt3,zarozumiała,15,0.7333333333333333,0.4736842105263157
ariadna,R_8YyQpgHMP02xim1,zarozumiała,15,0.7333333333333333,0.4444444444444443
ariadna,R_8irdO1eEpfzrvqh,zarozumiała,15,0.7333333333333333,0.4736842105263157
ariadna,R_8kFgspI5e92LOb8,zarozumiała,15,0.7333333333333333,0.4545454545454545
ariadna,R_8llDwiQ3tztdq3E,zarozumiała,15,0.7333333333333333,0.4736842105263157
ariadna,R_8oh7dZeLr4iTht3,zarozumiała,15,0.7333333333333333,0.4545454545454545
ariadna,R_8q6xoxTsUB5QJwd,zarozumiała,15,0.7333333333333333,0.4736842105263157
ariadna,R_8r38t7o2xpGXkff,zarozumiała,15,0.7333333333333333,0.41176470588235287
ariadna,R_21Ac0oOLwaIB6mN,zarozumiała,15,0.6666666666666666,0.3243243243243242
ariadna,R_2D0kRu03DxRb6wH,zarozumiała,15,0.6666666666666666,0.3243243243243242
ariadna,R_2D8fUKQncCb5PPw,zarozumiała,15,0.6666666666666666,0.3119266055045871
ariadna,R_2DGVzDbIHoAb87J,zarozumiała,15,0.6666666666666666,0.28571428571428564
ariadna,R_2F3TDdj93HANidc,zarozumiała,15,0.6666666666666666,0.3589743589743589
ariadna,R_2FxmpRnuFGwflho,zarozumiała,15,0.6666666666666666,0.28571428571428564
ariadna,R_2GczN9xvrjCjfZT,zarozumiała,15,0.6666666666666666,0.3478260869565216
ariadna,R_2H14IfLum0BlngO,zarozumiała,15,0.6666666666666666,0.3243243243243242
ariadna,R_2O8Gp6I6IArIh0M,zarozumiała,15,0.6666666666666666,0.3589743589743589
ariadna,R_2V1qolmxiFqZ0Ad,zarozumiała,15,0.6666666666666666,0.3243243243243242
ariadna,R_2YwoxMFswcmeBY5,zarozumiała,15,0.6666666666666666,0.3478260869565216
ariadna,R_2fJociv6MPVVco5,zarozumiała,15,0.6666666666666666,0.3243243243243242
ariadna,R_81iUKhpwRlKw3Pb,zarozumiała,15,0.6666666666666666,0.28571428571428564
ariadna,R_81nQVBE4mTGAiSa,zarozumiała,15,0.6666666666666666,0.29906542056074753
ariadna,R_8ANnMa5W9VQzPA4,zarozumiała,15,0.6666666666666666,0.3243243243243242
ariadna,R_8EuTor8BefeZAUs,zarozumiała,15,0.6666666666666666,0.3119266055045871
ariadna,R_8F4JgQzwtHQ6K07,zarozumiała,15,0.6666666666666666,0.28571428571428564
ariadna,R_8KqbBavY8AWla13,zarozumiała,15,0.6666666666666666,0.3478260869565216
ariadna,R_8L4rga37MZmYn7z,zarozumiała,15,0.6666666666666666,0.24242424242424243
ariadna,R_8MlJAvR3Y2lb66S,zarozumiała,15,0.6666666666666666,0.3243243243243242
ariadna,R_8Pvcpy9SRrt1O59,zarozumiała,15,0.6666666666666666,0.24242424242424243
ariadna,R_8R3bcRxfOhyMNb3,zarozumiała,15,0.6666666666666666,0.3243243243243242
ariadna,R_8TDK60OeA2Z9aFP,zarozumiała,15,0.6666666666666666,0.3119266055045871
ariadna,R_8dRZwcdFSQo8enB,zarozumiała,15,0.6666666666666666,0.3478260869565216
ariadna,R_8dthz0jCpCa1mCI,zarozumiała,15,0.6666666666666666,0.24242424242424243
ariadna,R_8ePnXarK2MCSfxD,zarozumiała,15,0.6666666666666666,0.33628318584070793
ariadna,R_8fCqxTFS4edFdfO,zarozumiała,15,0.6666666666666666,0.33628318584070793
ariadna,R_8fjTCXyXD3NT5XO,zarozumiała,15,0.6666666666666666,0.3243243243243242
ariadna,R_8kSsFyvMokEcSVL,zarozumiała,15,0.6666666666666666,0.3902439024390243
ariadna,R_8oFgkHJQZrBqP1D,zarozumiała,15,0.6666666666666666,0.3243243243243242
ariadna,R_8oXhHj6iubLvbuD,zarozumiała,15,0.6666666666666666,0.3243243243243242
ariadna,R_8riGEUf426Wemx6,zarozumiała,15,0.6666666666666666,0.33628318584070793
ariadna,R_8tLQ0nAS0YOdUDt,zarozumiała,15,0.6666666666666666,0.3243243243243242
ariadna,R_21cC7G3yleurDwd,zarozumiała,15,0.6,0.2241379310344827
ariadna,R_2V7ASFrGrfpR3Ed,zarozumiała,15,0.6,0.18181818181818185
ariadna,R_2YyLVXyD1z1wcN8,zarozumiała,15,0.6,0.2105263157894737
ariadna,R_2i24Tt1tYHZLp73,zarozumiała,15,0.6,0.18181818181818185
ariadna,R_2ssLy2x91RR6u3J,zarozumiała,15,0.6,0.1666666666666666
ariadna,R_2xWrJgMckUn7J8d,zarozumiała,15,0.6,0.18181818181818185
ariadna,R_83Vu03bAK5l91us,zarozumiała,15,0.6,0.2105263157894737
ariadna,R_8eWJyqD7Eqgpu2y,zarozumiała,15,0.6,0.1666666666666666
ariadna,R_8ebyEeOS1CXpjEy,zarozumiała,15,0.6,0.2241379310344827
ariadna,R_8i3R1eNCX8f2jQa,zarozumiała,15,0.6,0.24999999999999994
ariadna,R_8qeyNCm56Ax1Umc,zarozumiała,15,0.6,0.19642857142857137
ariadna,R_8sEgrl4bwOxOieB,zarozumiała,15,0.6,0.2105263157894737
ariadna,R_2ZEvrqyjmJtaV3g,zarozumiała,15,0.5333333333333333,0.07079646017699116
ariadna,R_2ckhP1DzEer43W5,zarozumiała,15,0.5333333333333333,0.08695652173913035
ariadna,R_2dRc5tpSPd6UcIU,zarozumiała,15,0.5333333333333333,0.0
ariadna,R_2ePbpFpH0NZeKUH,zarozumiała,15,0.5333333333333333,0.03669724770642203
ariadna,R_2gj9MGtWhvZzXmd,zarozumiała,15,0.5333333333333333,0.07079646017699116
ariadna,R_2kOkLUv7RofClCz,zarozumiała,15,0.5333333333333333,0.08695652173913035
ariadna,R_2m8K6Byt6kGXDGb,zarozumiała,15,0.5333333333333333,0.07079646017699116
ariadna,R_2xShV9iChqTErG0,zarozumiała,15,0.5333333333333333,0.05405405405405396
ariadna,R_81G7PjzN5YwoGoP,zarozumiała,15,0.5333333333333333,0.08695652173913035
ariadna,R_8D78pYUz6Npm1ze,zarozumiała,15,0.5333333333333333,0.03669724770642203
ariadna,R_8GfEQn9EsrAKojR,zarozumiała,15,0.5333333333333333,0.08695652173913035
ariadna,R_8LpWZYOvXqrJcOA,zarozumiała,15,0.5333333333333333,0.07079646017699116
ariadna,R_8XX08pxtxyN7Xyh,zarozumiała,15,0.5333333333333333,0.05405405405405396
ariadna,R_8c7TugTGeIWRIPW,zarozumiała,15,0.5333333333333333,0.0
ariadna,R_8zBhmHkvGuMJypz,zarozumiała,15,0.5333333333333333,0.05405405405405396
ariadna,R_21Fy8NcMiqUuPO0,zarozumiała,15,0.4666666666666667,-0.07142857142857144
ariadna,R_2Eb4DpTmONcaSzq,zarozumiała,15,0.4666666666666667,-0.0909090909090908
ariadna,R_2hyZAb6QRHTcB2i,zarozumiała,15,0.4666666666666667,-0.052631578947368314
ariadna,R_83w3x69pbaJXvBD,zarozumiała,15,0.4666666666666667,-0.052631578947368314
ariadna,R_89mMAw2S4Oc18Sk,zarozumiała,15,0.4666666666666667,-0.11111111111111113
ariadna,R_8FIFhbShJ93dwWL,zarozumiała,15,0.4666666666666667,-0.052631578947368314
ariadna,R_8Ke7ZlprfboeHiX,zarozumiała,15,0.4666666666666667,-0.20000000000000004
ariadna,R_8O1WDRUTrcKv8z2,zarozumiała,15,0.4666666666666667,-0.03448275862068966
ariadna,R_8O6QePzIycvRFkS,zarozumiała,15,0.4666666666666667,-0.07142857142857144
ariadna,R_8fveuXSsOxEktJC,zarozumiała,15,0.4666666666666667,-0.0909090909090908
ariadna,R_8hisNvPOlAR8C7h,zarozumiała,15,0.4666666666666667,0.0
ariadna,R_8rCYhoNDEYBu8CZ,zarozumiała,15,0.4666666666666667,0.07692307692307684
ariadna,R_8wLlFl976grgOME,zarozumiała,15,0.4666666666666667,-0.052631578947368314
ariadna,R_2phUyW8bfmqUby8,zarozumiała,15,0.4,-0.09756097560975613
ariadna,R_2qP8nAbh45fb9iP,zarozumiała,15,0.4,-0.15384615384615377
ariadna,R_2rPVx263hAfpqZW,zarozumiała,15,0.4,-0.17391304347826092
ariadna,R_8LzCskQXFmcLJuk,zarozumiała,15,0.4,-0.23853211009174305
ariadna,R_8cfUSSeagGLfY9X,zarozumiała,15,0.4,-0.28571428571428564
ariadna,R_22PnxIdsghkJxBX,zarozumiała,15,0.3333333333333333,-0.29310344827586216
ariadna,R_2ipikmXINNSovKN,zarozumiała,15,0.3333333333333333,-0.153846153846154
ariadna,R_81dvQu40yiK770v,zarozumiała,15,0.3333333333333333,-0.33928571428571436
ariadna,R_8IzsZxw75crKlFn,zarozumiała,15,0.3333333333333333,-0.33928571428571436
ariadna,R_8dE8yOVcIxTLAro,zarozumiała,15,0.3333333333333333,-0.33928571428571436
ariadna,R_8fdOWU5K1xkGS9t,zarozumiała,15,0.3333333333333333,-0.33928571428571436
ariadna,R_8iqY92O3nPpZIT4,zarozumiała,15,0.3333333333333333,-0.153846153846154
ariadna,R_2nsZ5hEjqmMiXwR,zarozumiała,15,0.26666666666666666,-0.4864864864864866
ariadna,R_845XGBZ4NnTcDLg,zarozumiała,15,0.26666666666666666,-0.41025641025641024
ariadna,R_8PctlEihl9W8O2F,zarozumiała,15,0.26666666666666666,-0.3414634146341464
ariadna,R_8mOUdylVSTbyL02,zarozumiała,15,0.26666666666666666,-0.07843137254901963
ariadna,R_2S9sx8YmnesqWjk,zarozumiała,15,0.13333333333333333,-0.7256637168141593
ariadna,R_8rp6FhZtOwD55Fr,zarozumiała,15,0.13333333333333333,-0.42335766423357685
ariadna,R_2LwFU6D3KgF5jnv,zarozumiała,15,0.0,-0.8
sona,R_2DjbswksOLb8bZg,atrakcyjna,15,1.0,1.0
sona,R_2YaLgr8cVfa2tJH,atrakcyjna,15,1.0,1.0
sona,R_2sdafmNK2rw0mjW,atrakcyjna,15,1.0,1.0
sona,R_2tGaeB0Rw0AKgzp,atrakcyjna,15,1.0,1.0
sona,R_80irPMbQXGJidmt,atrakcyjna,15,1.0,1.0
sona,R_81dN0ZyH1lCniSV,atrakcyjna,15,1.0,1.0
sona,R_81ikc1ZMamjYnay,atrakcyjna,15,1.0,1.0
sona,R_8HpDlFaj5KpJHWh,atrakcyjna,15,1.0,1.0
sona,R_8J2j3hDUhyvMqog,atrakcyjna,15,1.0,1.0
sona,R_8kH3CHx9GAYW4bq,atrakcyjna,15,1.0,1.0
sona,R_8mPZ0BrRbr3SX9n,atrakcyjna,15,1.0,1.0
sona,R_8pYBAIZDPfWjeKS,atrakcyjna,15,1.0,1.0
sona,R_25L9ZbMIx5XOiHs,atrakcyjna,15,0.9333333333333333,0.8571428571428572
sona,R_292A4DkffLAMsRH,atrakcyjna,15,0.9333333333333333,0.8648648648648649
sona,R_2GZsHTpvGAagtDb,atrakcyjna,15,0.9333333333333333,0.8648648648648649
sona,R_2HRuqdiepTq4aat,atrakcyjna,15,0.9333333333333333,0.8421052631578948
sona,R_2KNGvEcyRCoh4fq,atrakcyjna,15,0.9333333333333333,0.8672566371681416
sona,R_2SeEZMFuKIshGMh,atrakcyjna,15,0.9333333333333333,0.8421052631578948
sona,R_2YPqIyI1gtpJYHL,atrakcyjna,15,0.9333333333333333,0.8571428571428572
sona,R_8N2XpXRYHo9wgVP,atrakcyjna,15,0.9333333333333333,0.8672566371681416
sona,R_8PZOcw2f7p1o1Z2,atrakcyjna,15,0.9333333333333333,0.8571428571428572
sona,R_8akmneFUUjSHBaN,atrakcyjna,15,0.9333333333333333,0.8672566371681416
sona,R_8bwpDM6rgvTJtTz,atrakcyjna,15,0.9333333333333333,0.8648648648648649
sona,R_8wEwP2WcgoAv6B7,atrakcyjna,15,0.9333333333333333,0.8672566371681416
sona,R_21jjZL9PXJhBJiw,atrakcyjna,15,0.8666666666666667,0.736842105263158
sona,R_2etmJyV8IpjTarO,atrakcyjna,15,0.8666666666666667,0.6590909090909093
sona,R_2rSOwMvrDKxgjeF,atrakcyjna,15,0.8666666666666667,0.736842105263158
sona,R_820hF2hOxnzoe6z,atrakcyjna,15,0.8666666666666667,0.7321428571428572
sona,R_822DTwmZQwoDR4b,atrakcyjna,15,0.8666666666666667,0.7272727272727274
sona,R_8QMJsjH7gaLMCfw,atrakcyjna,15,0.8666666666666667,0.7321428571428572
sona,R_2c5ARRhNbCEWnIg,atrakcyjna,15,0.8,0.5714285714285715
sona,R_2n72VWpZhtF74Yz,atrakcyjna,15,0.8,0.5945945945945946
sona,R_2QDPekJENo8qBy8,atrakcyjna,15,0.7333333333333333,0.33333333333333304
sona,R_2mBRf1FbUj0rbxv,atrakcyjna,15,0.7333333333333333,0.4642857142857142
sona,R_8ebtGY0ZMGLunZI,atrakcyjna,15,0.7333333333333333,0.39999999999999986
sona,R_8f0BsSrDaruloE9,atrakcyjna,15,0.7333333333333333,0.4642857142857142
sona,R_20uWJ6ZOQKqKfg5,atrakcyjna,15,0.6666666666666666,0.3243243243243242
sona,R_2Ix8oeFhSVxwIVz,atrakcyjna,15,0.6666666666666666,0.28571428571428564
sona,R_82Md305s36JCDOS,atrakcyjna,15,0.6666666666666666,0.33628318584070793
sona,R_83EiaRsq3sC4uL3,atrakcyjna,15,0.6666666666666666,0.28571428571428564
sona,R_2S7UpXqKsWpMPDt,atrakcyjna,15,0.5333333333333333,0.05405405405405396
sona,R_8PRXnZvtGp1EaXh,atrakcyjna,15,0.5333333333333333,0.10256410256410257
sona,R_80SWwn3ff520zDa,atrakcyjna,15,0.4,-0.17391304347826092
sona,R_8zXYmUgGIVtXaBc,atrakcyjna,15,0.4,-0.23853211009174305
sona,R_2EpL0foAA4SCGtP,azjatycka,15,1.0,1.0
sona,R_2kbtDarfipHWn61,azjatycka,15,1.0,1.0
sona,R_2kyIzIlgyrnP5PH,azjatycka,15,1.0,1.0
sona,R_2mesX3VUtmPecpx,azjatycka,15,1.0,1.0
sona,R_2papSbrDzPlC3RE,azjatycka,15,1.0,1.0
sona,R_2w7DgaIfruupzTr,azjatycka,15,1.0,1.0
sona,R_2xdf3IJbox6YZIl,azjatycka,15,1.0,1.0
sona,R_80irPMbQXGJidmt,azjatycka,15,1.0,1.0
sona,R_8ECFDYR9v7l96RX,azjatycka,15,1.0,1.0
sona,R_8XfEQfIjUQUVrPj,azjatycka,15,1.0,1.0
sona,R_8Ztk6XNL1c9hQyZ,azjatycka,15,1.0,1.0
sona,R_8l3LNO6DqJ49Ysb,azjatycka,15,1.0,1.0
sona,R_8nwNhlXKUCeReIC,azjatycka,15,1.0,1.0
sona,R_8qxJkD6tscXj0Jt,azjatycka,15,1.0,1.0
sona,R_2Pg7VIYdnuOtQ4h,azjatycka,15,0.9333333333333333,0.8648648648648649
sona,R_2dz01s8RyTLWEff,azjatycka,15,0.9333333333333333,0.8571428571428572
sona,R_8OIUoEHQVpeJarY,azjatycka,15,0.9333333333333333,0.8648648648648649
sona,R_8VX9QDw2kl7FF5L,azjatycka,15,0.9333333333333333,0.8672566371681416
sona,R_8Z17QUmts1Ye7El,azjatycka,15,0.9333333333333333,0.8648648648648649
sona,R_8ewwHNj6iCIU0vY,azjatycka,15,0.9333333333333333,0.8421052631578948
sona,R_8halVuPP7U9dGAW,azjatycka,15,0.9333333333333333,0.8648648648648649
sona,R_8wwZfmpJh6gboHv,azjatycka,15,0.9333333333333333,0.8648648648648649
sona,R_27x05xqmcOR3seK,azjatycka,15,0.8666666666666667,0.7272727272727274
sona,R_2eKtTEpmKnrx7Xa,azjatycka,15,0.8666666666666667,0.7000000000000001
sona,R_2rBB242xU1IKXVD,azjatycka,15,0.8666666666666667,0.7222222222222223
sona,R_87U50GMKvwBI0Rb,azjatycka,15,0.8666666666666667,0.5833333333333333
sona,R_8WO28Tx2xvUGX56,azjatycka,15,0.8666666666666667,0.7321428571428572
sona,R_8kH3CHx9GAYW4bq,azjatycka,15,0.8666666666666667,0.7272727272727274
sona,R_8mRguUkUm5DCNF7,azjatycka,15,0.8666666666666667,0.7222222222222223
sona,R_8yPXPdT417alx73,azjatycka,15,0.8666666666666667,0.7321428571428572
sona,R_2qtDPjJegydxweB,azjatycka,15,0.8,0.5945945945945946
sona,R_2wMoyUloPtz16k4,azjatycka,15,0.8,0.5945945945945946
sona,R_83wH2oC4E2yZkNK,azjatycka,15,0.8,0.5263157894736844
sona,R_8pEwGHwxiG6oci5,azjatycka,15,0.8,0.5714285714285715
sona,R_21ZJr3HeQ3LDpwP,azjatycka,15,0.7333333333333333,0.4444444444444443
sona,R_2JmzDvo2jcmDU9V,azjatycka,15,0.7333333333333333,0.4545454545454545
sona,R_8C8AmE30zrluKnp,azjatycka,15,0.7333333333333333,0.4444444444444443
sona,R_8PRXnZvtGp1EaXh,azjatycka,15,0.7333333333333333,0.4545454545454545
sona,R_21jjZL9PXJhBJiw,azjatycka,15,0.6666666666666666,0.33628318584070793
sona,R_24k0lsNV5uLKukx,azjatycka,15,0.6666666666666666,0.3243243243243242
sona,R_2kbwrk21hRrNzY1,azjatycka,15,0.6666666666666666,0.24242424242424224
sona,R_2pSG6CEeiiG7oTQ,azjatycka,15,0.6666666666666666,0.33628318584070793
sona,R_84ttpQ6yWFuQ0wN,azjatycka,15,0.6666666666666666,0.3243243243243242
sona,R_8zDg8XY5mKylTtS,azjatycka,15,0.6666666666666666,0.33628318584070793
sona,R_2a9QXkqRhvnsWWh,azjatycka,15,0.6,0.1666666666666666
sona,R_2jk1q2NvHiyK5YO,azjatycka,15,0.5333333333333333,0.07079646017699116
sona,R_80SWwn3ff520zDa,azjatycka,15,0.5333333333333333,-0.06060606060606048
sona,R_8ebtGY0ZMGLunZI,azjatycka,15,0.4666666666666667,-0.052631578947368314
sona,R_8rT5rXSzN0dZmzJ,azjatycka,15,0.4666666666666667,-0.03448275862068966
sona,R_8x0bXJliFrXHQDn,azjatycka,15,0.4666666666666667,-0.052631578947368314
sona,R_8siJXvBRm3MsUF3,azjatycka,15,0.3333333333333333,-0.31578947368421045
sona,R_8thd5zDFjORPUuu,azjatycka,15,0.2,-0.5789473684210524
sona,R_2LiLxVDUUx1BDxL,biała (kolor skóry),15,1.0,1.0
sona,R_2jqW8a2q3fPiWG2,biała (kolor skóry),15,1.0,1.0
sona,R_2lJ5kP0DdIuQM5r,biała (kolor skóry),15,1.0,1.0
sona,R_2uIJsCCpIu6Azmy,biała (kolor skóry),15,1.0,1.0
sona,R_8TObtt8XDpjE9lY,biała (kolor skóry),15,1.0,1.0
sona,R_8ewwHNj6iCIU0vY,biała (kolor skóry),15,1.0,1.0
sona,R_8halVuPP7U9dGAW,biała (kolor skóry),15,1.0,1.0
sona,R_8kEclkm2xqNcZEZ,biała (kolor skóry),15,1.0,1.0
sona,R_8qWHNyEYjX3MyoT,biała (kolor skóry),15,1.0,1.0
sona,R_8wzwCv6o850dj4x,biała (kolor skóry),15,1.0,1.0
sona,R_8x9uBktrOYYP8s1,biała (kolor skóry),15,1.0,1.0
sona,R_2pSG6CEeiiG7oTQ,biała (kolor skóry),15,0.9333333333333333,0.8571428571428572
sona,R_822DTwmZQwoDR4b,biała (kolor skóry),15,0.9333333333333333,0.8421052631578948
sona,R_83wH2oC4E2yZkNK,biała (kolor skóry),15,0.9333333333333333,0.8421052631578948
sona,R_8CKgKR9Dmx8H0AW,biała (kolor skóry),15,0.9333333333333333,0.8672566371681416
sona,R_8Z17QUmts1Ye7El,biała (kolor skóry),15,0.9333333333333333,0.8421052631578948
sona,R_8bwpDM6rgvTJtTz,biała (kolor skóry),15,0.9333333333333333,0.8571428571428572
sona,R_2J2iX9Jxo6msXLG,biała (kolor skóry),15,0.8666666666666667,0.736842105263158
sona,R_2YaLgr8cVfa2tJH,biała (kolor skóry),15,0.8666666666666667,0.736842105263158
sona,R_2arRGLWci5s7i9Q,biała (kolor skóry),15,0.8666666666666667,0.7058823529411765
sona,R_2eiqW3R9Qq0vkVH,biała (kolor skóry),15,0.8666666666666667,0.7222222222222223
sona,R_2mesX3VUtmPecpx,biała (kolor skóry),15,0.8666666666666667,0.7321428571428572
sona,R_2mlS6SvrF7V5mRo,biała (kolor skóry),15,0.8666666666666667,0.736842105263158
sona,R_2pWyiGTtOFmM3GH,biała (kolor skóry),15,0.8666666666666667,0.7000000000000001
sona,R_8MTOfMyHFffFC1P,biała (kolor skóry),15,0.8666666666666667,0.7321428571428572
sona,R_8VNr21A1RJGWldD,biała (kolor skóry),15,0.8666666666666667,0.7058823529411765
sona,R_8ijTHtSP7JUBEFb,biała (kolor skóry),15,0.8666666666666667,0.7272727272727274
sona,R_22mpf5qMRO2SfRS,biała (kolor skóry),15,0.8,0.5871559633027524
sona,R_2D6Ue4v0nQ9FAYE,biała (kolor skóry),15,0.8,0.6017699115044248
sona,R_2JmzDvo2jcmDU9V,biała (kolor skóry),15,0.8,0.5945945945945946
sona,R_2QDPekJENo8qBy8,biała (kolor skóry),15,0.8,0.6017699115044248
sona,R_2wMoyUloPtz16k4,biała (kolor skóry),15,0.8,0.5945945945945946
sona,R_81dN0ZyH1lCniSV,biała (kolor skóry),15,0.8,0.5945945945945946
sona,R_8P4UBE1iFvgdNej,biała (kolor skóry),15,0.8,0.5945945945945946
sona,R_8rP6JJOnzrzdhL6,biała (kolor skóry),15,0.8,0.6086956521739131
sona,R_2qPSKNjrbzVIMHH,biała (kolor skóry),15,0.7333333333333333,0.4642857142857142
sona,R_8Br1hjpdm3wBYIz,biała (kolor skóry),15,0.7333333333333333,0.4545454545454545
sona,R_8KBl4N9LEupuQmd,biała (kolor skóry),15,0.7333333333333333,0.4444444444444443
sona,R_8yGuRLyhrfrdkU9,biała (kolor skóry),15,0.7333333333333333,0.41176470588235287
sona,R_24k0lsNV5uLKukx,biała (kolor skóry),15,0.6666666666666666,0.3243243243243242
sona,R_2ZrMRpejZlVgW65,biała (kolor skóry),15,0.6666666666666666,0.33628318584070793
sona,R_2fTZXKVl8zncSat,biała (kolor skóry),15,0.6666666666666666,0.3243243243243242
sona,R_2qtDPjJegydxweB,biała (kolor skóry),15,0.6666666666666666,0.33628318584070793
sona,R_8DfMbiNs80WAMX7,biała (kolor skóry),15,0.6666666666666666,0.3478260869565216
sona,R_8MQgNdkCSJyZybr,biała (kolor skóry),15,0.6666666666666666,-0.1904761904761905
sona,R_2F5qWgmk7bZ7zI7,biała (kolor skóry),15,0.4666666666666667,-0.17647058823529402
sona,R_8rT5rXSzN0dZmzJ,biała (kolor skóry),15,0.4666666666666667,-0.07142857142857144
sona,R_2lYQMy40XvMlLaK,biała (kolor skóry),15,0.4,-0.28571428571428564
sona,R_8BeEysXo7okLDqx,biała (kolor skóry),15,0.26666666666666666,-0.4601769911504424
sona,R_217mEwshu1DoGcs,czarnoskóra,15,1.0,1.0
sona,R_84ttpQ6yWFuQ0wN,czarnoskóra,15,1.0,1.0
sona,R_88HfvEakIR2tJPq,czarnoskóra,15,1.0,1.0
sona,R_8J2j3hDUhyvMqog,czarnoskóra,15,1.0,1.0
sona,R_2ERpvbmNDuFaAzn,czarnoskóra,15,0.9333333333333333,0.8421052631578948
sona,R_2llqgUIrMxS3fYP,czarnoskóra,15,0.9333333333333333,0.8421052631578948
sona,R_2n72VWpZhtF74Yz,czarnoskóra,15,0.9333333333333333,0.8421052631578948
sona,R_8I1N0EoYUnL2Agx,czarnoskóra,15,0.9333333333333333,0.8571428571428572
sona,R_8KGtC5fMSiY7EIY,czarnoskóra,15,0.9333333333333333,0.8648648648648649
sona,R_8N2XpXRYHo9wgVP,czarnoskóra,15,0.9333333333333333,0.8648648648648649
sona,R_8VX9QDw2kl7FF5L,czarnoskóra,15,0.9333333333333333,0.8571428571428572
sona,R_8YaZJauHTpJONSc,czarnoskóra,15,0.9333333333333333,0.8571428571428572
sona,R_8fZZpX8xhFeOoOB,czarnoskóra,15,0.9333333333333333,0.8648648648648649
sona,R_8oKZ2b1RsAn6Dbb,czarnoskóra,15,0.9333333333333333,0.8648648648648649
sona,R_27x05xqmcOR3seK,czarnoskóra,15,0.8666666666666667,0.7058823529411765
sona,R_29agfJe1C4E8JHj,czarnoskóra,15,0.8666666666666667,0.7272727272727274
sona,R_2MKYEZm0605CsUf,czarnoskóra,15,0.8666666666666667,0.7321428571428572
sona,R_2VGYCleRnioFIUp,czarnoskóra,15,0.8666666666666667,0.736842105263158
sona,R_2YaLgr8cVfa2tJH,czarnoskóra,15,0.8666666666666667,0.7000000000000001
sona,R_2eKtTEpmKnrx7Xa,czarnoskóra,15,0.8666666666666667,0.7321428571428572
sona,R_814j24CnwNOgJMZ,czarnoskóra,15,0.8666666666666667,0.7321428571428572
sona,R_8Br1hjpdm3wBYIz,czarnoskóra,15,0.8666666666666667,0.736842105263158
sona,R_8M2KWoSC3AfTa3T,czarnoskóra,15,0.8666666666666667,0.7000000000000001
sona,R_8ngOImNR3GkBfOx,czarnoskóra,15,0.8666666666666667,0.7222222222222223
sona,R_8z6Yum5AlPCFZ4u,czarnoskóra,15,0.8666666666666667,0.7321428571428572
sona,R_2xyNffEebbPWcHT,czarnoskóra,15,0.8,0.5945945945945946
sona,R_820hF2hOxnzoe6z,czarnoskóra,15,0.8,0.5945945945945946
sona,R_87U50GMKvwBI0Rb,czarnoskóra,15,0.8,0.5714285714285715
sona,R_8Jyr5B6qgYIje2W,czarnoskóra,15,0.8,0.6017699115044248
sona,R_8P4UBE1iFvgdNej,czarnoskóra,15,0.8,0.6086956521739131
sona,R_8ewOII4xGm9bHpX,czarnoskóra,15,0.8,0.5945945945945946
sona,R_21gBsGDkegba4Nz,czarnoskóra,15,0.7333333333333333,0.39999999999999986
sona,R_2FEeIHBeIdEPRhH,czarnoskóra,15,0.7333333333333333,0.4736842105263157
sona,R_8wLErHAv9qykBWf,czarnoskóra,15,0.7333333333333333,0.4736842105263157
sona,R_8HwZIUGE6skavWp,czarnoskóra,15,0.6666666666666666,0.3243243243243242
sona,R_8thd5zDFjORPUuu,czarnoskóra,15,0.6666666666666666,0.24242424242424224
sona,R_2qtDPjJegydxweB,czarnoskóra,15,0.6,0.0999999999999999
sona,R_8LnkreZkmJJ6AkG,czarnoskóra,15,0.6,0.11764705882352942
sona,R_8qWHNyEYjX3MyoT,czarnoskóra,15,0.6,0.1666666666666666
sona,R_8rT5rXSzN0dZmzJ,czarnoskóra,15,0.6,0.19642857142857137
sona,R_8B8UY0sNTNHd7wN,czarnoskóra,15,0.5333333333333333,0.07079646017699116
sona,R_8h42ePUr5SfHQpr,czarnoskóra,15,0.5333333333333333,0.05405405405405396
sona,R_8jOME4qZnEBZtGJ,czarnoskóra,15,0.5333333333333333,0.18604651162790695
sona,R_2EpL0foAA4SCGtP,czarnoskóra,15,0.4666666666666667,-0.0909090909090908
sona,R_2a9QXkqRhvnsWWh,czarnoskóra,15,0.4666666666666667,-0.016949152542372777
sona,R_2D6Ue4v0nQ9FAYE,czarnoskóra,15,0.4,-0.21621621621621628
sona,R_8KBl4N9LEupuQmd,czarnoskóra,15,0.4,-0.4210526315789471
sona,R_8oRASnZkneeZhum,czarnoskóra,15,0.4,-0.09756097560975613
sona,R_831EdNmqogtawkO,czarnoskóra,15,0.26666666666666666,-0.22222222222222227
sona,R_24f7ZHQwT2kAHxH,dominująca,15,1.0,1.0
sona,R_2Rkr5lm9pV8Niff,dominująca,15,1.0,1.0
sona,R_8FLNRl8BkMLdDpT,dominująca,15,1.0,1.0
sona,R_8ewwHNj6iCIU0vY,dominująca,15,1.0,1.0
sona,R_2sdafmNK2rw0mjW,dominująca,15,0.9333333333333333,0.8421052631578948
sona,R_82VLzjp18BOoJNE,dominująca,15,0.9333333333333333,0.8672566371681416
sona,R_8HpDlFaj5KpJHWh,dominująca,15,0.9333333333333333,0.8648648648648649
sona,R_8QYtvP2BpLei1KV,dominująca,15,0.9333333333333333,0.8571428571428572
sona,R_8mPZ0BrRbr3SX9n,dominująca,15,0.9333333333333333,0.8648648648648649
sona,R_8pYBAIZDPfWjeKS,dominująca,15,0.9333333333333333,0.8648648648648649
sona,R_8yGuRLyhrfrdkU9,dominująca,15,0.9333333333333333,0.8571428571428572
sona,R_2JmzDvo2jcmDU9V,dominująca,15,0.8666666666666667,0.7321428571428572
sona,R_8akmneFUUjSHBaN,dominująca,15,0.8666666666666667,0.7321428571428572
sona,R_8z6Yum5AlPCFZ4u,dominująca,15,0.8666666666666667,0.7272727272727274
sona,R_22E6TXAVLBDn6BH,dominująca,15,0.8,0.5945945945945946
sona,R_23HVULesiPgbQwV,dominująca,15,0.8,0.5714285714285715
sona,R_2YaLgr8cVfa2tJH,dominująca,15,0.8,0.5454545454545455
sona,R_2dTnLsnLxswgoX3,dominująca,15,0.8,0.44444444444444436
sona,R_831EdNmqogtawkO,dominująca,15,0.8,0.5263157894736844
sona,R_8OIUoEHQVpeJarY,dominująca,15,0.8,0.5714285714285715
sona,R_8nCt30i4EXVP6Sc,dominująca,15,0.8,0.6017699115044248
sona,R_8wLErHAv9qykBWf,dominująca,15,0.8,0.5714285714285715
sona,R_2FEeIHBeIdEPRhH,dominująca,15,0.7333333333333333,0.33333333333333326
sona,R_2pWyiGTtOFmM3GH,dominująca,15,0.7333333333333333,0.4545454545454545
sona,R_8CUN9iDccD9cuiV,dominująca,15,0.7333333333333333,0.4444444444444443
sona,R_8TObtt8XDpjE9lY,dominująca,15,0.7333333333333333,0.4736842105263157
sona,R_2GZsHTpvGAagtDb,dominująca,15,0.6,0.24999999999999994
sona,R_2tGN59Avfwn7WtH,dominująca,15,0.6,0.19642857142857137
sona,R_82Md305s36JCDOS,dominująca,15,0.6,0.19642857142857137
sona,R_8epWxH3BeTmeJjP,dominująca,15,0.4666666666666667,-0.3333333333333336
sona,R_8OCUxnOYFoZ5lT0,dominująca,15,0.3333333333333333,-0.31578947368421045
sona,R_2fiNQCzQ3W0soMV,godna zaufania,15,1.0,1.0
sona,R_2jexmBEtfynGV2m,godna zaufania,15,1.0,1.0
sona,R_8KGtC5fMSiY7EIY,godna zaufania,15,1.0,1.0
sona,R_8qxJkD6tscXj0Jt,godna zaufania,15,1.0,1.0
sona,R_8yPXPdT417alx73,godna zaufania,15,1.0,1.0
sona,R_2jdDNiEcbMQa8lI,godna zaufania,15,0.9333333333333333,0.8648648648648649
sona,R_2jqW8a2q3fPiWG2,godna zaufania,15,0.9333333333333333,0.8648648648648649
sona,R_2llqgUIrMxS3fYP,godna zaufania,15,0.9333333333333333,0.8648648648648649
sona,R_8IsA90Bd2dtc6BZ,godna zaufania,15,0.9333333333333333,0.8648648648648649
sona,R_8N2XpXRYHo9wgVP,godna zaufania,15,0.9333333333333333,0.8648648648648649
sona,R_2ERpvbmNDuFaAzn,godna zaufania,15,0.8666666666666667,0.7272727272727274
sona,R_2MXNfqOmH1nnHql,godna zaufania,15,0.8666666666666667,0.736842105263158
sona,R_2Q0dGUAqZVluv4T,godna zaufania,15,0.8666666666666667,0.7272727272727274
sona,R_2eiqW3R9Qq0vkVH,godna zaufania,15,0.8666666666666667,0.736842105263158
sona,R_2o6W8lpGIDrXx2q,godna zaufania,15,0.8666666666666667,0.736842105263158
sona,R_820hF2hOxnzoe6z,godna zaufania,15,0.8666666666666667,0.736842105263158
sona,R_8GZJlHVMv1fE4pw,godna zaufania,15,0.8666666666666667,0.7321428571428572
sona,R_8MTOfMyHFffFC1P,godna zaufania,15,0.8666666666666667,0.736842105263158
sona,R_8frAmrxtGKUzJG9,godna zaufania,15,0.8666666666666667,0.7222222222222223
sona,R_8wEwP2WcgoAv6B7,godna zaufania,15,0.8666666666666667,0.7272727272727274
sona,R_2EpL0foAA4SCGtP,godna zaufania,15,0.8,0.5945945945945946
sona,R_2J2iX9Jxo6msXLG,godna zaufania,15,0.8,0.5714285714285715
sona,R_2fP0SsooV0znIro,godna zaufania,15,0.8,0.5454545454545455
sona,R_8C8AmE30zrluKnp,godna zaufania,15,0.8,0.5945945945945946
sona,R_8CUN9iDccD9cuiV,godna zaufania,15,0.8,0.5714285714285715
sona,R_8OJPPFarsdQ4uot,godna zaufania,15,0.8,0.6017699115044248
sona,R_8bwpDM6rgvTJtTz,godna zaufania,15,0.8,0.5945945945945946
sona,R_8oRASnZkneeZhum,godna zaufania,15,0.8,0.6017699115044248
sona,R_2OTdexRZJAjNRSh,godna zaufania,15,0.7333333333333333,0.39999999999999986
sona,R_8lQTlYUSNSlipGh,godna zaufania,15,0.7333333333333333,0.4642857142857142
sona,R_8Jyr5B6qgYIje2W,godna zaufania,15,0.6666666666666666,0.3243243243243242
sona,R_8P4UBE1iFvgdNej,godna zaufania,15,0.6666666666666666,0.3243243243243242
sona,R_2kOeOUl9U8pZkdG,godna zaufania,15,0.6,0.0999999999999999
sona,R_2lE36vX0AjxY8Pz,godna zaufania,15,0.6,0.18181818181818185
sona,R_2pWyiGTtOFmM3GH,godna zaufania,15,0.6,0.18181818181818185
sona,R_2tGN59Avfwn7WtH,godna zaufania,15,0.6,0.2105263157894737
sona,R_8h42ePUr5SfHQpr,godna zaufania,15,0.5333333333333333,0.05405405405405396
sona,R_8oAQF8lcUkjVjP3,godna zaufania,15,0.5333333333333333,0.22222222222222218
sona,R_831EdNmqogtawkO,godna zaufania,15,0.4,-0.15384615384615377
sona,R_82VLzjp18BOoJNE,godna zaufania,15,0.0,-0.923076923076923
sona,R_2VD3AwkNTz43mn8,gruba,15,1.0,1.0
sona,R_2gdwEszE40xqAYV,gruba,15,1.0,1.0
sona,R_8aBU9cu020D8KK5,gruba,15,1.0,1.0
sona,R_22W8LXO5dsjs7I0,gruba,15,0.9333333333333333,0.8571428571428572
sona,R_2D6Ue4v0nQ9FAYE,gruba,15,0.9333333333333333,0.8648648648648649
sona,R_2eiqW3R9Qq0vkVH,gruba,15,0.9333333333333333,0.8571428571428572
sona,R_8BkX6N8ubtON5OP,gruba,15,0.9333333333333333,0.8648648648648649
sona,R_8KGtC5fMSiY7EIY,gruba,15,0.9333333333333333,0.8648648648648649
sona,R_8M2KWoSC3AfTa3T,gruba,15,0.9333333333333333,0.8571428571428572
sona,R_8fZZpX8xhFeOoOB,gruba,15,0.9333333333333333,0.8648648648648649
sona,R_8wLErHAv9qykBWf,gruba,15,0.9333333333333333,0.8672566371681416
sona,R_8yPXPdT417alx73,gruba,15,0.9333333333333333,0.8648648648648649
sona,R_20bK7JJYFFySo6X,gruba,15,0.8666666666666667,0.7321428571428572
sona,R_2LbLoolDloS8xhf,gruba,15,0.8666666666666667,0.736842105263158
sona,R_2PpMA8UKD9Ng8DU,gruba,15,0.8666666666666667,0.7321428571428572
sona,R_2c5ARRhNbCEWnIg,gruba,15,0.8666666666666667,0.6666666666666667
sona,R_2kbtDarfipHWn61,gruba,15,0.8666666666666667,0.7222222222222223
sona,R_2mlS6SvrF7V5mRo,gruba,15,0.8666666666666667,0.7321428571428572
sona,R_8901bjZCmuVABnv,gruba,15,0.8666666666666667,0.7222222222222223
sona,R_8CKgKR9Dmx8H0AW,gruba,15,0.8666666666666667,0.7222222222222223
sona,R_8N2XpXRYHo9wgVP,gruba,15,0.8666666666666667,0.6666666666666666
sona,R_8VNr21A1RJGWldD,gruba,15,0.8666666666666667,0.7058823529411765
sona,R_8XfEQfIjUQUVrPj,gruba,15,0.8666666666666667,0.7272727272727274
sona,R_8g7PhBnbN2Logyg,gruba,15,0.8666666666666667,0.7272727272727274
sona,R_2a9QXkqRhvnsWWh,gruba,15,0.8,0.6017699115044248
sona,R_8OIUoEHQVpeJarY,gruba,15,0.8,0.6086956521739131
sona,R_2C3ofpkjNp6Zjso,gruba,15,0.7333333333333333,0.4545454545454545
sona,R_2kOeOUl9U8pZkdG,gruba,15,0.7333333333333333,0.4736842105263157
sona,R_80irPMbQXGJidmt,gruba,15,0.7333333333333333,0.4736842105263157
sona,R_85vzWLJpQPy8Kkf,gruba,15,0.6666666666666666,0.28571428571428564
sona,R_2qtDPjJegydxweB,gruba,15,0.6,0.0999999999999999
sona,R_8LnkreZkmJJ6AkG,gruba,15,0.6,0.19642857142857137
sona,R_8x9uBktrOYYP8s1,gruba,15,0.6,0.1666666666666666
sona,R_8OCUxnOYFoZ5lT0,gruba,15,0.5333333333333333,0.10256410256410257
sona,R_236Uo8MJ5OZLrEe,gruba,15,0.4666666666666667,-0.11111111111111113
sona,R_2kbwrk21hRrNzY1,gruba,15,0.4666666666666667,-0.052631578947368314
sona,R_2PpMA8UKD9Ng8DU,inteligentna (smart),15,1.0,1.0
sona,R_8KGtC5fMSiY7EIY,inteligentna (smart),15,1.0,1.0
sona,R_8thd5zDFjORPUuu,inteligentna (smart),15,1.0,1.0
sona,R_2HRuqdiepTq4aat,inteligentna (smart),15,0.9333333333333333,0.8648648648648649
sona,R_2LiLxVDUUx1BDxL,inteligentna (smart),15,0.9333333333333333,0.8672566371681416
sona,R_2VD3AwkNTz43mn8,inteligentna (smart),15,0.9333333333333333,0.8421052631578948
sona,R_2lJ5kP0DdIuQM5r,inteligentna (smart),15,0.9333333333333333,0.8421052631578948
sona,R_8GZJlHVMv1fE4pw,inteligentna (smart),15,0.9333333333333333,0.8648648648648649
sona,R_8IsA90Bd2dtc6BZ,inteligentna (smart),15,0.9333333333333333,0.8648648648648649
sona,R_8WO28Tx2xvUGX56,inteligentna (smart),15,0.9333333333333333,0.8421052631578948
sona,R_8YaZJauHTpJONSc,inteligentna (smart),15,0.9333333333333333,0.8648648648648649
sona,R_8Z17QUmts1Ye7El,inteligentna (smart),15,0.9333333333333333,0.8648648648648649
sona,R_8frAmrxtGKUzJG9,inteligentna (smart),15,0.9333333333333333,0.8571428571428572
sona,R_8x9uBktrOYYP8s1,inteligentna (smart),15,0.9333333333333333,0.8648648648648649
sona,R_8BkX6N8ubtON5OP,inteligentna (smart),15,0.8666666666666667,0.736842105263158
sona,R_21ZJr3HeQ3LDpwP,inteligentna (smart),15,0.8,0.5945945945945946
sona,R_2dQ7PRahibPCwy9,inteligentna (smart),15,0.8,0.5263157894736844
sona,R_2hQpD8Qkhs4cQdG,inteligentna (smart),15,0.8,0.6017699115044248
sona,R_2mesX3VUtmPecpx,inteligentna (smart),15,0.8,0.5714285714285715
sona,R_2tGaeB0Rw0AKgzp,inteligentna (smart),15,0.8,0.5714285714285715
sona,R_8HpDlFaj5KpJHWh,inteligentna (smart),15,0.8,0.5945945945945946
sona,R_8z61U5b5XAbMjwm,inteligentna (smart),15,0.8,0.6017699115044248
sona,R_2JmzDvo2jcmDU9V,inteligentna (smart),15,0.7333333333333333,0.4736842105263157
sona,R_2Qd40IhrslLElDX,inteligentna (smart),15,0.7333333333333333,0.4736842105263157
sona,R_8PRXnZvtGp1EaXh,inteligentna (smart),15,0.7333333333333333,0.4999999999999999
sona,R_8wzwCv6o850dj4x,inteligentna (smart),15,0.7333333333333333,0.4545454545454545
sona,R_2fPfNU5G7OmK7Wn,inteligentna (smart),15,0.6666666666666666,0.3589743589743589
sona,R_2kbwrk21hRrNzY1,inteligentna (smart),15,0.6666666666666666,0.3589743589743589
sona,R_2bTY2oEOjFEyfmf,inteligentna (smart),15,0.6,0.18181818181818185
sona,R_23HVULesiPgbQwV,inteligentna (smart),15,0.5333333333333333,0.07079646017699116
sona,R_831EdNmqogtawkO,inteligentna (smart),15,0.5333333333333333,0.03669724770642203
sona,R_8pEwGHwxiG6oci5,inteligentna (smart),15,0.5333333333333333,0.07079646017699116
sona,R_8wLErHAv9qykBWf,inteligentna (smart),15,0.5333333333333333,0.07079646017699116
sona,R_22mpf5qMRO2SfRS,inteligentna (smart),15,0.4,0.014598540145985314
sona,R_8PhpgZYybwSlQc3,inteligentna (smart),15,0.4,-0.19469026548672558
sona,R_2jdDNiEcbMQa8lI,inteligentna (smart),15,0.2,-0.38461538461538475
sona,R_2Rkr5lm9pV8Niff,konserwatywna,15,1.0,1.0
sona,R_8ECFDYR9v7l96RX,konserwatywna,15,1.0,1.0
sona,R_8Ztk6XNL1c9hQyZ,konserwatywna,15,1.0,1.0
sona,R_8otqa07CbenDlsW,konserwatywna,15,1.0,1.0
sona,R_217mEwshu1DoGcs,konserwatywna,15,0.9333333333333333,0.8648648648648649
sona,R_24f7ZHQwT2kAHxH,konserwatywna,15,0.9333333333333333,0.8421052631578948
sona,R_2SeEZMFuKIshGMh,konserwatywna,15,0.9333333333333333,0.8571428571428572
sona,R_8IsA90Bd2dtc6BZ,konserwatywna,15,0.9333333333333333,0.8672566371681416
sona,R_8XfEQfIjUQUVrPj,konserwatywna,15,0.9333333333333333,0.8571428571428572
sona,R_8ewOII4xGm9bHpX,konserwatywna,15,0.9333333333333333,0.8672566371681416
sona,R_29agfJe1C4E8JHj,konserwatywna,15,0.8666666666666667,0.7321428571428572
sona,R_2D6Ue4v0nQ9FAYE,konserwatywna,15,0.8666666666666667,0.736842105263158
sona,R_2dQ7PRahibPCwy9,konserwatywna,15,0.8666666666666667,0.7321428571428572
sona,R_2o6W8lpGIDrXx2q,konserwatywna,15,0.8666666666666667,0.7058823529411765
sona,R_2xdf3IJbox6YZIl,konserwatywna,15,0.8666666666666667,0.736842105263158
sona,R_820hF2hOxnzoe6z,konserwatywna,15,0.8666666666666667,0.7321428571428572
sona,R_8901bjZCmuVABnv,konserwatywna,15,0.8666666666666667,0.7272727272727274
sona,R_8TObtt8XDpjE9lY,konserwatywna,15,0.8666666666666667,0.7272727272727274
sona,R_8h4sOzk2eaMpQdw,konserwatywna,15,0.8666666666666667,0.7321428571428572
sona,R_8zIyCHPQlOFtMfp,konserwatywna,15,0.8666666666666667,0.7272727272727274
sona,R_2fP0SsooV0znIro,konserwatywna,15,0.8,0.5714285714285715
sona,R_2kbtDarfipHWn61,konserwatywna,15,0.8,0.5945945945945946
sona,R_814j24CnwNOgJMZ,konserwatywna,15,0.8,0.5945945945945946
sona,R_8B8UY0sNTNHd7wN,konserwatywna,15,0.8,0.5714285714285715
sona,R_8ZE3E9hd0NFUtwJ,konserwatywna,15,0.8,0.6017699115044248
sona,R_8dQ1czkOAue0Ur7,konserwatywna,15,0.8,0.5714285714285715
sona,R_8mPZ0BrRbr3SX9n,konserwatywna,15,0.8,0.6153846153846155
sona,R_2xyNffEebbPWcHT,konserwatywna,15,0.7333333333333333,0.4999999999999999
sona,R_8yGuRLyhrfrdkU9,konserwatywna,15,0.7333333333333333,0.3181818181818182
sona,R_2dTnLsnLxswgoX3,konserwatywna,15,0.6666666666666666,0.3243243243243242
sona,R_8QYtvP2BpLei1KV,konserwatywna,15,0.6666666666666666,0.24242424242424243
sona,R_8oj8U9ynyrfJwKt,konserwatywna,15,0.6,0.18181818181818185
sona,R_8BeEysXo7okLDqx,konserwatywna,15,0.5333333333333333,0.08695652173913035
sona,R_8DfMbiNs80WAMX7,konserwatywna,15,0.5333333333333333,0.0
sona,R_2fiNQCzQ3W0soMV,konserwatywna,15,0.4666666666666667,-0.0909090909090908
sona,R_8jOME4qZnEBZtGJ,konserwatywna,15,0.4666666666666667,-0.11111111111111113
sona,R_24k0lsNV5uLKukx,konserwatywna,15,0.4,-0.19469026548672558
sona,R_292A4DkffLAMsRH,konserwatywna,15,0.4,-0.21621621621621628
sona,R_8HwZIUGE6skavWp,konserwatywna,15,0.4,-0.28571428571428564
sona,R_8PhpgZYybwSlQc3,konserwatywna,15,0.3333333333333333,-0.31578947368421045
sona,R_8K15nc72BKQAzmv,konserwatywna,15,0.2,-0.5789473684210524
sona,R_2kyIzIlgyrnP5PH,konserwatywna,15,0.13333333333333333,-0.7256637168141593
sona,R_2LLqlyKmBrcR56D,latynoamerykańska,15,1.0,1.0
sona,R_2rSOwMvrDKxgjeF,latynoamerykańska,15,1.0,1.0
sona,R_8fZZpX8xhFeOoOB,latynoamerykańska,15,1.0,1.0
sona,R_8mPZ0BrRbr3SX9n,latynoamerykańska,15,1.0,1.0
sona,R_217mEwshu1DoGcs,latynoamerykańska,15,0.9333333333333333,0.8672566371681416
sona,R_2BVhJ01f6xwwlqU,latynoamerykańska,15,0.9333333333333333,0.8648648648648649
sona,R_2ZKMPAC4qIXurNp,latynoamerykańska,15,0.9333333333333333,0.8648648648648649
sona,R_2nZIRvb5G2mdDy1,latynoamerykańska,15,0.9333333333333333,0.8148148148148148
sona,R_2soF0hJ87ULrfKZ,latynoamerykańska,15,0.9333333333333333,0.8648648648648649
sona,R_2tGaeB0Rw0AKgzp,latynoamerykańska,15,0.9333333333333333,0.8648648648648649
sona,R_814j24CnwNOgJMZ,latynoamerykańska,15,0.9333333333333333,0.8648648648648649
sona,R_8CC0I2MyJjddKzn,latynoamerykańska,15,0.9333333333333333,0.8421052631578948
sona,R_8I1N0EoYUnL2Agx,latynoamerykańska,15,0.9333333333333333,0.8672566371681416
sona,R_8bwpDM6rgvTJtTz,latynoamerykańska,15,0.9333333333333333,0.8648648648648649
sona,R_8qxJkD6tscXj0Jt,latynoamerykańska,15,0.9333333333333333,0.8421052631578948
sona,R_8wwZfmpJh6gboHv,latynoamerykańska,15,0.9333333333333333,0.8672566371681416
sona,R_2DjbswksOLb8bZg,latynoamerykańska,15,0.8666666666666667,0.7321428571428572
sona,R_2FEeIHBeIdEPRhH,latynoamerykańska,15,0.8666666666666667,0.6666666666666666
sona,R_8BkX6N8ubtON5OP,latynoamerykańska,15,0.8666666666666667,0.7321428571428572
sona,R_8OJPPFarsdQ4uot,latynoamerykańska,15,0.8666666666666667,0.7000000000000001
sona,R_8PZOcw2f7p1o1Z2,latynoamerykańska,15,0.8666666666666667,0.7222222222222223
sona,R_8rP6JJOnzrzdhL6,latynoamerykańska,15,0.8666666666666667,0.7272727272727274
sona,R_8yPXPdT417alx73,latynoamerykańska,15,0.8666666666666667,0.7321428571428572
sona,R_21jjZL9PXJhBJiw,latynoamerykańska,15,0.8,0.5945945945945946
sona,R_24k0lsNV5uLKukx,latynoamerykańska,15,0.8,0.5945945945945946
sona,R_8x0bXJliFrXHQDn,latynoamerykańska,15,0.7333333333333333,0.3181818181818178
sona,R_292A4DkffLAMsRH,latynoamerykańska,15,0.6666666666666666,0.3243243243243242
sona,R_2qPSKNjrbzVIMHH,latynoamerykańska,15,0.6666666666666666,0.3243243243243242
sona,R_8LnkreZkmJJ6AkG,latynoamerykańska,15,0.6666666666666666,0.3119266055045871
sona,R_2SiCH42FLphpa2v,latynoamerykańska,15,0.6,0.19642857142857137
sona,R_8h42ePUr5SfHQpr,latynoamerykańska,15,0.6,0.2105263157894737
sona,R_2CKgJswVYfvCqao,latynoamerykańska,15,0.5333333333333333,0.05405405405405396
sona,R_2fTZXKVl8zncSat,latynoamerykańska,15,0.5333333333333333,0.03669724770642203
sona,R_2mBRf1FbUj0rbxv,latynoamerykańska,15,0.5333333333333333,0.08695652173913035
sona,R_2HhjKf7IGE66xCu,latynoamerykańska,15,0.4666666666666667,-0.0909090909090908
sona,R_2jdDNiEcbMQa8lI,latynoamerykańska,15,0.4666666666666667,-0.11111111111111113
sona,R_8MQgNdkCSJyZybr,latynoamerykańska,15,0.4,-0.21621621621621628
sona,R_2C3ofpkjNp6Zjso,męska,15,1.0,1.0
sona,R_2jexmBEtfynGV2m,męska,15,1.0,1.0
sona,R_2wMoyUloPtz16k4,męska,15,1.0,1.0
sona,R_81ikc1ZMamjYnay,męska,15,1.0,1.0
sona,R_8M9xgaJ1c9mD0uS,męska,15,1.0,1.0
sona,R_8l3LNO6DqJ49Ysb,męska,15,1.0,1.0
sona,R_8oKZ2b1RsAn6Dbb,męska,15,1.0,1.0
sona,R_8pYBAIZDPfWjeKS,męska,15,1.0,1.0
sona,R_8wzwCv6o850dj4x,męska,15,1.0,1.0
sona,R_2HRuqdiepTq4aat,męska,15,0.9333333333333333,0.8672566371681416
sona,R_2MDV0wS9xAX8t1I,męska,15,0.9333333333333333,0.8571428571428572
sona,R_2SeEZMFuKIshGMh,męska,15,0.9333333333333333,0.8648648648648649
sona,R_2hQpD8Qkhs4cQdG,męska,15,0.9333333333333333,0.8571428571428572
sona,R_2soF0hJ87ULrfKZ,męska,15,0.9333333333333333,0.8571428571428572
sona,R_2wnPTCaJdHyzMXJ,męska,15,0.9333333333333333,0.8648648648648649
sona,R_8QYtvP2BpLei1KV,męska,15,0.9333333333333333,0.8648648648648649
sona,R_8g7PhBnbN2Logyg,męska,15,0.9333333333333333,0.8571428571428572
sona,R_8mRguUkUm5DCNF7,męska,15,0.9333333333333333,0.8648648648648649
sona,R_8rP6JJOnzrzdhL6,męska,15,0.9333333333333333,0.8571428571428572
sona,R_2Qd40IhrslLElDX,męska,15,0.8666666666666667,0.736842105263158
sona,R_2S7UpXqKsWpMPDt,męska,15,0.8666666666666667,0.5945945945945947
sona,R_2ZKMPAC4qIXurNp,męska,15,0.8666666666666667,0.736842105263158
sona,R_2dz01s8RyTLWEff,męska,15,0.8666666666666667,0.7272727272727274
sona,R_2kOeOUl9U8pZkdG,męska,15,0.8666666666666667,0.6666666666666667
sona,R_8C1uNUvwkOvFCHk,męska,15,0.8666666666666667,0.736842105263158
sona,R_8FLNRl8BkMLdDpT,męska,15,0.8666666666666667,0.7321428571428572
sona,R_8WO28Tx2xvUGX56,męska,15,0.8666666666666667,0.7321428571428572
sona,R_2MKYEZm0605CsUf,męska,15,0.8,0.6017699115044248
sona,R_2OifcPaRwNVFvPj,męska,15,0.8,0.6017699115044248
sona,R_8B8UY0sNTNHd7wN,męska,15,0.8,0.5714285714285715
sona,R_23HVULesiPgbQwV,męska,15,0.7333333333333333,0.4642857142857142
sona,R_2mBRf1FbUj0rbxv,męska,15,0.7333333333333333,0.4736842105263157
sona,R_20uWJ6ZOQKqKfg5,męska,15,0.6666666666666666,0.33628318584070793
sona,R_8siJXvBRm3MsUF3,męska,15,0.6666666666666666,0.33628318584070793
sona,R_8Jyr5B6qgYIje2W,męska,15,0.4666666666666667,-0.052631578947368314
sona,R_8Ztk6XNL1c9hQyZ,męska,15,0.3333333333333333,-0.31578947368421045
sona,R_22W8LXO5dsjs7I0,pochodząca z Bliskiego Wschodu,15,1.0,1.0
sona,R_2HRuqdiepTq4aat,pochodząca z Bliskiego Wschodu,15,1.0,1.0
sona,R_2VGYCleRnioFIUp,pochodząca z Bliskiego Wschodu,15,1.0,1.0
sona,R_2gdwEszE40xqAYV,pochodząca z Bliskiego Wschodu,15,1.0,1.0
sona,R_8VNr21A1RJGWldD,pochodząca z Bliskiego Wschodu,15,1.0,1.0
sona,R_8ZE3E9hd0NFUtwJ,pochodząca z Bliskiego Wschodu,15,1.0,1.0
sona,R_2OTdexRZJAjNRSh,pochodząca z Bliskiego Wschodu,15,0.9333333333333333,0.8648648648648649
sona,R_2Rkr5lm9pV8Niff,pochodząca z Bliskiego Wschodu,15,0.9333333333333333,0.8571428571428572
sona,R_2c5ARRhNbCEWnIg,pochodząca z Bliskiego Wschodu,15,0.9333333333333333,0.8148148148148149
sona,R_2papSbrDzPlC3RE,pochodząca z Bliskiego Wschodu,15,0.9333333333333333,0.8672566371681416
sona,R_2uIJsCCpIu6Azmy,pochodząca z Bliskiego Wschodu,15,0.9333333333333333,0.8672566371681416
sona,R_8C8AmE30zrluKnp,pochodząca z Bliskiego Wschodu,15,0.9333333333333333,0.8672566371681416
sona,R_8QgW6dERARzJOvV,pochodząca z Bliskiego Wschodu,15,0.9333333333333333,0.8571428571428572
sona,R_8aBU9cu020D8KK5,pochodząca z Bliskiego Wschodu,15,0.9333333333333333,0.8648648648648649
sona,R_2eiqW3R9Qq0vkVH,pochodząca z Bliskiego Wschodu,15,0.8666666666666667,0.7000000000000001
sona,R_2qPSKNjrbzVIMHH,pochodząca z Bliskiego Wschodu,15,0.8666666666666667,0.7000000000000001
sona,R_8OIUoEHQVpeJarY,pochodząca z Bliskiego Wschodu,15,0.8666666666666667,0.7222222222222223
sona,R_8TObtt8XDpjE9lY,pochodząca z Bliskiego Wschodu,15,0.8666666666666667,0.7321428571428572
sona,R_2arRGLWci5s7i9Q,pochodząca z Bliskiego Wschodu,15,0.8,0.5714285714285715
sona,R_2fP0SsooV0znIro,pochodząca z Bliskiego Wschodu,15,0.8,0.5945945945945946
sona,R_2rBB242xU1IKXVD,pochodząca z Bliskiego Wschodu,15,0.8,0.5714285714285715
sona,R_8dQ1czkOAue0Ur7,pochodząca z Bliskiego Wschodu,15,0.8,0.6017699115044248
sona,R_2Ix8oeFhSVxwIVz,pochodząca z Bliskiego Wschodu,15,0.7333333333333333,0.4827586206896551
sona,R_2pSG6CEeiiG7oTQ,pochodząca z Bliskiego Wschodu,15,0.7333333333333333,0.4444444444444443
sona,R_82Md305s36JCDOS,pochodząca z Bliskiego Wschodu,15,0.7333333333333333,0.4736842105263157
sona,R_8Z17QUmts1Ye7El,pochodząca z Bliskiego Wschodu,15,0.7333333333333333,0.4545454545454545
sona,R_8ewOII4xGm9bHpX,pochodząca z Bliskiego Wschodu,15,0.7333333333333333,0.4736842105263157
sona,R_2bTY2oEOjFEyfmf,pochodząca z Bliskiego Wschodu,15,0.6666666666666666,0.3243243243243242
sona,R_2lYQMy40XvMlLaK,pochodząca z Bliskiego Wschodu,15,0.6666666666666666,0.33628318584070793
sona,R_8hT3LD6zmsdXrEQ,pochodząca z Bliskiego Wschodu,15,0.6666666666666666,0.3902439024390243
sona,R_2GZsHTpvGAagtDb,pochodząca z Bliskiego Wschodu,15,0.4666666666666667,0.0
sona,R_2F5qWgmk7bZ7zI7,pochodząca z Bliskiego Wschodu,15,0.3333333333333333,-0.25000000000000006
sona,R_2MXNfqOmH1nnHql,stara,15,1.0,1.0
sona,R_88HfvEakIR2tJPq,stara,15,1.0,1.0
sona,R_8Br1hjpdm3wBYIz,stara,15,1.0,1.0
sona,R_8PZOcw2f7p1o1Z2,stara,15,1.0,1.0
sona,R_8ZE3E9hd0NFUtwJ,stara,15,1.0,1.0
sona,R_8h4sOzk2eaMpQdw,stara,15,1.0,1.0
sona,R_8ijTHtSP7JUBEFb,stara,15,1.0,1.0
sona,R_8nCt30i4EXVP6Sc,stara,15,1.0,1.0
sona,R_8oKZ2b1RsAn6Dbb,stara,15,1.0,1.0
sona,R_8z6Yum5AlPCFZ4u,stara,15,1.0,1.0
sona,R_2ERpvbmNDuFaAzn,stara,15,0.9333333333333333,0.8421052631578948
sona,R_2SeEZMFuKIshGMh,stara,15,0.9333333333333333,0.8672566371681416
sona,R_2UlFSKBbA0fXdbr,stara,15,0.9333333333333333,0.8648648648648649
sona,R_2papSbrDzPlC3RE,stara,15,0.9333333333333333,0.8672566371681416
sona,R_8QMJsjH7gaLMCfw,stara,15,0.9333333333333333,0.8571428571428572
sona,R_8frAmrxtGKUzJG9,stara,15,0.9333333333333333,0.8672566371681416
sona,R_21gBsGDkegba4Nz,stara,15,0.8666666666666667,0.7272727272727274
sona,R_2Q0dGUAqZVluv4T,stara,15,0.8666666666666667,0.7321428571428572
sona,R_2SiCH42FLphpa2v,stara,15,0.8666666666666667,0.7321428571428572
sona,R_2fiNQCzQ3W0soMV,stara,15,0.8666666666666667,0.7321428571428572
sona,R_8g7PhBnbN2Logyg,stara,15,0.8666666666666667,0.7222222222222223
sona,R_2n72VWpZhtF74Yz,stara,15,0.8,0.5945945945945946
sona,R_8f0BsSrDaruloE9,stara,15,0.8,0.5263157894736843
sona,R_2S7UpXqKsWpMPDt,stara,15,0.7333333333333333,0.4736842105263157
sona,R_2ZKMPAC4qIXurNp,stara,15,0.7333333333333333,0.4827586206896551
sona,R_2etmJyV8IpjTarO,stara,15,0.7333333333333333,0.4642857142857142
sona,R_2wnPTCaJdHyzMXJ,stara,15,0.7333333333333333,0.4545454545454545
sona,R_2CKgJswVYfvCqao,stara,15,0.5333333333333333,0.05405405405405396
sona,R_823Lfan5bWLyFJD,stara,15,0.4,-0.21621621621621628
sona,R_8OCUxnOYFoZ5lT0,stara,15,0.3333333333333333,-0.33928571428571436
sona,R_22W8LXO5dsjs7I0,szczęśliwa,15,1.0,1.0
sona,R_24f7ZHQwT2kAHxH,szczęśliwa,15,1.0,1.0
sona,R_2MXNfqOmH1nnHql,szczęśliwa,15,1.0,1.0
sona,R_2gjRgEQDJfmNhHH,szczęśliwa,15,1.0,1.0
sona,R_83EiaRsq3sC4uL3,szczęśliwa,15,1.0,1.0
sona,R_8901bjZCmuVABnv,szczęśliwa,15,1.0,1.0
sona,R_8h4sOzk2eaMpQdw,szczęśliwa,15,1.0,1.0
sona,R_8kH3CHx9GAYW4bq,szczęśliwa,15,1.0,1.0
sona,R_8qU2Vu7wFG6syFR,szczęśliwa,15,1.0,1.0
sona,R_2arRGLWci5s7i9Q,szczęśliwa,15,0.9333333333333333,0.8571428571428572
sona,R_8C1uNUvwkOvFCHk,szczęśliwa,15,0.9333333333333333,0.8648648648648649
sona,R_8DMBe9kJNfMMUL5,szczęśliwa,15,0.9333333333333333,0.8648648648648649
sona,R_8ECFDYR9v7l96RX,szczęśliwa,15,0.9333333333333333,0.8571428571428572
sona,R_8VX9QDw2kl7FF5L,szczęśliwa,15,0.9333333333333333,0.8148148148148148
sona,R_8nwNhlXKUCeReIC,szczęśliwa,15,0.9333333333333333,0.8672566371681416
sona,R_2Pg7VIYdnuOtQ4h,szczęśliwa,15,0.8666666666666667,0.7272727272727274
sona,R_2VGYCleRnioFIUp,szczęśliwa,15,0.8666666666666667,0.7272727272727274
sona,R_2dTnLsnLxswgoX3,szczęśliwa,15,0.8666666666666667,0.7058823529411765
sona,R_2fPfNU5G7OmK7Wn,szczęśliwa,15,0.8666666666666667,0.7272727272727274
sona,R_2nZIRvb5G2mdDy1,szczęśliwa,15,0.8666666666666667,0.7222222222222223
sona,R_2sdafmNK2rw0mjW,szczęśliwa,15,0.8666666666666667,0.7272727272727274
sona,R_82Md305s36JCDOS,szczęśliwa,15,0.8666666666666667,0.7000000000000001
sona,R_8kEclkm2xqNcZEZ,szczęśliwa,15,0.8666666666666667,0.7058823529411765
sona,R_21jjZL9PXJhBJiw,szczęśliwa,15,0.8,0.44444444444444436
sona,R_2MDV0wS9xAX8t1I,szczęśliwa,15,0.8,0.5945945945945946
sona,R_2Qd40IhrslLElDX,szczęśliwa,15,0.8,0.5714285714285715
sona,R_2UlFSKBbA0fXdbr,szczęśliwa,15,0.8,0.5871559633027524
sona,R_8K15nc72BKQAzmv,szczęśliwa,15,0.8,0.5945945945945946
sona,R_8ZE3E9hd0NFUtwJ,szczęśliwa,15,0.8,0.6017699115044248
sona,R_8iQOYEGZPgaGFgf,szczęśliwa,15,0.8,0.6017699115044248
sona,R_8lQTlYUSNSlipGh,szczęśliwa,15,0.8,0.5714285714285715
sona,R_2qdTvjNEfab2cKi,szczęśliwa,15,0.7333333333333333,0.39999999999999986
sona,R_8C8AmE30zrluKnp,szczęśliwa,15,0.7333333333333333,0.4642857142857142
sona,R_8ebtGY0ZMGLunZI,szczęśliwa,15,0.7333333333333333,0.33333333333333326
sona,R_2EpL0foAA4SCGtP,szczęśliwa,15,0.6,0.2857142857142856
sona,R_2mBRf1FbUj0rbxv,szczęśliwa,15,0.6,0.1666666666666666
sona,R_2o6W8lpGIDrXx2q,szczęśliwa,15,0.6,0.18181818181818185
sona,R_8zXYmUgGIVtXaBc,szczęśliwa,15,0.6,0.19642857142857137
sona,R_2bTY2oEOjFEyfmf,szczęśliwa,15,0.5333333333333333,0.07079646017699116
sona,R_2ZrMRpejZlVgW65,szczęśliwa,15,0.4,-0.09756097560975613
sona,R_2jdDNiEcbMQa8lI,szczęśliwa,15,0.4,-0.08000000000000002
sona,R_2DjbswksOLb8bZg,towarzyska,15,1.0,1.0
sona,R_2Pg7VIYdnuOtQ4h,towarzyska,15,1.0,1.0
sona,R_2PpMA8UKD9Ng8DU,towarzyska,15,1.0,1.0
sona,R_2YPqIyI1gtpJYHL,towarzyska,15,1.0,1.0
sona,R_2qPSKNjrbzVIMHH,towarzyska,15,1.0,1.0
sona,R_2rSOwMvrDKxgjeF,towarzyska,15,1.0,1.0
sona,R_2xyNffEebbPWcHT,towarzyska,15,1.0,1.0
sona,R_8CC0I2MyJjddKzn,towarzyska,15,1.0,1.0
sona,R_8DMBe9kJNfMMUL5,towarzyska,15,1.0,1.0
sona,R_8HpDlFaj5KpJHWh,towarzyska,15,1.0,1.0
sona,R_8I1N0EoYUnL2Agx,towarzyska,15,1.0,1.0
sona,R_8Jyr5B6qgYIje2W,towarzyska,15,1.0,1.0
sona,R_8VNr21A1RJGWldD,towarzyska,15,1.0,1.0
sona,R_8l3LNO6DqJ49Ysb,towarzyska,15,1.0,1.0
sona,R_8qU2Vu7wFG6syFR,towarzyska,15,1.0,1.0
sona,R_8nCt30i4EXVP6Sc,towarzyska,30,0.9666666666666667,0.9327354260089686
sona,R_29agfJe1C4E8JHj,towarzyska,15,0.9333333333333333,0.8648648648648649
sona,R_2FEeIHBeIdEPRhH,towarzyska,15,0.9333333333333333,0.8571428571428572
sona,R_2etmJyV8IpjTarO,towarzyska,15,0.9333333333333333,0.8571428571428572
sona,R_8CUN9iDccD9cuiV,towarzyska,15,0.9333333333333333,0.8571428571428572
sona,R_8ECFDYR9v7l96RX,towarzyska,15,0.9333333333333333,0.8571428571428572
sona,R_8J2j3hDUhyvMqog,towarzyska,15,0.9333333333333333,0.8648648648648649
sona,R_8YaZJauHTpJONSc,towarzyska,15,0.9333333333333333,0.8421052631578948
sona,R_8f0BsSrDaruloE9,towarzyska,15,0.9333333333333333,0.8421052631578948
sona,R_8halVuPP7U9dGAW,towarzyska,15,0.9333333333333333,0.8672566371681416
sona,R_8kEclkm2xqNcZEZ,towarzyska,15,0.9333333333333333,0.8648648648648649
sona,R_8nwNhlXKUCeReIC,towarzyska,15,0.9333333333333333,0.8571428571428572
sona,R_2LLqlyKmBrcR56D,towarzyska,15,0.8666666666666667,0.7222222222222223
sona,R_2OTdexRZJAjNRSh,towarzyska,15,0.8666666666666667,0.736842105263158
sona,R_2jqW8a2q3fPiWG2,towarzyska,15,0.8666666666666667,0.7321428571428572
sona,R_8ewwHNj6iCIU0vY,towarzyska,15,0.8666666666666667,0.7321428571428572
sona,R_8x0bXJliFrXHQDn,towarzyska,15,0.8666666666666667,0.7321428571428572
sona,R_8z61U5b5XAbMjwm,towarzyska,15,0.8666666666666667,0.7321428571428572
sona,R_2KNGvEcyRCoh4fq,towarzyska,30,0.8333333333333334,0.6636771300448431
sona,R_22E6TXAVLBDn6BH,towarzyska,30,0.8,0.6000000000000001
sona,R_292A4DkffLAMsRH,towarzyska,15,0.8,0.6017699115044248
sona,R_2MDV0wS9xAX8t1I,towarzyska,15,0.8,0.5945945945945946
sona,R_2nZIRvb5G2mdDy1,towarzyska,15,0.8,0.5945945945945946
sona,R_2pSG6CEeiiG7oTQ,towarzyska,15,0.8,0.5454545454545456
sona,R_562t5pC73tdJ0g1,towarzyska,15,0.8,0.5714285714285715
sona,R_8C1uNUvwkOvFCHk,towarzyska,15,0.8,0.5871559633027524
sona,R_8K15nc72BKQAzmv,towarzyska,15,0.8,0.5714285714285715
sona,R_8OJPPFarsdQ4uot,towarzyska,15,0.8,0.6017699115044248
sona,R_8ewOII4xGm9bHpX,towarzyska,15,0.8,0.6153846153846155
sona,R_8ngOImNR3GkBfOx,towarzyska,15,0.8,0.5945945945945946
sona,R_25L9ZbMIx5XOiHs,towarzyska,15,0.7333333333333333,0.41176470588235287
sona,R_2eKtTEpmKnrx7Xa,towarzyska,15,0.7333333333333333,0.4545454545454545
sona,R_2rBB242xU1IKXVD,towarzyska,15,0.7333333333333333,0.4642857142857142
sona,R_8IsA90Bd2dtc6BZ,towarzyska,15,0.7333333333333333,0.41176470588235287
sona,R_8qWHNyEYjX3MyoT,towarzyska,15,0.7333333333333333,0.3181818181818182
sona,R_22mpf5qMRO2SfRS,towarzyska,15,0.6666666666666666,0.3589743589743589
sona,R_2F5qWgmk7bZ7zI7,towarzyska,15,0.6666666666666666,0.28571428571428564
sona,R_2lJ5kP0DdIuQM5r,towarzyska,15,0.6666666666666666,0.3902439024390243
sona,R_87V9EdZfqqebecK,towarzyska,15,0.6666666666666666,0.2105263157894737
sona,R_8jOME4qZnEBZtGJ,towarzyska,15,0.6666666666666666,0.3243243243243242
sona,R_2HhjKf7IGE66xCu,towarzyska,15,0.6,0.19642857142857137
sona,R_2UlFSKBbA0fXdbr,towarzyska,15,0.6,0.1666666666666666
sona,R_2bTY2oEOjFEyfmf,towarzyska,15,0.6,0.2241379310344827
sona,R_80SWwn3ff520zDa,towarzyska,15,0.6,0.2105263157894737
sona,R_8LnkreZkmJJ6AkG,towarzyska,15,0.6,0.18181818181818185
sona,R_8MQgNdkCSJyZybr,towarzyska,15,0.6,0.2105263157894737
sona,R_8epWxH3BeTmeJjP,towarzyska,15,0.6,-0.022727272727272586
sona,R_8hT3LD6zmsdXrEQ,towarzyska,15,0.6,0.23728813559322026
sona,R_2lE36vX0AjxY8Pz,towarzyska,15,0.5333333333333333,0.07079646017699116
sona,R_85vzWLJpQPy8Kkf,towarzyska,15,0.5333333333333333,0.07079646017699116
sona,R_8HwZIUGE6skavWp,towarzyska,15,0.5333333333333333,0.05405405405405396
sona,R_8ijTHtSP7JUBEFb,towarzyska,15,0.5333333333333333,0.08695652173913035
sona,R_8zXYmUgGIVtXaBc,towarzyska,30,0.5333333333333333,0.08695652173913035
sona,R_21ZJr3HeQ3LDpwP,towarzyska,15,0.4666666666666667,-0.25000000000000006
sona,R_2CKgJswVYfvCqao,towarzyska,15,0.4666666666666667,-0.0909090909090908
sona,R_8QgW6dERARzJOvV,towarzyska,15,0.4666666666666667,-0.052631578947368314
sona,R_8oRASnZkneeZhum,towarzyska,15,0.4666666666666667,-0.25000000000000006
sona,R_2BVhJ01f6xwwlqU,towarzyska,15,0.4,-0.19469026548672558
sona,R_2SiCH42FLphpa2v,towarzyska,15,0.4,-0.19469026548672558
sona,R_23HVULesiPgbQwV,towarzyska,15,0.3333333333333333,-0.31578947368421045
sona,R_20bK7JJYFFySo6X,uprzywilejowana,15,1.0,1.0
sona,R_2w7DgaIfruupzTr,uprzywilejowana,15,1.0,1.0
sona,R_83wH2oC4E2yZkNK,uprzywilejowana,15,1.0,1.0
sona,R_8DMBe9kJNfMMUL5,uprzywilejowana,15,1.0,1.0
sona,R_8KBl4N9LEupuQmd,uprzywilejowana,15,1.0,1.0
sona,R_2J2iX9Jxo6msXLG,uprzywilejowana,15,0.9333333333333333,0.8648648648648649
sona,R_2ZKMPAC4qIXurNp,uprzywilejowana,15,0.9333333333333333,0.8648648648648649
sona,R_2jexmBEtfynGV2m,uprzywilejowana,15,0.9333333333333333,0.8571428571428572
sona,R_2jqW8a2q3fPiWG2,uprzywilejowana,15,0.9333333333333333,0.8571428571428572
sona,R_2llqgUIrMxS3fYP,uprzywilejowana,15,0.9333333333333333,0.8571428571428572
sona,R_2nZIRvb5G2mdDy1,uprzywilejowana,15,0.9333333333333333,0.8648648648648649
sona,R_814j24CnwNOgJMZ,uprzywilejowana,15,0.9333333333333333,0.8148148148148148
sona,R_8BkX6N8ubtON5OP,uprzywilejowana,15,0.9333333333333333,0.8421052631578948
sona,R_8XfEQfIjUQUVrPj,uprzywilejowana,15,0.9333333333333333,0.8648648648648649
sona,R_21gBsGDkegba4Nz,uprzywilejowana,15,0.8666666666666667,0.7222222222222223
sona,R_2LiLxVDUUx1BDxL,uprzywilejowana,15,0.8666666666666667,0.7272727272727274
sona,R_2MXNfqOmH1nnHql,uprzywilejowana,15,0.8666666666666667,0.7000000000000001
sona,R_2fP0SsooV0znIro,uprzywilejowana,15,0.8666666666666667,0.736842105263158
sona,R_2mesX3VUtmPecpx,uprzywilejowana,15,0.8666666666666667,0.7272727272727274
sona,R_81ikc1ZMamjYnay,uprzywilejowana,15,0.8666666666666667,0.736842105263158
sona,R_822DTwmZQwoDR4b,uprzywilejowana,15,0.8666666666666667,0.7058823529411765
sona,R_84ttpQ6yWFuQ0wN,uprzywilejowana,15,0.8666666666666667,0.7222222222222223
sona,R_8QgW6dERARzJOvV,uprzywilejowana,15,0.8666666666666667,0.7321428571428572
sona,R_8g7PhBnbN2Logyg,uprzywilejowana,15,0.8666666666666667,0.7058823529411765
sona,R_8zIyCHPQlOFtMfp,uprzywilejowana,15,0.8666666666666667,0.7321428571428572
sona,R_29agfJe1C4E8JHj,uprzywilejowana,15,0.8,0.6017699115044248
sona,R_2Pg7VIYdnuOtQ4h,uprzywilejowana,15,0.8,0.5945945945945946
sona,R_2QDPekJENo8qBy8,uprzywilejowana,15,0.8,0.5714285714285715
sona,R_2S7UpXqKsWpMPDt,uprzywilejowana,15,0.8,0.5945945945945946
sona,R_83EiaRsq3sC4uL3,uprzywilejowana,15,0.8,0.6086956521739131
sona,R_8MTOfMyHFffFC1P,uprzywilejowana,15,0.8,0.5263157894736844
sona,R_8PRXnZvtGp1EaXh,uprzywilejowana,15,0.8,0.6017699115044248
sona,R_8WO28Tx2xvUGX56,uprzywilejowana,15,0.8,0.5714285714285715
sona,R_2qdTvjNEfab2cKi,uprzywilejowana,15,0.7333333333333333,0.39999999999999986
sona,R_236Uo8MJ5OZLrEe,uprzywilejowana,15,0.6,0.2105263157894737
sona,R_2lE36vX0AjxY8Pz,uprzywilejowana,15,0.6,0.19642857142857137
sona,R_85vzWLJpQPy8Kkf,uprzywilejowana,15,0.6,0.11764705882352942
sona,R_8qWHNyEYjX3MyoT,uprzywilejowana,15,0.6,0.2105263157894737
sona,R_20uWJ6ZOQKqKfg5,uprzywilejowana,15,0.5333333333333333,0.08695652173913035
sona,R_2GZsHTpvGAagtDb,uprzywilejowana,15,0.5333333333333333,0.07079646017699116
sona,R_2tGN59Avfwn7WtH,uprzywilejowana,15,0.5333333333333333,0.05405405405405396
sona,R_8oj8U9ynyrfJwKt,uprzywilejowana,15,0.5333333333333333,0.05405405405405396
sona,R_21ZJr3HeQ3LDpwP,uprzywilejowana,15,0.4,-0.08000000000000002
sona,R_2LbLoolDloS8xhf,urocza (cute),15,1.0,1.0
sona,R_2PpMA8UKD9Ng8DU,urocza (cute),15,1.0,1.0
sona,R_2Rkr5lm9pV8Niff,urocza (cute),15,1.0,1.0
sona,R_2VD3AwkNTz43mn8,urocza (cute),15,1.0,1.0
sona,R_2rSOwMvrDKxgjeF,urocza (cute),15,1.0,1.0
sona,R_2uIJsCCpIu6Azmy,urocza (cute),15,1.0,1.0
sona,R_562t5pC73tdJ0g1,urocza (cute),15,1.0,1.0
sona,R_88HfvEakIR2tJPq,urocza (cute),15,1.0,1.0
sona,R_8CC0I2MyJjddKzn,urocza (cute),15,1.0,1.0
sona,R_8CKgKR9Dmx8H0AW,urocza (cute),15,1.0,1.0
sona,R_8M9xgaJ1c9mD0uS,urocza (cute),15,1.0,1.0
sona,R_8Ztk6XNL1c9hQyZ,urocza (cute),15,1.0,1.0
sona,R_8otqa07CbenDlsW,urocza (cute),15,1.0,1.0
sona,R_8zIyCHPQlOFtMfp,urocza (cute),15,1.0,1.0
sona,R_2LLqlyKmBrcR56D,urocza (cute),15,0.9333333333333333,0.8648648648648649
sona,R_2QDPekJENo8qBy8,urocza (cute),15,0.9333333333333333,0.8571428571428572
sona,R_2VGYCleRnioFIUp,urocza (cute),15,0.9333333333333333,0.8648648648648649
sona,R_2fTZXKVl8zncSat,urocza (cute),15,0.9333333333333333,0.8648648648648649
sona,R_2o6W8lpGIDrXx2q,urocza (cute),15,0.9333333333333333,0.8148148148148149
sona,R_2qdTvjNEfab2cKi,urocza (cute),15,0.9333333333333333,0.8648648648648649
sona,R_8frAmrxtGKUzJG9,urocza (cute),15,0.9333333333333333,0.8571428571428572
sona,R_8z61U5b5XAbMjwm,urocza (cute),15,0.9333333333333333,0.8672566371681416
sona,R_8lQTlYUSNSlipGh,urocza (cute),15,0.8666666666666667,0.7272727272727274
sona,R_22E6TXAVLBDn6BH,urocza (cute),15,0.8,0.5945945945945946
sona,R_2fiNQCzQ3W0soMV,urocza (cute),15,0.8,0.5945945945945946
sona,R_2lJ5kP0DdIuQM5r,urocza (cute),15,0.8,0.5945945945945946
sona,R_2rBB242xU1IKXVD,urocza (cute),15,0.8,0.44444444444444436
sona,R_81dN0ZyH1lCniSV,urocza (cute),15,0.8,0.5945945945945946
sona,R_87U50GMKvwBI0Rb,urocza (cute),15,0.8,0.5945945945945946
sona,R_8iQOYEGZPgaGFgf,urocza (cute),15,0.8,0.5714285714285715
sona,R_87V9EdZfqqebecK,urocza (cute),15,0.7333333333333333,0.41176470588235287
sona,R_823Lfan5bWLyFJD,urocza (cute),15,0.6666666666666666,0.33628318584070793
sona,R_8DfMbiNs80WAMX7,urocza (cute),15,0.6666666666666666,0.28571428571428564
sona,R_8QMJsjH7gaLMCfw,urocza (cute),15,0.6666666666666666,0.33628318584070793
sona,R_8x0bXJliFrXHQDn,urocza (cute),15,0.6666666666666666,0.28571428571428564
sona,R_2SiCH42FLphpa2v,urocza (cute),15,0.6,0.2105263157894737
sona,R_2tGN59Avfwn7WtH,urocza (cute),15,0.5333333333333333,0.05405405405405396
sona,R_2Ix8oeFhSVxwIVz,urocza (cute),15,0.4666666666666667,-0.11111111111111113
sona,R_8PhpgZYybwSlQc3,urocza (cute),15,0.4666666666666667,-0.052631578947368314
sona,R_8hT3LD6zmsdXrEQ,urocza (cute),15,0.4666666666666667,-0.052631578947368314
sona,R_2lE36vX0AjxY8Pz,urocza (cute),15,0.4,-0.19469026548672558
sona,R_8BeEysXo7okLDqx,urocza (cute),15,0.3333333333333333,-0.31578947368421045
sona,R_217mEwshu1DoGcs,zagłosował(a)bym na nią/niego w wyborach,15,1.0,1.0
sona,R_24f7ZHQwT2kAHxH,zagłosował(a)bym na nią/niego w wyborach,15,1.0,1.0
sona,R_27x05xqmcOR3seK,zagłosował(a)bym na nią/niego w wyborach,30,1.0,1.0
sona,R_2dQ7PRahibPCwy9,zagłosował(a)bym na nią/niego w wyborach,15,1.0,1.0
sona,R_2dTnLsnLxswgoX3,zagłosował(a)bym na nią/niego w wyborach,15,1.0,1.0
sona,R_2etmJyV8IpjTarO,zagłosował(a)bym na nią/niego w wyborach,15,1.0,1.0
sona,R_2gdwEszE40xqAYV,zagłosował(a)bym na nią/niego w wyborach,15,1.0,1.0
sona,R_2jexmBEtfynGV2m,zagłosował(a)bym na nią/niego w wyborach,15,1.0,1.0
sona,R_2llqgUIrMxS3fYP,zagłosował(a)bym na nią/niego w wyborach,15,1.0,1.0
sona,R_2soF0hJ87ULrfKZ,zagłosował(a)bym na nią/niego w wyborach,15,1.0,1.0
sona,R_2tGaeB0Rw0AKgzp,zagłosował(a)bym na nią/niego w wyborach,15,1.0,1.0
sona,R_822DTwmZQwoDR4b,zagłosował(a)bym na nią/niego w wyborach,15,1.0,1.0
sona,R_84ttpQ6yWFuQ0wN,zagłosował(a)bym na nią/niego w wyborach,15,1.0,1.0
sona,R_88HfvEakIR2tJPq,zagłosował(a)bym na nią/niego w wyborach,15,1.0,1.0
sona,R_8901bjZCmuVABnv,zagłosował(a)bym na nią/niego w wyborach,15,1.0,1.0
sona,R_8Br1hjpdm3wBYIz,zagłosował(a)bym na nią/niego w wyborach,15,1.0,1.0
sona,R_8CC0I2MyJjddKzn,zagłosował(a)bym na nią/niego w wyborach,15,1.0,1.0
sona,R_8DMBe9kJNfMMUL5,zagłosował(a)bym na nią/niego w wyborach,15,1.0,1.0
sona,R_8I1N0EoYUnL2Agx,zagłosował(a)bym na nią/niego w wyborach,15,1.0,1.0
sona,R_8M9xgaJ1c9mD0uS,zagłosował(a)bym na nią/niego w wyborach,15,1.0,1.0
sona,R_8MTOfMyHFffFC1P,zagłosował(a)bym na nią/niego w wyborach,15,1.0,1.0
sona,R_8h4sOzk2eaMpQdw,zagłosował(a)bym na nią/niego w wyborach,15,1.0,1.0
sona,R_8kEclkm2xqNcZEZ,zagłosował(a)bym na nią/niego w wyborach,15,1.0,1.0
sona,R_8ngOImNR3GkBfOx,zagłosował(a)bym na nią/niego w wyborach,15,1.0,1.0
sona,R_8nwNhlXKUCeReIC,zagłosował(a)bym na nią/niego w wyborach,15,1.0,1.0
sona,R_8pYBAIZDPfWjeKS,zagłosował(a)bym na nią/niego w wyborach,15,1.0,1.0
sona,R_8qxJkD6tscXj0Jt,zagłosował(a)bym na nią/niego w wyborach,15,1.0,1.0
sona,R_8z6Yum5AlPCFZ4u,zagłosował(a)bym na nią/niego w wyborach,15,1.0,1.0
sona,R_2YPqIyI1gtpJYHL,zagłosował(a)bym na nią/niego w wyborach,30,0.9666666666666667,0.9327354260089686
sona,R_2p0GIlNCyu7KmXL,zagłosował(a)bym na nią/niego w wyborach,60,0.9666666666666667,0.9322033898305085
sona,R_8FLNRl8BkMLdDpT,zagłosował(a)bym na nią/niego w wyborach,30,0.9666666666666667,0.9315068493150686
sona,R_8qU2Vu7wFG6syFR,zagłosował(a)bym na nią/niego w wyborach,30,0.9666666666666667,0.9333333333333333
sona,R_22W8LXO5dsjs7I0,zagłosował(a)bym na nią/niego w wyborach,15,0.9333333333333333,0.8571428571428572
sona,R_2DjbswksOLb8bZg,zagłosował(a)bym na nią/niego w wyborach,15,0.9333333333333333,0.8648648648648649
sona,R_2KNGvEcyRCoh4fq,zagłosował(a)bym na nią/niego w wyborach,15,0.9333333333333333,0.8571428571428572
sona,R_2LbLoolDloS8xhf,zagłosował(a)bym na nią/niego w wyborach,15,0.9333333333333333,0.8648648648648649
sona,R_2eKtTEpmKnrx7Xa,zagłosował(a)bym na nią/niego w wyborach,15,0.9333333333333333,0.8571428571428572
sona,R_2n72VWpZhtF74Yz,zagłosował(a)bym na nią/niego w wyborach,15,0.9333333333333333,0.8648648648648649
sona,R_2uIJsCCpIu6Azmy,zagłosował(a)bym na nią/niego w wyborach,15,0.9333333333333333,0.8648648648648649
sona,R_80irPMbQXGJidmt,zagłosował(a)bym na nią/niego w wyborach,15,0.9333333333333333,0.8421052631578948
sona,R_83wH2oC4E2yZkNK,zagłosował(a)bym na nią/niego w wyborach,15,0.9333333333333333,0.8421052631578948
sona,R_8B8UY0sNTNHd7wN,zagłosował(a)bym na nią/niego w wyborach,15,0.9333333333333333,0.8571428571428572
sona,R_8GZJlHVMv1fE4pw,zagłosował(a)bym na nią/niego w wyborach,15,0.9333333333333333,0.8421052631578948
sona,R_8J2j3hDUhyvMqog,zagłosował(a)bym na nią/niego w wyborach,15,0.9333333333333333,0.8571428571428572
sona,R_8YaZJauHTpJONSc,zagłosował(a)bym na nią/niego w wyborach,15,0.9333333333333333,0.8672566371681416
sona,R_8akmneFUUjSHBaN,zagłosował(a)bym na nią/niego w wyborach,30,0.9333333333333333,0.8648648648648649
sona,R_8fZZpX8xhFeOoOB,zagłosował(a)bym na nią/niego w wyborach,15,0.9333333333333333,0.8672566371681416
sona,R_8halVuPP7U9dGAW,zagłosował(a)bym na nią/niego w wyborach,15,0.9333333333333333,0.8648648648648649
sona,R_8mRguUkUm5DCNF7,zagłosował(a)bym na nią/niego w wyborach,30,0.9333333333333333,0.8660714285714286
sona,R_8oKZ2b1RsAn6Dbb,zagłosował(a)bym na nią/niego w wyborach,15,0.9333333333333333,0.8648648648648649
sona,R_8otqa07CbenDlsW,zagłosował(a)bym na nią/niego w wyborach,30,0.9333333333333333,0.8672566371681416
sona,R_8pEwGHwxiG6oci5,zagłosował(a)bym na nią/niego w wyborach,15,0.9333333333333333,0.8421052631578948
sona,R_8rP6JJOnzrzdhL6,zagłosował(a)bym na nią/niego w wyborach,15,0.9333333333333333,0.8421052631578948
sona,R_8wwZfmpJh6gboHv,zagłosował(a)bym na nią/niego w wyborach,15,0.9333333333333333,0.8648648648648649
sona,R_8yGuRLyhrfrdkU9,zagłosował(a)bym na nią/niego w wyborach,15,0.9333333333333333,0.8571428571428572
sona,R_8z61U5b5XAbMjwm,zagłosował(a)bym na nią/niego w wyborach,15,0.9333333333333333,0.8672566371681416
sona,R_2BVhJ01f6xwwlqU,zagłosował(a)bym na nią/niego w wyborach,30,0.9,0.8
sona,R_2ZrMRpejZlVgW65,zagłosował(a)bym na nią/niego w wyborach,30,0.9,0.7982062780269059
sona,R_2hQpD8Qkhs4cQdG,zagłosował(a)bym na nią/niego w wyborach,30,0.9,0.8
sona,R_562t5pC73tdJ0g1,zagłosował(a)bym na nią/niego w wyborach,30,0.9,0.7982062780269059
sona,R_20bK7JJYFFySo6X,zagłosował(a)bym na nią/niego w wyborach,30,0.8666666666666667,0.7285067873303168
sona,R_25L9ZbMIx5XOiHs,zagłosował(a)bym na nią/niego w wyborach,30,0.8666666666666667,0.7235023041474655
sona,R_2C3ofpkjNp6Zjso,zagłosował(a)bym na nią/niego w wyborach,15,0.8666666666666667,0.736842105263158
sona,R_2ERpvbmNDuFaAzn,zagłosował(a)bym na nią/niego w wyborach,15,0.8666666666666667,0.7321428571428572
sona,R_2LLqlyKmBrcR56D,zagłosował(a)bym na nią/niego w wyborach,15,0.8666666666666667,0.5945945945945947
sona,R_2c5ARRhNbCEWnIg,zagłosował(a)bym na nią/niego w wyborach,15,0.8666666666666667,0.736842105263158
sona,R_2gjRgEQDJfmNhHH,zagłosował(a)bym na nią/niego w wyborach,45,0.8666666666666667,0.7332015810276681
sona,R_2kyIzIlgyrnP5PH,zagłosował(a)bym na nią/niego w wyborach,15,0.8666666666666667,0.736842105263158
sona,R_2papSbrDzPlC3RE,zagłosował(a)bym na nią/niego w wyborach,15,0.8666666666666667,0.7222222222222223
sona,R_2xdf3IJbox6YZIl,zagłosował(a)bym na nią/niego w wyborach,30,0.8666666666666667,0.7235023041474655
sona,R_87U50GMKvwBI0Rb,zagłosował(a)bym na nią/niego w wyborach,15,0.8666666666666667,0.7272727272727274
sona,R_8KBl4N9LEupuQmd,zagłosował(a)bym na nią/niego w wyborach,15,0.8666666666666667,0.7272727272727274
sona,R_8PZOcw2f7p1o1Z2,zagłosował(a)bym na nią/niego w wyborach,15,0.8666666666666667,0.7000000000000001
sona,R_8QMJsjH7gaLMCfw,zagłosował(a)bym na nią/niego w wyborach,15,0.8666666666666667,0.7321428571428572
sona,R_8QYtvP2BpLei1KV,zagłosował(a)bym na nią/niego w wyborach,15,0.8666666666666667,0.7272727272727274
sona,R_8dQ1czkOAue0Ur7,zagłosował(a)bym na nią/niego w wyborach,30,0.8666666666666667,0.7321428571428572
sona,R_8iQOYEGZPgaGFgf,zagłosował(a)bym na nią/niego w wyborach,30,0.8666666666666667,0.7297297297297297
sona,R_8kH3CHx9GAYW4bq,zagłosował(a)bym na nią/niego w wyborach,15,0.8666666666666667,0.7222222222222223
sona,R_8wEwP2WcgoAv6B7,zagłosował(a)bym na nią/niego w wyborach,30,0.8666666666666667,0.7297297297297297
sona,R_8wzwCv6o850dj4x,zagłosował(a)bym na nią/niego w wyborach,15,0.8666666666666667,0.7058823529411765
sona,R_8zIyCHPQlOFtMfp,zagłosował(a)bym na nią/niego w wyborach,15,0.8666666666666667,0.7222222222222223
sona,R_2MKYEZm0605CsUf,zagłosował(a)bym na nią/niego w wyborach,30,0.8333333333333334,0.6636771300448431
sona,R_823Lfan5bWLyFJD,zagłosował(a)bym na nią/niego w wyborach,30,0.8333333333333334,0.6666666666666667
sona,R_8M2KWoSC3AfTa3T,zagłosował(a)bym na nią/niego w wyborach,30,0.8333333333333334,0.660633484162896
sona,R_2J2iX9Jxo6msXLG,zagłosował(a)bym na nią/niego w wyborach,15,0.8,0.5263157894736843
sona,R_2MDV0wS9xAX8t1I,zagłosował(a)bym na nią/niego w wyborach,15,0.8,0.5945945945945946
sona,R_2Qd40IhrslLElDX,zagłosował(a)bym na nią/niego w wyborach,15,0.8,0.5263157894736844
sona,R_2arRGLWci5s7i9Q,zagłosował(a)bym na nią/niego w wyborach,15,0.8,0.6017699115044248
sona,R_2dz01s8RyTLWEff,zagłosował(a)bym na nią/niego w wyborach,15,0.8,0.5714285714285715
sona,R_2fPfNU5G7OmK7Wn,zagłosował(a)bym na nią/niego w wyborach,30,0.8,0.5945945945945946
sona,R_2kOeOUl9U8pZkdG,zagłosował(a)bym na nią/niego w wyborach,15,0.8,0.5945945945945946
sona,R_2kbtDarfipHWn61,zagłosował(a)bym na nią/niego w wyborach,15,0.8,0.5714285714285715
sona,R_2pWyiGTtOFmM3GH,zagłosował(a)bym na nią/niego w wyborach,15,0.8,0.5454545454545456
sona,R_2qdTvjNEfab2cKi,zagłosował(a)bym na nią/niego w wyborach,15,0.8,0.5714285714285715
sona,R_8C1uNUvwkOvFCHk,zagłosował(a)bym na nią/niego w wyborach,15,0.8,0.5263157894736843
sona,R_8aBU9cu020D8KK5,zagłosował(a)bym na nią/niego w wyborach,15,0.8,0.5871559633027524
sona,R_8jOME4qZnEBZtGJ,zagłosował(a)bym na nią/niego w wyborach,15,0.8,0.6017699115044248
sona,R_8lQTlYUSNSlipGh,zagłosował(a)bym na nią/niego w wyborach,15,0.8,0.5945945945945946
sona,R_2w7DgaIfruupzTr,zagłosował(a)bym na nią/niego w wyborach,30,0.7666666666666667,0.4615384615384617
sona,R_8oAQF8lcUkjVjP3,zagłosował(a)bym na nią/niego w wyborach,45,0.7555555555555555,0.5074626865671642
sona,R_2Ix8oeFhSVxwIVz,zagłosował(a)bym na nią/niego w wyborach,15,0.7333333333333333,0.4736842105263157
sona,R_2OifcPaRwNVFvPj,zagłosował(a)bym na nią/niego w wyborach,30,0.7333333333333333,0.3939393939393939
sona,R_2Q0dGUAqZVluv4T,zagłosował(a)bym na nią/niego w wyborach,30,0.7333333333333333,0.44700460829493077
sona,R_2fTZXKVl8zncSat,zagłosował(a)bym na nią/niego w wyborach,15,0.7333333333333333,0.4736842105263157
sona,R_2mlS6SvrF7V5mRo,zagłosował(a)bym na nią/niego w wyborach,15,0.7333333333333333,0.4736842105263157
sona,R_2wnPTCaJdHyzMXJ,zagłosował(a)bym na nią/niego w wyborach,15,0.7333333333333333,0.4444444444444443
sona,R_81ikc1ZMamjYnay,zagłosował(a)bym na nią/niego w wyborach,15,0.7333333333333333,0.41176470588235287
sona,R_8OJPPFarsdQ4uot,zagłosował(a)bym na nią/niego w wyborach,15,0.7333333333333333,0.4545454545454545
sona,R_8P4UBE1iFvgdNej,zagłosował(a)bym na nią/niego w wyborach,15,0.7333333333333333,0.41176470588235287
sona,R_8QgW6dERARzJOvV,zagłosował(a)bym na nią/niego w wyborach,15,0.7333333333333333,0.4444444444444443
sona,R_8zDg8XY5mKylTtS,zagłosował(a)bym na nią/niego w wyborach,45,0.7111111111111111,0.4202180376610506
sona,R_2xyNffEebbPWcHT,zagłosował(a)bym na nią/niego w wyborach,15,0.6666666666666666,0.3243243243243242
sona,R_8CUN9iDccD9cuiV,zagłosował(a)bym na nią/niego w wyborach,15,0.6666666666666666,0.28571428571428564
sona,R_8f0BsSrDaruloE9,zagłosował(a)bym na nią/niego w wyborach,15,0.6666666666666666,0.3478260869565216
sona,R_8oRASnZkneeZhum,zagłosował(a)bym na nią/niego w wyborach,15,0.6666666666666666,0.3589743589743589
sona,R_8oj8U9ynyrfJwKt,zagłosował(a)bym na nią/niego w wyborach,30,0.6666666666666666,0.34210526315789475
sona,R_21gBsGDkegba4Nz,zagłosował(a)bym na nią/niego w wyborach,15,0.6,0.2105263157894737
sona,R_2CKgJswVYfvCqao,zagłosował(a)bym na nią/niego w wyborach,15,0.6,0.24999999999999994
sona,R_2UlFSKBbA0fXdbr,zagłosował(a)bym na nią/niego w wyborach,15,0.6,0.2105263157894737
sona,R_2jk1q2NvHiyK5YO,zagłosował(a)bym na nią/niego w wyborach,30,0.6,0.19642857142857137
sona,R_2lYQMy40XvMlLaK,zagłosował(a)bym na nią/niego w wyborach,15,0.6,0.18181818181818185
sona,R_80SWwn3ff520zDa,zagłosował(a)bym na nią/niego w wyborach,15,0.6,0.19642857142857137
sona,R_8MQgNdkCSJyZybr,zagłosował(a)bym na nią/niego w wyborach,15,0.6,0.2241379310344827
sona,R_8OCUxnOYFoZ5lT0,zagłosował(a)bym na nią/niego w wyborach,15,0.6,0.2857142857142856
sona,R_8epWxH3BeTmeJjP,zagłosował(a)bym na nią/niego w wyborach,30,0.6,0.23076923076923075
sona,R_8h42ePUr5SfHQpr,zagłosował(a)bym na nią/niego w wyborach,15,0.6,0.2105263157894737
sona,R_8hT3LD6zmsdXrEQ,zagłosował(a)bym na nią/niego w wyborach,15,0.6,0.24999999999999994
sona,R_22mpf5qMRO2SfRS,zagłosował(a)bym na nią/niego w wyborach,15,0.5333333333333333,0.22222222222222218
sona,R_8BeEysXo7okLDqx,zagłosował(a)bym na nią/niego w wyborach,15,0.5333333333333333,0.05405405405405396
sona,R_8PhpgZYybwSlQc3,zagłosował(a)bym na nią/niego w wyborach,15,0.5333333333333333,0.03669724770642203
sona,R_8ijTHtSP7JUBEFb,zagłosował(a)bym na nią/niego w wyborach,15,0.5333333333333333,0.07079646017699116
sona,R_8siJXvBRm3MsUF3,zagłosował(a)bym na nią/niego w wyborach,15,0.5333333333333333,0.08695652173913035
sona,R_236Uo8MJ5OZLrEe,zagłosował(a)bym na nią/niego w wyborach,30,0.5,-0.02739726027397255
sona,R_2a9QXkqRhvnsWWh,zagłosował(a)bym na nią/niego w wyborach,15,0.4666666666666667,0.0
sona,R_2kbwrk21hRrNzY1,zagłosował(a)bym na nią/niego w wyborach,15,0.4666666666666667,-0.052631578947368314
sona,R_81dN0ZyH1lCniSV,zagłosował(a)bym na nią/niego w wyborach,15,0.4666666666666667,0.0
sona,R_85vzWLJpQPy8Kkf,zagłosował(a)bym na nią/niego w wyborach,15,0.4666666666666667,0.0
sona,R_8HwZIUGE6skavWp,zagłosował(a)bym na nią/niego w wyborach,15,0.4666666666666667,-0.20000000000000004
sona,R_2HhjKf7IGE66xCu,zagłosował(a)bym na nią/niego w wyborach,15,0.4,0.0
sona,R_87V9EdZfqqebecK,zagłosował(a)bym na nią/niego w wyborach,30,0.4,-0.1392405063291139
sona,R_8DfMbiNs80WAMX7,zagłosował(a)bym na nią/niego w wyborach,15,0.4,-0.28571428571428564
sona,R_8rT5rXSzN0dZmzJ,zagłosował(a)bym na nią/niego w wyborach,15,0.4,-0.21621621621621628
sona,R_82VLzjp18BOoJNE,zagłosował(a)bym na nią/niego w wyborach,30,0.36666666666666664,-0.2555066079295154
sona,R_20uWJ6ZOQKqKfg5,zagłosował(a)bym na nią/niego w wyborach,15,0.3333333333333333,-0.29310344827586216
sona,R_8thd5zDFjORPUuu,zagłosował(a)bym na nią/niego w wyborach,15,0.3333333333333333,-0.25000000000000006
sona,R_2VD3AwkNTz43mn8,zarozumiała,15,1.0,1.0
sona,R_2gdwEszE40xqAYV,zarozumiała,15,1.0,1.0
sona,R_8x9uBktrOYYP8s1,zarozumiała,15,1.0,1.0
sona,R_8l3LNO6DqJ49Ysb,zarozumiała,15,0.9333333333333333,0.8571428571428572
sona,R_2LiLxVDUUx1BDxL,zarozumiała,15,0.8666666666666667,0.7321428571428572
sona,R_2OifcPaRwNVFvPj,zarozumiała,15,0.8666666666666667,0.736842105263158
sona,R_2mlS6SvrF7V5mRo,zarozumiała,15,0.8666666666666667,0.7000000000000001
sona,R_2sdafmNK2rw0mjW,zarozumiała,15,0.8666666666666667,0.7000000000000001
sona,R_8CKgKR9Dmx8H0AW,zarozumiała,15,0.8666666666666667,0.7058823529411765
sona,R_8GZJlHVMv1fE4pw,zarozumiała,15,0.8666666666666667,0.7058823529411765
sona,R_8K15nc72BKQAzmv,zarozumiała,15,0.8666666666666667,0.7222222222222223
sona,R_8M9xgaJ1c9mD0uS,zarozumiała,15,0.8666666666666667,0.7272727272727274
sona,R_8ebtGY0ZMGLunZI,zarozumiała,15,0.8666666666666667,0.7222222222222223
sona,R_8ngOImNR3GkBfOx,zarozumiała,15,0.8666666666666667,0.7058823529411765
sona,R_2soF0hJ87ULrfKZ,zarozumiała,15,0.8,0.44444444444444453
sona,R_2wMoyUloPtz16k4,zarozumiała,15,0.8,0.5871559633027524
sona,R_8VX9QDw2kl7FF5L,zarozumiała,15,0.8,0.6017699115044248
sona,R_8aBU9cu020D8KK5,zarozumiała,15,0.8,0.6086956521739131
sona,R_8pEwGHwxiG6oci5,zarozumiała,15,0.8,0.6086956521739131
sona,R_8siJXvBRm3MsUF3,zarozumiała,15,0.8,0.5714285714285715
sona,R_2OTdexRZJAjNRSh,zarozumiała,15,0.7333333333333333,0.24999999999999953
sona,R_2dz01s8RyTLWEff,zarozumiała,15,0.7333333333333333,0.4444444444444443
sona,R_2kyIzIlgyrnP5PH,zarozumiała,15,0.7333333333333333,0.4545454545454545
sona,R_2LbLoolDloS8xhf,zarozumiała,15,0.6666666666666666,0.3902439024390243
sona,R_2jk1q2NvHiyK5YO,zarozumiała,15,0.6666666666666666,0.3589743589743589
sona,R_2wnPTCaJdHyzMXJ,zarozumiała,15,0.6666666666666666,0.3589743589743588
sona,R_2C3ofpkjNp6Zjso,zarozumiała,15,0.6,0.2105263157894737
sona,R_2F5qWgmk7bZ7zI7,zarozumiała,15,0.6,0.19642857142857137
sona,R_2dQ7PRahibPCwy9,zarozumiała,15,0.5333333333333333,0.05405405405405396
sona,R_8wwZfmpJh6gboHv,zarozumiała,15,0.5333333333333333,0.10256410256410257
sona,R_2lYQMy40XvMlLaK,zarozumiała,15,0.4666666666666667,-0.17647058823529402
sona,R_83EiaRsq3sC4uL3,zarozumiała,15,0.4666666666666667,-0.03448275862068966
sona,R_2HhjKf7IGE66xCu,zarozumiała,15,0.4,-0.28571428571428564
